model,document,source,target,relation,model_name,provider,source_type,target_type,source_is_seed,target_is_seed,edge_scope,mean_confidence,passes,chunks,chunk_ids,evidence,evidence_match_rate
arc_apex,A fight for racial equality in Florida,Alabama,Brown v. Board of Education,opposed_to,arc:apex,kcl,place,law,False,False,discovered_discovered,0.7,second_pass,4,second_pass_doc_01_chunk_0004,"In 1956, two years after Brown v. Board of Education, four southern states prevented even a single black pupil from attending a public school with Whites: Mississippi, Alabama, Georgia and Florida.",0.0
arc_apex,A fight for racial equality in Florida,Alvin J. Bronstein,Congress of Racial Equality,associated_with,arc:apex,kcl,person,organisation,False,True,seed_discovered,0.95,second_pass,23,second_pass_doc_01_chunk_0023,he served for nearly half a decade as general counsel to the Brooklyn branch of CORE,1.0
arc_apex,A fight for racial equality in Florida,Alvin J. Bronstein,Freedom Rides,associated_with,arc:apex,kcl,person,event,False,True,seed_discovered,0.85,second_pass,23,second_pass_doc_01_chunk_0023,"when some of the Brooklyn members were arrested as Freedom Riders, Bronstein went to Mississippi to defend them",1.0
arc_apex,A fight for racial equality in Florida,Alvin J. Bronstein,Ku Klux Klan,opposed_to,arc:apex,kcl,person,organisation,False,False,discovered_discovered,0.8,second_pass,22,second_pass_doc_01_chunk_0022,The judge even encouraged Bronstein to sue both the Klan and the National States Rights Party in order to stymie their members from trying to violate the new law.,1.0
arc_apex,A fight for racial equality in Florida,Alvin J. Bronstein,Simpson,associated_with,arc:apex,kcl,person,person,False,False,discovered_discovered,0.85,second_pass,22,second_pass_doc_01_chunk_0022,He met privately with Bronstein and told him that he would 'allow attorneys' fees in any case brought under the Civil Rights Act',0.0
arc_apex,A fight for racial equality in Florida,Alvin J. Bronstein,Southern Christian Leadership Conference,associated_with,arc:apex,kcl,person,organisation,False,True,seed_discovered,0.85,second_pass,17,second_pass_doc_01_chunk_0017,"In attracting lawyers like Kunstler and Alvin J. Bronstein to assist Simon, the SCLC campaign",1.0
arc_apex,A fight for racial equality in Florida,Alvin J. Bronstein,Southern Christian Leadership Conference,collaborated_with,arc:apex,kcl,person,organisation,False,True,seed_discovered,0.9,second_pass,23,second_pass_doc_01_chunk_0023,In August 1964 he filed lawsuits on behalf of the SCLC,1.0
arc_apex,A fight for racial equality in Florida,Alvin J. Bronstein,St Augustine,associated_with,arc:apex,kcl,person,place,False,False,discovered_discovered,0.925,second_pass,23; 25,second_pass_doc_01_chunk_0023; second_pass_doc_01_chunk_0025,"By helping to make the law applicable to St Augustine, Bronstein earned the gratitude of the movement there. || He targeted fifteen motels and restaurants in the St Augustine area and continued to monitor their compliance",1.0
arc_apex,A fight for racial equality in Florida,Alvin J. Bronstein,St Augustine,located_in,arc:apex,kcl,person,place,False,False,discovered_discovered,0.9,second_pass,22,second_pass_doc_01_chunk_0022,The LCDC assigned Bronstein to St Augustine because an experienced litigator was needed there.,1.0
arc_apex,A fight for racial equality in Florida,Alvin J. Bronstein,St Augustine,participated_in,arc:apex,kcl,person,place,False,False,discovered_discovered,0.85,second_pass,1,second_pass_doc_01_chunk_0001,the crisis attracted outside attorneys like Alvin J. Bronstein to protect the rights of protestors,1.0
arc_apex,A fight for racial equality in Florida,Alvin J. Bronstein,Tobias Simon,collaborated_with,arc:apex,kcl,person,person,False,False,discovered_discovered,0.9,second_pass,17,second_pass_doc_01_chunk_0017,Alvin J. Bronstein to assist Simon,1.0
arc_apex,A fight for racial equality in Florida,Andrew Young,Southern Christian Leadership Conference,member_of,arc:apex,kcl,person,organisation,True,True,seed_seed,0.9,second_pass,24,second_pass_doc_01_chunk_0024,Reverend Andrew Young of the SCLC,1.0
arc_apex,A fight for racial equality in Florida,Andrew Young,St Augustine,connected_to,arc:apex,kcl,person,place,True,False,seed_discovered,0.7,second_pass,24,second_pass_doc_01_chunk_0024,a biracial group that included Reverend Andrew Young of the SCLC,1.0
arc_apex,A fight for racial equality in Florida,Birmingham,Alabama,located_in,arc:apex,kcl,place,place,False,False,discovered_discovered,0.9,second_pass,13,second_pass_doc_01_chunk_0013,protests in Alabama communities like Birmingham (1963),1.0
arc_apex,A fight for racial equality in Florida,Brooklyn,Congress of Racial Equality,associated_with,arc:apex,kcl,place,organisation,False,True,seed_discovered,0.9,second_pass,23,second_pass_doc_01_chunk_0023,the Brooklyn branch of CORE,1.0
arc_apex,A fight for racial equality in Florida,Carl Rachlin,Congress of Racial Equality,associated_with,arc:apex,kcl,person,organisation,False,True,seed_discovered,0.9,second_pass,12,second_pass_doc_01_chunk_0012,attorney Carl Rachlin of CORE,1.0
arc_apex,A fight for racial equality in Florida,Carl Rachlin,Israel S. (Sy) Dresner,associated_with,arc:apex,kcl,person,person,False,False,discovered_discovered,0.85,second_pass,12,second_pass_doc_01_chunk_0012,attorney Carl Rachlin of CORE argued his case before the Supreme Court in Dresner v. City of Tallahassee,1.0
arc_apex,A fight for racial equality in Florida,Carl Rachlin,Tobias Simon,collaborated_with,arc:apex,kcl,person,person,False,False,discovered_discovered,0.9,second_pass,12,second_pass_doc_01_chunk_0012,Simon and two other Miami attorneys assisted Rachlin,1.0
arc_apex,A fight for racial equality in Florida,Civil Rights Act 1964,Lyndon Johnson,associated_with,arc:apex,kcl,law,person,False,False,discovered_discovered,0.95,second_pass,22,second_pass_doc_01_chunk_0022,President Johnson signed the Civil Rights Act on 2 July 1964.,1.0
arc_apex,A fight for racial equality in Florida,Civil Rights Act 1964,St Augustine,connected_to,arc:apex,kcl,law,place,False,False,discovered_discovered,0.7749999999999999,second_pass,1; 24,second_pass_doc_01_chunk_0001; second_pass_doc_01_chunk_0024,compliance with the Civil Rights Act was at first begrudging || the crisis in St Augustine that spring and summer served as the inescapable backdrop for the passage of the Civil Rights Act (1964),1.0
arc_apex,A fight for racial equality in Florida,Civil Rights Movement,Brown v. Board of Education,influenced_by,arc:apex,kcl,movement,law,False,False,discovered_discovered,0.9,second_pass,2,second_pass_doc_01_chunk_0002,the movement that had gained momentum in the wake of Brown v. Board of Education (1954),1.0
arc_apex,A fight for racial equality in Florida,Civil Rights Movement,Florida,associated_with,arc:apex,kcl,movement,place,False,False,discovered_discovered,0.85,second_pass,2,second_pass_doc_01_chunk_0002,this essay addresses specifically with regard to the fight in Florida,1.0
arc_apex,A fight for racial equality in Florida,Civil Rights Movement,Florida,connected_to,arc:apex,kcl,movement,place,False,False,discovered_discovered,0.85,second_pass,3,second_pass_doc_01_chunk_0003,Florida a tempting target for the Civil Rights Movement,1.0
arc_apex,A fight for racial equality in Florida,Civil Rights Movement,National Association for the Advancement of Colored People,associated_with,arc:apex,kcl,movement,organisation,False,True,seed_discovered,0.85,second_pass,3,second_pass_doc_01_chunk_0003,a civil rights organization that the legislature deemed 'subversive',0.0
arc_apex,A fight for racial equality in Florida,Civil Rights Movement,St Augustine,associated_with,arc:apex,kcl,movement,place,False,False,discovered_discovered,0.85,second_pass,25,second_pass_doc_01_chunk_0025,"Congress debated in the shadow of the 'troubles' in St Augustine. Without the inclusion of that provision, the Civil Rights Movement promised further protests.",0.0
arc_apex,A fight for racial equality in Florida,Civil Rights Movement,Tobias Simon,associated_with,arc:apex,kcl,movement,person,False,False,discovered_discovered,0.8,second_pass,11,second_pass_doc_01_chunk_0011,"Tobias Simon, 52, a lawyer in civil rights causes in 60's",1.0
arc_apex,A fight for racial equality in Florida,Congress of Racial Equality,Freedom Rides,participated_in,arc:apex,kcl,organisation,event,True,True,seed_seed,0.85,second_pass,23,second_pass_doc_01_chunk_0023,when some of the Brooklyn members were arrested as Freedom Riders,1.0
arc_apex,A fight for racial equality in Florida,Congress of Racial Equality,Tobias Simon,collaborated_with,arc:apex,kcl,organisation,person,True,False,seed_discovered,0.95,second_pass,10,second_pass_doc_01_chunk_0010,Simon quickly became one of the South's extremely few white lawyers willing to help CORE.,1.0
arc_apex,A fight for racial equality in Florida,Congress of Racial Equality,lunch counter sit-ins,participated_in,arc:apex,kcl,organisation,movement,True,False,seed_discovered,0.9,second_pass,5; 6,second_pass_doc_01_chunk_0005; second_pass_doc_01_chunk_0006,four activists from the Congress of Racial Equality (CORE) sat down at a Woolworth's lunch counter in downtown Miami || four activists from the Congress of Racial Equality (CORE) sat down at a Woolworth's lunch counter in downtown Miami and asked to be served,1.0
arc_apex,A fight for racial equality in Florida,Federal Bureau of Investigation,National Association for the Advancement of Colored People,opposed_to,arc:apex,kcl,organisation,organisation,False,True,seed_discovered,0.85,second_pass,17,second_pass_doc_01_chunk_0017,NAACP checked 25 years by the F.B.I.,1.0
arc_apex,A fight for racial equality in Florida,Florida,Brown v. Board of Education,opposed_to,arc:apex,kcl,place,law,False,False,discovered_discovered,0.7,second_pass,4,second_pass_doc_01_chunk_0004,"In 1956, two years after Brown v. Board of Education, four southern states prevented even a single black pupil from attending a public school with Whites: Mississippi, Alabama, Georgia and Florida.",0.0
arc_apex,A fight for racial equality in Florida,Florida,Tobias Simon,associated_with,arc:apex,kcl,place,person,False,False,discovered_discovered,0.8,second_pass,9; 25,second_pass_doc_01_chunk_0009; second_pass_doc_01_chunk_0025,"In Florida and elsewhere in the region, attorneys like Simon helped amplify the consent of the governed || Wherever civil rights and civil liberties were under assault in Florida, one Miami attorney was ubiquitous",0.5
arc_apex,A fight for racial equality in Florida,Freedom Rides,"Montgomery, Alabama",connected_to,arc:apex,kcl,event,place,True,False,seed_discovered,0.85,second_pass,16,second_pass_doc_01_chunk_0016,Three years earlier Coffin had been arrested as a Freedom Rider in Montgomery,1.0
arc_apex,A fight for racial equality in Florida,Howard Zinn,St Augustine,associated_with,arc:apex,kcl,person,place,False,False,discovered_discovered,0.9,second_pass,15,second_pass_doc_01_chunk_0015,"Other signatories included the historians Oscar Handlin, Arthur M. Schlesinger, Sr and Howard Zinn",1.0
arc_apex,A fight for racial equality in Florida,Israel S. (Sy) Dresner,Freedom Rides,participated_in,arc:apex,kcl,person,event,False,True,seed_discovered,0.85,second_pass,12,second_pass_doc_01_chunk_0012,"The Interfaith Freedom Riders... His colleague, Israel S. (Sy) Dresner",0.0
arc_apex,A fight for racial equality in Florida,Israel S. (Sy) Dresner,Martin Luther King Jr.,collaborated_with,arc:apex,kcl,person,person,False,True,seed_discovered,0.9,second_pass,14,second_pass_doc_01_chunk_0014,"King sent a letter to Dresner, asking him to recruit his colleagues to come to the city",1.0
arc_apex,A fight for racial equality in Florida,Israel S. (Sy) Dresner,St Augustine,located_in,arc:apex,kcl,person,place,False,False,discovered_discovered,0.85,second_pass,14,second_pass_doc_01_chunk_0014,"On 18 June, Dresner and fifteen other rabbis arrived",1.0
arc_apex,A fight for racial equality in Florida,Martin Luther King Jr.,Florida,located_in,arc:apex,kcl,person,place,True,False,seed_discovered,0.9,second_pass,14,second_pass_doc_01_chunk_0014,leave Florida,1.0
arc_apex,A fight for racial equality in Florida,Martin Luther King Jr.,Monson Motor Lodge,associated_with,arc:apex,kcl,person,place,True,False,seed_discovered,0.95,second_pass,14,second_pass_doc_01_chunk_0014,he was arrested trying to desegregate the restaurant of the Monson Motor Lodge,1.0
arc_apex,A fight for racial equality in Florida,Martin Luther King Jr.,Southern Christian Leadership Conference,associated_with,arc:apex,kcl,person,organisation,True,True,seed_seed,0.75,second_pass,14,second_pass_doc_01_chunk_0014,Smathers... suspected that the SCLC faked the attack,0.0
arc_apex,A fight for racial equality in Florida,Martin Luther King Jr.,Southern Christian Leadership Conference,leader_of,arc:apex,kcl,person,organisation,True,True,seed_seed,0.95,second_pass,1,second_pass_doc_01_chunk_0001,"the Southern Christian Leadership Conference under Martin Luther King, Jr",1.0
arc_apex,A fight for racial equality in Florida,Martin Luther King Jr.,St Augustine,associated_with,arc:apex,kcl,person,place,True,False,seed_discovered,0.85,second_pass,13,second_pass_doc_01_chunk_0013,"Someone with a shotgun fired a dozen shots into the beach home where Martin Luther King, Jr, was staying",1.0
arc_apex,A fight for racial equality in Florida,Martin Luther King Jr.,St Augustine,located_in,arc:apex,kcl,person,place,True,False,seed_discovered,0.95,second_pass,14,second_pass_doc_01_chunk_0014,returned to a cell in St Augustine,1.0
arc_apex,A fight for racial equality in Florida,Martin Luther King Jr.,St Augustine,participated_in,arc:apex,kcl,person,place,True,False,seed_discovered,0.9,second_pass,19; 20,second_pass_doc_01_chunk_0019; second_pass_doc_01_chunk_0020,Martin Luther King and 17 others jailed trying to integrate St Augus- tine restaurant || Martin Luther King and 17 others jailed trying to integrate St Augustine restaurant,0.5
arc_apex,A fight for racial equality in Florida,Martin Luther King Jr.,Tobias Simon,associated_with,arc:apex,kcl,person,person,True,False,seed_discovered,0.8,second_pass,20,second_pass_doc_01_chunk_0020,Simon told the judge that King himself graciously preferred Harris to simply recant his perjured testimony,0.0
arc_apex,A fight for racial equality in Florida,Miami,Florida,located_in,arc:apex,kcl,place,place,False,False,discovered_discovered,0.95,second_pass,5,second_pass_doc_01_chunk_0005,post-war Florida (especially its southeastern corner) differentiated the state from the rest of the region... cities like Miami,0.0
arc_apex,A fight for racial equality in Florida,Monson Motor Lodge,St Augustine,located_in,arc:apex,kcl,place,place,False,False,discovered_discovered,0.8666666666666667,second_pass,13; 14; 15,second_pass_doc_01_chunk_0013; second_pass_doc_01_chunk_0014; second_pass_doc_01_chunk_0015,All were arrested and jailed for trying to grab some lunch at Monson Motor Lodge || The manager of the Monson Motor Lodge was James Brock || he was arrested trying to desegregate the restaurant of the Monson Motor Lodge,1.0
arc_apex,A fight for racial equality in Florida,National Association for the Advancement of Colored People,Gibson v. Florida Legislative Investigation Committee,participated_in,arc:apex,kcl,organisation,law,True,False,seed_discovered,0.95,second_pass,4,second_pass_doc_01_chunk_0004,"NAACP lost. It fought back in a lawsuit to protect freedom of association, a case that the US Supreme Court decided in 1963 in Gibson v. Florida Legislative Investigation Committee. The NAACP won, barely (5–4).",0.0
arc_apex,A fight for racial equality in Florida,National Association for the Advancement of Colored People,Tobias Simon,collaborated_with,arc:apex,kcl,organisation,person,True,False,seed_discovered,0.9,second_pass,9,second_pass_doc_01_chunk_0009,he worked as a cooperating attorney with the NAACP Legal Defense and Educational Fund,0.0
arc_apex,A fight for racial equality in Florida,Roy Wilkins,National Association for the Advancement of Colored People,leader_of,arc:apex,kcl,person,organisation,False,True,seed_discovered,0.9,second_pass,3,second_pass_doc_01_chunk_0003,Executive secretary Roy Wilkins feared that 'the civil rights movement in Florida and the entire Southeast' would be imperilled if the NAACP lost.,0.0
arc_apex,A fight for racial equality in Florida,Selma,Alabama,located_in,arc:apex,kcl,place,place,False,False,discovered_discovered,0.9,second_pass,13,second_pass_doc_01_chunk_0013,protests in Alabama communities like Birmingham (1963) and Selma (1965),1.0
arc_apex,A fight for racial equality in Florida,Simpson,Ku Klux Klan,opposed_to,arc:apex,kcl,person,organisation,False,False,discovered_discovered,0.85,second_pass,22,second_pass_doc_01_chunk_0022,The judge even encouraged Bronstein to sue both the Klan and the National States Rights Party in order to stymie their members from trying to violate the new law.,1.0
arc_apex,A fight for racial equality in Florida,Simpson,Southern Christian Leadership Conference,opposed_to,arc:apex,kcl,person,organisation,False,True,seed_discovered,0.8,second_pass,18,second_pass_doc_01_chunk_0018,Simpson nevertheless ruled against the SCLC appeal,1.0
arc_apex,A fight for racial equality in Florida,Simpson,St Augustine,associated_with,arc:apex,kcl,person,place,False,False,discovered_discovered,0.8000000000000002,second_pass,1; 20; 23,second_pass_doc_01_chunk_0001; second_pass_doc_01_chunk_0020; second_pass_doc_01_chunk_0023,Judge Simpson ordered the governor as well as Attorney General James W. Kynes to appear || The conflict educated a federal judge named Bryan Simpson || no way for a white person from St Johns County to get a fair trial before Judge Simpson,1.0
arc_apex,A fight for racial equality in Florida,Simpson,St Augustine,connected_to,arc:apex,kcl,person,place,False,False,discovered_discovered,0.7749999999999999,second_pass,21; 22,second_pass_doc_01_chunk_0021; second_pass_doc_01_chunk_0022,Simpson directed the St Augustine counsel,1.0
arc_apex,A fight for racial equality in Florida,Simpson,Tobias Simon,associated_with,arc:apex,kcl,person,person,False,False,discovered_discovered,0.75,second_pass,20,second_pass_doc_01_chunk_0020,"Simon told the judge that King himself graciously preferred Harris to simply recant his perjured testimony in open court, and Simpson agreed",0.0
arc_apex,A fight for racial equality in Florida,Southern Christian Leadership Conference,Birmingham,organised,arc:apex,kcl,organisation,place,True,False,seed_discovered,0.75,second_pass,1,second_pass_doc_01_chunk_0001,"As in Birmingham, as in Selma, the SCLC chose wisely",1.0
arc_apex,A fight for racial equality in Florida,Southern Christian Leadership Conference,Selma,organised,arc:apex,kcl,organisation,place,True,False,seed_discovered,0.75,second_pass,1,second_pass_doc_01_chunk_0001,"As in Birmingham, as in Selma, the SCLC chose wisely",1.0
arc_apex,A fight for racial equality in Florida,Southern Christian Leadership Conference,St Augustine,associated_with,arc:apex,kcl,organisation,place,True,False,seed_discovered,0.8357142857142856,second_pass,13; 14; 19; 20; 23; 24; 25,second_pass_doc_01_chunk_0013; second_pass_doc_01_chunk_0014; second_pass_doc_01_chunk_0019; second_pass_doc_01_chunk_0020; second_pass_doc_01_chunk_0023; second_pass_doc_01_chunk_0024; second_pass_doc_01_chunk_0025,Smathers... suspected that the SCLC faked the attack || Taylor Branch's Pillar of Fire (1998) provides a masterly account of the SCLC's operations in St Augustine. || a biracial group that included Reverend Andrew Young of the SCLC || he filed lawsuits on behalf of the SCLC because biracial negotiations broke down. He targeted fifteen motels and restaurants in the St Augustine area || the SCLC protests were nonviolent || the SCLC sought to sustain the momentum by organizing night marches || the Southern Christian Leadership Conference (SCLC) campaigned there to desegregate dining and lodging facilities,0.5714285714285714
arc_apex,A fight for racial equality in Florida,Southern Christian Leadership Conference,St Augustine,connected_to,arc:apex,kcl,organisation,place,True,False,seed_discovered,0.8,second_pass,17,second_pass_doc_01_chunk_0017,the SCLC campaign,1.0
arc_apex,A fight for racial equality in Florida,Southern Christian Leadership Conference,St Augustine,organised,arc:apex,kcl,organisation,place,True,False,seed_discovered,0.9,second_pass,1,second_pass_doc_01_chunk_0001,"the Southern Christian Leadership Conference under Martin Luther King, Jr picked St Augustine to highlight the persistence of legally enforced white supremacy",1.0
arc_apex,A fight for racial equality in Florida,Southern Christian Leadership Conference,St Augustine,participated_in,arc:apex,kcl,organisation,place,True,False,seed_discovered,0.9,second_pass,15,second_pass_doc_01_chunk_0015,Blacks and other Whites from elsewhere joined them and the SCLC demonstrators,1.0
arc_apex,A fight for racial equality in Florida,Southern Christian Leadership Conference,Tobias Simon,associated_with,arc:apex,kcl,organisation,person,True,False,seed_discovered,0.875,second_pass,17; 19,second_pass_doc_01_chunk_0017; second_pass_doc_01_chunk_0019,"Simon, who worked pro bono for the SCLC || Simpson nevertheless ruled against the SCLC appeal",1.0
arc_apex,A fight for racial equality in Florida,Southern Christian Leadership Conference,night marches,organised,arc:apex,kcl,organisation,campaign,True,False,seed_discovered,0.95,second_pass,19,second_pass_prompt_fix_doc_01_chunk_0019,the SCLC sought to sustain the momentum by organizing night marches,1.0
arc_apex,A fight for racial equality in Florida,St Augustine,Florida,located_in,arc:apex,kcl,place,place,False,False,discovered_discovered,0.925,second_pass,2; 15,second_pass_doc_01_chunk_0002; second_pass_doc_01_chunk_0015,St Augustine (Florida) || charged with violation of Florida's undesirable visitor and trespass laws,0.5
arc_apex,A fight for racial equality in Florida,St Augustine,Tobias Simon,associated_with,arc:apex,kcl,place,person,False,False,discovered_discovered,0.775,second_pass,16; 20; 21; 25,second_pass_doc_01_chunk_0016; second_pass_doc_01_chunk_0020; second_pass_doc_01_chunk_0021; second_pass_doc_01_chunk_0025,Kunstler and Simon filed their removal petitions to get their clients released on reasonable bail || Simon quickly challenged the ban || Toby Simon and civil rights attorney William M. Kunstler filed petitions for writs of habeas corpus on her behalf || Yet nowhere does the author mention either Toby Simon or Alvin Bronstein.,1.0
arc_apex,A fight for racial equality in Florida,Tobias Simon,Miami,located_in,arc:apex,kcl,person,place,False,False,discovered_discovered,0.8875,second_pass,1; 9; 10; 12,second_pass_doc_01_chunk_0001; second_pass_doc_01_chunk_0009; second_pass_doc_01_chunk_0010; second_pass_doc_01_chunk_0012,"In that year he drove to Miami, where an uncle gave him US$5,000 to start his own practice. || Simon and two other Miami attorneys || one Miami attorney was ubiquitous || the Miami-based Tobias Simon",1.0
arc_apex,A fight for racial equality in Florida,Tobias Simon,Southern Christian Leadership Conference,associated_with,arc:apex,kcl,person,organisation,False,True,seed_discovered,0.95,second_pass,18,second_pass_doc_01_chunk_0018,"Simon, who worked pro bono for the SCLC",1.0
arc_apex,A fight for racial equality in Florida,Tobias Simon,St Augustine,participated_in,arc:apex,kcl,person,place,False,False,discovered_discovered,0.85,second_pass,1,second_pass_doc_01_chunk_0001,"drew in the Miami-based Tobias Simon, a key lawyer for progressive causes in the state",1.0
arc_apex,A fight for racial equality in Florida,lunch counter sit-ins,Miami,located_in,arc:apex,kcl,movement,place,False,False,discovered_discovered,0.9,second_pass,6,second_pass_doc_01_chunk_0006,sat down at a Woolworth's lunch counter in downtown Miami,1.0
arc_apex,A fight for racial equality in Florida,night marches,St Augustine,located_in,arc:apex,kcl,campaign,place,False,False,discovered_discovered,0.85,second_pass,19; 20,second_pass_prompt_fix_doc_01_chunk_0019; second_pass_prompt_fix_doc_01_chunk_0020,significant demonstrations were planned for St Augustine... banned night marches || the SCLC sought to sustain the momentum by organizing night marches,0.5
arc_apex,Brian-Purnell_Freedom-North-Studies-the-Long-Civil-Rights-Movement-and-Twentieth-Century-Liberalism-in-American-Cities,Bayard Rustin,Black Power,opposed_to,arc:apex,kcl,person,movement,True,False,seed_discovered,0.9,second_pass,10,second_pass_doc_02_chunk_0010,a fierce critic of Black Power and Black Nationalism,1.0
arc_apex,Brian-Purnell_Freedom-North-Studies-the-Long-Civil-Rights-Movement-and-Twentieth-Century-Liberalism-in-American-Cities,Bayard Rustin,Civil Rights Movement,associated_with,arc:apex,kcl,person,movement,True,False,seed_discovered,0.7,second_pass,1,second_pass_doc_02_chunk_0001,Jerald Podair (2008). Bayard Rustin: American Dreamer,1.0
arc_apex,Brian-Purnell_Freedom-North-Studies-the-Long-Civil-Rights-Movement-and-Twentieth-Century-Liberalism-in-American-Cities,Bayard Rustin,Freedom Budget for All Americans,associated_with,arc:apex,kcl,person,publication,True,False,seed_discovered,0.85,second_pass,10,second_pass_doc_02_chunk_0010,He championed a Freedom Budget for All Americans,1.0
arc_apex,Brian-Purnell_Freedom-North-Studies-the-Long-Civil-Rights-Movement-and-Twentieth-Century-Liberalism-in-American-Cities,Bayard Rustin,New York City school strikes,associated_with,arc:apex,kcl,person,event,True,False,seed_discovered,0.8,second_pass,10,second_pass_doc_02_chunk_0010,"During the New York City school strikes of the late 1960s, Rustin's steadfast belief in strong labor unions put him on the side of the mostly white United Federation of Teachers",1.0
arc_apex,Brian-Purnell_Freedom-North-Studies-the-Long-Civil-Rights-Movement-and-Twentieth-Century-Liberalism-in-American-Cities,Bayard Rustin,United Federation of Teachers,associated_with,arc:apex,kcl,person,organisation,True,False,seed_discovered,0.825,second_pass,10; 11,second_pass_doc_02_chunk_0010; second_pass_doc_02_chunk_0011,bor unions put him on the side of the mostly white United Federation of Teachers and against the mostly black opponents of the union || put him on the side of the mostly white United Federation of Teachers,1.0
arc_apex,Brian-Purnell_Freedom-North-Studies-the-Long-Civil-Rights-Movement-and-Twentieth-Century-Liberalism-in-American-Cities,Birmingham,Civil Rights Movement,connected_to,arc:apex,kcl,place,movement,False,False,discovered_discovered,0.85,second_pass,1; 2,second_pass_doc_02_chunk_0001; second_pass_doc_02_chunk_0002,"well-known southern cities, such as Birmingham, Montgomery, Jackson, and Memphis as important sites for civil rights movement history",1.0
arc_apex,Brian-Purnell_Freedom-North-Studies-the-Long-Civil-Rights-Movement-and-Twentieth-Century-Liberalism-in-American-Cities,Black Panther Party,Black Power,associated_with,arc:apex,kcl,organisation,movement,False,False,discovered_discovered,0.7,second_pass,12,second_pass_doc_02_chunk_0012,"Civil Rights, Black Power, and the Black Panthers in New Haven",1.0
arc_apex,Brian-Purnell_Freedom-North-Studies-the-Long-Civil-Rights-Movement-and-Twentieth-Century-Liberalism-in-American-Cities,Black Panther Party,Chicago,associated_with,arc:apex,kcl,organisation,place,False,False,discovered_discovered,0.7,second_pass,12,second_pass_doc_02_chunk_0012,The Illinois Chapter of the Black Panther Party and Racial Coalition Politics in Chicago,1.0
arc_apex,Brian-Purnell_Freedom-North-Studies-the-Long-Civil-Rights-Movement-and-Twentieth-Century-Liberalism-in-American-Cities,Black Power,James Groppi,associated_with,arc:apex,kcl,movement,person,False,False,discovered_discovered,0.7,second_pass,6,second_pass_doc_02_chunk_0006,Black Power did not force Groppi from his connection to black activists.,1.0
arc_apex,Brian-Purnell_Freedom-North-Studies-the-Long-Civil-Rights-Movement-and-Twentieth-Century-Liberalism-in-American-Cities,Brooklyn,Congress of Racial Equality,associated_with,arc:apex,kcl,place,organisation,False,True,seed_discovered,0.825,second_pass,12; 13,second_pass_doc_02_chunk_0012; second_pass_doc_02_chunk_0013,The Congress of Racial Equality in Brooklyn,1.0
arc_apex,Brian-Purnell_Freedom-North-Studies-the-Long-Civil-Rights-Movement-and-Twentieth-Century-Liberalism-in-American-Cities,Chicago,Martin Luther King Jr.,associated_with,arc:apex,kcl,place,person,False,True,seed_discovered,0.7,second_pass,12,second_pass_doc_02_chunk_0012,"Martin Luther King, Jr., Chicago, and the Civil Rights Movement",1.0
arc_apex,Brian-Purnell_Freedom-North-Studies-the-Long-Civil-Rights-Movement-and-Twentieth-Century-Liberalism-in-American-Cities,Civil Rights Movement,Jeanne Theoharis,associated_with,arc:apex,kcl,movement,person,False,False,discovered_discovered,0.8,second_pass,2,second_pass_doc_02_chunk_0002,the influential anthology edited by Jeanne Theoharis and Komozi Woodard,1.0
arc_apex,Brian-Purnell_Freedom-North-Studies-the-Long-Civil-Rights-Movement-and-Twentieth-Century-Liberalism-in-American-Cities,Civil Rights Movement,Martin Luther King Jr.,associated_with,arc:apex,kcl,movement,person,False,True,seed_discovered,0.7,second_pass,12,second_pass_doc_02_chunk_0012,"Martin Luther King, Jr., Chicago, and the Civil Rights Movement",1.0
arc_apex,Brian-Purnell_Freedom-North-Studies-the-Long-Civil-Rights-Movement-and-Twentieth-Century-Liberalism-in-American-Cities,Civil Rights Movement,Montgomery,connected_to,arc:apex,kcl,movement,place,False,False,discovered_discovered,0.85,second_pass,1; 2,second_pass_doc_02_chunk_0001; second_pass_doc_02_chunk_0002,"well-known southern cities, such as Birmingham, Montgomery, Jackson, and Memphis as important sites for civil rights movement history",1.0
arc_apex,Brian-Purnell_Freedom-North-Studies-the-Long-Civil-Rights-Movement-and-Twentieth-Century-Liberalism-in-American-Cities,Civil Rights Movement,Seattle,connected_to,arc:apex,kcl,movement,place,False,False,discovered_discovered,0.825,second_pass,1; 2,second_pass_doc_02_chunk_0001; second_pass_doc_02_chunk_0002,"Louis, Oakland, and Seattle have joined well-known southern cities, such as Birmingham, Montgomery, Jackson, and Memphis as important sites for civil rights movement history || Places such as New York, Detroit, Saint Louis, Oakland, and Seattle have joined well-known southern cities, such as Birmingham, Montgomery, Jackson, and Memphis as important sites for civil rights movement history",1.0
arc_apex,Brian-Purnell_Freedom-North-Studies-the-Long-Civil-Rights-Movement-and-Twentieth-Century-Liberalism-in-American-Cities,Congress of Racial Equality,Seattle,associated_with,arc:apex,kcl,organisation,place,True,False,seed_discovered,0.7,second_pass,12,second_pass_doc_02_chunk_0012,Seattle in Black and White: The Congress of Racial Equality and the Fight for Equal Opportunity,1.0
arc_apex,Brian-Purnell_Freedom-North-Studies-the-Long-Civil-Rights-Movement-and-Twentieth-Century-Liberalism-in-American-Cities,James Groppi,National Association for the Advancement of Colored People,leader_of,arc:apex,kcl,person,organisation,False,True,seed_discovered,0.7,second_pass,6,second_pass_doc_02_chunk_0006,Groppi mentored the local NAACP (National Association for the Advancement of Colored People) Youth Council's (YC) and its Commandos,1.0
arc_apex,Brian-Purnell_Freedom-North-Studies-the-Long-Civil-Rights-Movement-and-Twentieth-Century-Liberalism-in-American-Cities,James Groppi,open housing movement,participated_in,arc:apex,kcl,person,movement,False,False,discovered_discovered,0.8,second_pass,6,second_pass_doc_02_chunk_0006,Groppi participated in protests with tens of thousands of Black Milwaukeeans.,1.0
arc_apex,Brian-Purnell_Freedom-North-Studies-the-Long-Civil-Rights-Movement-and-Twentieth-Century-Liberalism-in-American-Cities,Martin Luther King Jr.,open housing movement,organised,arc:apex,kcl,person,movement,True,False,seed_discovered,0.9,second_pass,9; 10,second_pass_doc_02_chunk_0009; second_pass_doc_02_chunk_0010,"Martin Luther King, Jr., tried to launch an open housing movement in Chicago and failed.",1.0
arc_apex,Brian-Purnell_Freedom-North-Studies-the-Long-Civil-Rights-Movement-and-Twentieth-Century-Liberalism-in-American-Cities,open housing movement,Chicago,located_in,arc:apex,kcl,movement,place,False,False,discovered_discovered,0.9,second_pass,9; 10,second_pass_doc_02_chunk_0009; second_pass_doc_02_chunk_0010,"Martin Luther King, Jr., tried to launch an open housing movement in Chicago and failed. || an open housing movement in Chicago",1.0
arc_apex,Hughes,Alabama,Black Power,associated_with,arc:apex,kcl,place,movement,False,False,discovered_discovered,0.6,second_pass,26,second_pass_doc_03_chunk_0026,Civil rights and Black Power in Alabama's Black Belt,1.0
arc_apex,Hughes,Atlanta,Martin Luther King Jr.,associated_with,arc:apex,kcl,place,person,False,True,seed_discovered,0.7,second_pass,6,second_pass_doc_03_chunk_0006,efforts to remember King in Atlanta,1.0
arc_apex,Hughes,Bayard Rustin,Civil Rights Movement,associated_with,arc:apex,kcl,person,movement,True,False,seed_discovered,0.8,second_pass,5,second_pass_doc_03_chunk_0005,Bayard Rustin (1971: 111) identified as the 'classical phase' of the movement,0.0
arc_apex,Hughes,Beyond Vietnam,Martin Luther King Jr.,associated_with,arc:apex,kcl,publication,person,False,True,seed_discovered,0.95,second_pass,12,second_pass_doc_03_chunk_0012,"Martin Luther King speech, 'Beyond Vietnam', 1967",0.0
arc_apex,Hughes,Black Power Movement,Civil Rights Movement,associated_with,arc:apex,kcl,movement,movement,False,False,discovered_discovered,0.7,second_pass,8,second_pass_doc_03_chunk_0008,the positive contributions of the Black Power movement,1.0
arc_apex,Hughes,Brown v. Board of Education,Civil Rights Movement,associated_with,arc:apex,kcl,law,movement,False,False,discovered_discovered,0.8,second_pass,5,second_pass_doc_03_chunk_0005,framed by legal victories such as Brown v. Board of Education (1954),1.0
arc_apex,Hughes,Civil Rights Act 1964,Lyndon Johnson,associated_with,arc:apex,kcl,law,person,False,False,discovered_discovered,0.7,second_pass,14,second_pass_doc_03_chunk_0014,President Lyndon Johnson and the 1964 Civil Rights Act,1.0
arc_apex,Hughes,Civil Rights Movement,Jeanne Theoharis,associated_with,arc:apex,kcl,movement,person,False,False,discovered_discovered,0.8,second_pass,7,second_pass_doc_03_chunk_0007,"As historian Jeanne Theoharis (2018: xiv) contends, how we conceptualise the history of the civil rights movement",1.0
arc_apex,Hughes,Civil Rights Movement,Malcolm X,associated_with,arc:apex,kcl,movement,person,False,True,seed_discovered,0.85,second_pass,8,second_pass_doc_03_chunk_0008,"often juxtaposed with Malcolm X, as a proxy for the entire movement",1.0
arc_apex,Hughes,Civil Rights Movement,March,associated_with,arc:apex,kcl,movement,publication,False,False,discovered_discovered,0.9,second_pass,3,second_pass_doc_03_chunk_0003,his memoir of being an activist in the civil rights movement,1.0
arc_apex,Hughes,Civil Rights Movement,March on Washington for Jobs and Freedom,associated_with,arc:apex,kcl,movement,event,False,True,seed_discovered,0.85,second_pass,6; 7,second_pass_doc_03_chunk_0006; second_pass_doc_03_chunk_0007,the March on Washington remains central to the tra || the March on Washington remains central to the traditional narrative,1.0
arc_apex,Hughes,Civil Rights Movement,Martin Luther King Jr.,associated_with,arc:apex,kcl,movement,person,False,True,seed_discovered,0.85,second_pass,8,second_pass_doc_03_chunk_0008,"the misleadingly moderate image of King, often juxtaposed with Malcolm X, as a proxy for the entire movement",1.0
arc_apex,Hughes,Federal Bureau of Investigation,Martin Luther King Jr.,associated_with,arc:apex,kcl,organisation,person,False,True,seed_discovered,0.9,second_pass,12,second_pass_doc_03_chunk_0012,"Federal Bureau of Investigation (FBI) letter to Martin Luther King, 1964",1.0
arc_apex,Hughes,Federal Bureau of Investigation,Martin Luther King Jr.,connected_to,arc:apex,kcl,organisation,person,False,True,seed_discovered,0.6,second_pass,16,second_pass_doc_03_chunk_0016,the FBI letter to King,1.0
arc_apex,Hughes,I Have a Dream speech,Martin Luther King Jr.,associated_with,arc:apex,kcl,publication,person,False,True,seed_discovered,0.9,second_pass,14,second_pass_case_merge_fix_doc_03_chunk_0014,King's 'I have a dream' speech in 1963,0.0
arc_apex,Hughes,John Lewis,Civil Rights Movement,participated_in,arc:apex,kcl,person,movement,True,False,seed_discovered,0.95,second_pass,3,second_pass_doc_03_chunk_0003,his memoir of being an activist in the civil rights movement,1.0
arc_apex,Hughes,John Lewis,March,associated_with,arc:apex,kcl,person,publication,True,False,seed_discovered,0.95,second_pass,3,second_pass_doc_03_chunk_0003,"John Lewis's best-selling graphic novel trilogy, March",1.0
arc_apex,Hughes,John Lewis,March,connected_to,arc:apex,kcl,person,publication,True,False,seed_discovered,0.85,second_pass,27,second_pass_doc_03_chunk_0027,"Lewis,J; Aydin,A; Powell,N. (2013). March: Book one.",1.0
arc_apex,Hughes,March,Selma,connected_to,arc:apex,kcl,event,place,False,False,discovered_discovered,0.7,second_pass,14,second_pass_doc_03_chunk_0014,"March on Selma, 1965",1.0
arc_apex,Hughes,Martin Luther King Jr.,Civil Rights Movement,leader_of,arc:apex,kcl,person,movement,True,False,seed_discovered,0.8,second_pass,5,second_pass_doc_03_chunk_0005,"biographies of leaders, especially Reverend Martin Luther King, Jr",1.0
arc_apex,Hughes,Martin Luther King Jr.,March on Washington for Jobs and Freedom,participated_in,arc:apex,kcl,person,event,True,True,seed_seed,0.85,second_pass,6; 14,second_pass_doc_03_chunk_0006; second_pass_doc_03_chunk_0014,King at the 1963 March on Washington for Jobs and Freedom || he delivered his 'I have a dream' speech in Washington,0.5
arc_apex,Hughes,Martin Luther King Jr.,Poor People's Campaign,associated_with,arc:apex,kcl,person,campaign,True,False,seed_discovered,0.7,second_pass,26,second_pass_doc_03_chunk_0026,King and the Other America: The poor people's campaign and the quest for economic equality,1.0
arc_apex,Hughes,Martin Luther King Jr.,Southern Christian Leadership Conference,associated_with,arc:apex,kcl,person,organisation,True,True,seed_seed,0.7,second_pass,14,second_pass_doc_03_chunk_0014,Martin Luther King and the Southern Christian Leadership Conference,1.0
arc_apex,Hughes,Martin Luther King Jr.,Southern Christian Leadership Conference,leader_of,arc:apex,kcl,person,organisation,True,True,seed_seed,0.85,second_pass,25,second_pass_doc_03_chunk_0025,Bearing the Cross: Martin Luther King and the Southern Christian Leadership Conference,1.0
arc_apex,Hughes,National Association for the Advancement of Colored People,Southern Christian Leadership Conference,associated_with,arc:apex,kcl,organisation,organisation,True,True,seed_seed,0.8,second_pass,5,second_pass_doc_03_chunk_0005,"the relationship between prominent organisations, such as the National Association for the Advancement of Colored People (NAACP) and the Southern Christian Leadership Conference (SCLC)",1.0
arc_apex,Hughes,lunch counter sit-ins,Student Nonviolent Coordinating Committee,associated_with,arc:apex,kcl,movement,organisation,False,True,seed_discovered,0.7,second_pass,14,second_pass_doc_03_chunk_0014,Student Nonviolent Coordinating Committee and lunch counter sit-ins,1.0
arc_apex,Intergenerational movement memoirs and the emotional costs of activist commitment,Atlanta,John Lewis,connected_to,arc:apex,kcl,place,person,False,True,seed_discovered,0.7,second_pass,24,second_pass_doc_04_chunk_0024,Atlanta's mayor eulogized John Lewis in July 2020,1.0
arc_apex,Intergenerational movement memoirs and the emotional costs of activist commitment,Birmingham,Charles Billups,associated_with,arc:apex,kcl,place,person,False,False,discovered_discovered,0.85,second_pass,6; 17,second_pass_doc_04_chunk_0006; second_pass_doc_04_chunk_0017,The family left Birmingham for Chicago in 1966 || leading a ‘Miracle March’ in Birmingham,1.0
arc_apex,Intergenerational movement memoirs and the emotional costs of activist commitment,Black Power,Patricia Stephens Due,associated_with,arc:apex,kcl,movement,person,False,False,discovered_discovered,0.85,second_pass,5,second_pass_doc_04_chunk_0005,also worked with... Black Power organizations in Florida,0.0
arc_apex,Intergenerational movement memoirs and the emotional costs of activist commitment,Black Power,Patricia Stephens Due,collaborated_with,arc:apex,kcl,movement,person,False,False,discovered_discovered,0.85,second_pass,4,second_pass_doc_04_chunk_0004,and Black Power,1.0
arc_apex,Intergenerational movement memoirs and the emotional costs of activist commitment,Bob Moses,Student Nonviolent Coordinating Committee,member_of,arc:apex,kcl,person,organisation,True,True,seed_seed,0.95,second_pass,24,second_pass_doc_04_chunk_0024,SNCC's Bob Moses,1.0
arc_apex,Intergenerational movement memoirs and the emotional costs of activist commitment,Byron De La Beckwith,Medgar Evers,opposed_to,arc:apex,kcl,person,person,False,True,seed_discovered,0.95,second_pass,20,second_pass_doc_04_chunk_0020,Byron De La Beckwith was tried twice for the murder of thirty-seven-year-old Medgar Evers,1.0
arc_apex,Intergenerational movement memoirs and the emotional costs of activist commitment,Charles Billups,Chicago,associated_with,arc:apex,kcl,person,place,False,False,discovered_discovered,0.85,second_pass,17,second_pass_doc_04_chunk_0017,The family left Birmingham for Chicago in 1966,1.0
arc_apex,Intergenerational movement memoirs and the emotional costs of activist commitment,Charles Billups,Chicago,located_in,arc:apex,kcl,person,place,False,False,discovered_discovered,0.9,second_pass,6,second_pass_doc_04_chunk_0006,Reverend Billups was murdered by an unknown gunman in Chicago,1.0
arc_apex,Intergenerational movement memoirs and the emotional costs of activist commitment,Charles Billups,Civil Rights Movement,participated_in,arc:apex,kcl,person,movement,False,False,discovered_discovered,0.7,second_pass,16,second_pass_doc_04_chunk_0016,the heroic fighters of the Civil Rights Movement,1.0
arc_apex,Intergenerational movement memoirs and the emotional costs of activist commitment,Charles Billups,Ku Klux Klan,opposed_to,arc:apex,kcl,person,organisation,False,False,discovered_discovered,0.9,second_pass,16,second_pass_doc_04_chunk_0016,the vicious attack that her father suffered at the hands of Klansmen,1.0
arc_apex,Intergenerational movement memoirs and the emotional costs of activist commitment,Charles Billups,Martin Luther King Jr.,associated_with,arc:apex,kcl,person,person,False,True,seed_discovered,0.7000000000000001,second_pass,7; 17; 18,second_pass_doc_04_chunk_0007; second_pass_doc_04_chunk_0017; second_pass_doc_04_chunk_0018,My Life with Charles Billups and Martin Luther King,1.0
arc_apex,Intergenerational movement memoirs and the emotional costs of activist commitment,Charles Billups,Martin Luther King Jr.,collaborated_with,arc:apex,kcl,person,person,False,True,seed_discovered,0.9,second_pass,6,second_pass_doc_04_chunk_0006,belonged to King’s inner circle in the SCLC,1.0
arc_apex,Intergenerational movement memoirs and the emotional costs of activist commitment,Charles Billups,Southern Christian Leadership Conference,member_of,arc:apex,kcl,person,organisation,False,True,seed_discovered,0.925,second_pass,6; 17,second_pass_doc_04_chunk_0006; second_pass_doc_04_chunk_0017,Billups joined the SCLC's Operation Breadbasket project || belonged to King’s inner circle in the SCLC,1.0
arc_apex,Intergenerational movement memoirs and the emotional costs of activist commitment,Charles McDew,Student Nonviolent Coordinating Committee,leader_of,arc:apex,kcl,person,organisation,False,True,seed_discovered,0.95,second_pass,12,second_pass_doc_04_chunk_0012,SNCC's second chairman,1.0
arc_apex,Intergenerational movement memoirs and the emotional costs of activist commitment,Civil Rights Movement,Harry Belafonte,associated_with,arc:apex,kcl,movement,person,False,False,discovered_discovered,0.75,second_pass,3,second_pass_doc_04_chunk_0003,individuals who championed the movement like Belafonte,1.0
arc_apex,Intergenerational movement memoirs and the emotional costs of activist commitment,Cleveland Sellers,Student Nonviolent Coordinating Committee,member_of,arc:apex,kcl,person,organisation,False,True,seed_discovered,0.875,second_pass,7; 9,second_pass_doc_04_chunk_0007; second_pass_doc_04_chunk_0009,Sellers worked in SNCC for years || The River of No Return: The Autobiography of a Black Militant and the Life and Death of SNCC,1.0
arc_apex,Intergenerational movement memoirs and the emotional costs of activist commitment,Congress of Racial Equality,Dave Dennis,associated_with,arc:apex,kcl,organisation,person,True,False,seed_discovered,0.7,second_pass,9,second_pass_doc_04_chunk_0009,"Notes on a biography of Dave Dennis, undated notes, in the personnel papers of CORE's Southern Regional Office",0.0
arc_apex,Intergenerational movement memoirs and the emotional costs of activist commitment,Council of Federated Organizations,Mississippi Freedom Summer,organised,arc:apex,kcl,organisation,campaign,False,False,discovered_discovered,0.9,second_pass,3; 4,second_pass_doc_04_chunk_0003; second_pass_doc_04_chunk_0004,COFO's Mississippi Freedom Summer campaign || the Council of Federation Organizations' (COFO) Mississippi Freedom Summer campaign,0.5
arc_apex,Intergenerational movement memoirs and the emotional costs of activist commitment,Dave Dennis,Congress of Racial Equality,member_of,arc:apex,kcl,person,organisation,False,True,seed_discovered,0.8833333333333333,second_pass,3; 4; 8,second_pass_doc_04_chunk_0003; second_pass_doc_04_chunk_0004; second_pass_doc_04_chunk_0008,He joined CORE at the age of twenty || the Congress of Racial Equality's (CORE) David Dennis,0.3333333333333333
arc_apex,Intergenerational movement memoirs and the emotional costs of activist commitment,Dave Dennis,Council of Federated Organizations,member_of,arc:apex,kcl,person,organisation,False,False,discovered_discovered,0.85,second_pass,8,second_pass_doc_04_chunk_0008,as an organizer in Louisiana and Mississippi with CORE and COFO until 1965,1.0
arc_apex,Intergenerational movement memoirs and the emotional costs of activist commitment,Dave Dennis,Freedom Rides,participated_in,arc:apex,kcl,person,event,False,True,seed_discovered,0.925,second_pass,8; 9,second_pass_doc_04_chunk_0008; second_pass_doc_04_chunk_0009,"The decision to undertake a Freedom Ride in 1961, as Dennis did || as a Freedom Rider in 1961",1.0
arc_apex,Intergenerational movement memoirs and the emotional costs of activist commitment,Dave Dennis,Freedom Summer,associated_with,arc:apex,kcl,person,campaign,False,False,discovered_discovered,0.8,second_pass,19,second_pass_doc_04_chunk_0019,he was debating the efficacy of having white students descend on Mississippi in the summer of 1964,1.0
arc_apex,Intergenerational movement memoirs and the emotional costs of activist commitment,Dave Dennis,Freedom Summer,organised,arc:apex,kcl,person,campaign,False,False,discovered_discovered,0.8,second_pass,20,second_pass_doc_04_chunk_0020,Dennis ostensibly accepted the responsibility of sending his peers to their doom,1.0
arc_apex,Intergenerational movement memoirs and the emotional costs of activist commitment,Dave Dennis,James Chaney,associated_with,arc:apex,kcl,person,person,False,False,discovered_discovered,0.85,second_pass,16,second_pass_doc_04_chunk_0016,Dennis's eulogy at Chaney's memorial,1.0
arc_apex,Intergenerational movement memoirs and the emotional costs of activist commitment,Dave Dennis,James Chaney,collaborated_with,arc:apex,kcl,person,person,False,False,discovered_discovered,0.9,second_pass,20,second_pass_doc_04_chunk_0020,his friend and colleague James Chaney,1.0
arc_apex,Intergenerational movement memoirs and the emotional costs of activist commitment,Dave Dennis,James Chaney,connected_to,arc:apex,kcl,person,person,False,False,discovered_discovered,0.85,second_pass,14,second_pass_doc_04_chunk_0014,"Asked to speak at Chaney's funeral to give mourners peace and succour, Dennis could see causes but no cure and delivered a visceral eulogy",1.0
arc_apex,Intergenerational movement memoirs and the emotional costs of activist commitment,Dave Dennis,Medgar Evers,associated_with,arc:apex,kcl,person,person,False,True,seed_discovered,0.85,second_pass,20,second_pass_doc_04_chunk_0020,"I remember my last words with my friend Medgar, just one hour before he was gunned down in his yard",1.0
arc_apex,Intergenerational movement memoirs and the emotional costs of activist commitment,Dave Dennis,Medgar Evers,collaborated_with,arc:apex,kcl,person,person,False,True,seed_discovered,0.85,second_pass,19,second_pass_doc_04_chunk_0019,"Dennis shares with his son the last words he spoke to Medgar Evers. [...] Returning Evers's car just hours before he was assassinated, Dennis teased him",0.0
arc_apex,Intergenerational movement memoirs and the emotional costs of activist commitment,Dave Dennis,Medgar Evers,influenced_by,arc:apex,kcl,person,person,False,True,seed_discovered,0.9,second_pass,14,second_pass_doc_04_chunk_0014,the murder of his friend and mentor Medgar Evers,1.0
arc_apex,Intergenerational movement memoirs and the emotional costs of activist commitment,Dave Dennis,Mississippi Freedom Summer,associated_with,arc:apex,kcl,person,campaign,False,False,discovered_discovered,0.75,second_pass,5,second_pass_doc_04_chunk_0005,Unsung heroes of 1964 Mississippi Freedom Summer,1.0
arc_apex,Intergenerational movement memoirs and the emotional costs of activist commitment,Dave Dennis,Mississippi Freedom Summer,leader_of,arc:apex,kcl,person,campaign,False,False,discovered_discovered,0.875,second_pass,3; 4,second_pass_doc_04_chunk_0003; second_pass_doc_04_chunk_0004,"COFO's Mississippi Freedom Summer campaign, which he co-led || which he co-led",0.5
arc_apex,Intergenerational movement memoirs and the emotional costs of activist commitment,Dave Dennis,National Association for the Advancement of Colored People,associated_with,arc:apex,kcl,person,organisation,False,True,seed_discovered,0.85,second_pass,8,second_pass_doc_04_chunk_0008,he wrote a NAACP newsletter in his hometown of Shreveport,1.0
arc_apex,Intergenerational movement memoirs and the emotional costs of activist commitment,Dave Dennis,Schwerner,associated_with,arc:apex,kcl,person,person,False,False,discovered_discovered,0.85,second_pass,20,second_pass_doc_04_chunk_0020,he was slated to accompany Chaney and Schwerner to investigate the burning of a black church,1.0
arc_apex,Intergenerational movement memoirs and the emotional costs of activist commitment,Dennis,Congress of Racial Equality,member_of,arc:apex,kcl,person,organisation,False,True,seed_discovered,0.9,second_pass,10; 15,second_pass_doc_04_chunk_0010; second_pass_doc_04_chunk_0015,After leaving CORE || He quit CORE,1.0
arc_apex,Intergenerational movement memoirs and the emotional costs of activist commitment,Dorie Ladner,Freedom houses,associated_with,arc:apex,kcl,person,organisation,False,False,discovered_discovered,0.8,second_pass,11,second_pass_doc_04_chunk_0011,feared that the Freedom House would be bombed,1.0
arc_apex,Intergenerational movement memoirs and the emotional costs of activist commitment,Dorie Ladner,Student Nonviolent Coordinating Committee,member_of,arc:apex,kcl,person,organisation,False,True,seed_discovered,0.9,second_pass,11,second_pass_doc_04_chunk_0011,Ladner became ill while directing SNCC's project in Natchez,1.0
arc_apex,Intergenerational movement memoirs and the emotional costs of activist commitment,Fannie Lou Hamer,Mennonite House,associated_with,arc:apex,kcl,person,organisation,True,False,seed_discovered,0.9,second_pass,8,second_pass_doc_04_chunk_0008,she spent time in the Mennonite House,1.0
arc_apex,Intergenerational movement memoirs and the emotional costs of activist commitment,Fannie Lou Hamer,Student Nonviolent Coordinating Committee,associated_with,arc:apex,kcl,person,organisation,True,True,seed_seed,0.7,second_pass,7,second_pass_doc_04_chunk_0007,After SNCC's Fannie Lou Hamer,1.0
arc_apex,Intergenerational movement memoirs and the emotional costs of activist commitment,Fannie Lou Hamer,Student Nonviolent Coordinating Committee,member_of,arc:apex,kcl,person,organisation,True,True,seed_seed,0.95,second_pass,8,second_pass_doc_04_chunk_0008,After SNCC's Fannie Lou Hamer was severely injured in jail,1.0
arc_apex,Intergenerational movement memoirs and the emotional costs of activist commitment,Freedom Rides,Len Holt,associated_with,arc:apex,kcl,event,person,True,False,seed_discovered,0.6,second_pass,9,second_pass_doc_04_chunk_0009,"Preparing groups intent on challenging the patchy desegregation of interstate travel, movement lawyer Len Holt warned",0.0
arc_apex,Intergenerational movement memoirs and the emotional costs of activist commitment,Harry Belafonte,Student Nonviolent Coordinating Committee,associated_with,arc:apex,kcl,person,organisation,False,True,seed_discovered,0.9,second_pass,2,second_pass_doc_04_chunk_0002,Harry Belafonte wrote of activist members of the Student Nonviolent Coordinating Committee (SNCC),1.0
arc_apex,Intergenerational movement memoirs and the emotional costs of activist commitment,Howard Zinn,Student Nonviolent Coordinating Committee,associated_with,arc:apex,kcl,person,organisation,False,True,seed_discovered,0.7749999999999999,second_pass,14; 15,second_pass_doc_04_chunk_0014; second_pass_doc_04_chunk_0015,"As an advisor to SNCC, historian Howard Zinn witnessed || Howard Zinn, SNCC: The New Abolitionists",1.0
arc_apex,Intergenerational movement memoirs and the emotional costs of activist commitment,James Chaney,Congress of Racial Equality,member_of,arc:apex,kcl,person,organisation,False,True,seed_discovered,0.95,second_pass,20,second_pass_doc_04_chunk_0020,"Chaney, who joined CORE in October 1963",1.0
arc_apex,Intergenerational movement memoirs and the emotional costs of activist commitment,James Chaney,Freedom Summer,participated_in,arc:apex,kcl,person,campaign,False,False,discovered_discovered,0.8,second_pass,20,second_pass_doc_04_chunk_0020,debating the efficacy of having white students descend on Mississippi in the summer of 1964,1.0
arc_apex,Intergenerational movement memoirs and the emotional costs of activist commitment,Jean Wiley,Student Nonviolent Coordinating Committee,member_of,arc:apex,kcl,person,organisation,False,True,seed_discovered,0.8999999999999999,second_pass,12; 13,second_pass_doc_04_chunk_0012; second_pass_doc_04_chunk_0013,"Jean Wiley's biographical note, in Faith S. Holsaert, Martha Prescod Norman Noonan, Judy Richardson, Betty Garman Robinson, Jean Smith Young and Dorothy M. Zellner (eds), Hands on the Freedom Plow: Personal Accounts by Women in SNCC || SNCC organizer Jean Wiley",1.0
arc_apex,Intergenerational movement memoirs and the emotional costs of activist commitment,Jeanne Theoharis,Julian Bond,influenced_by,arc:apex,kcl,person,person,False,False,discovered_discovered,0.9,second_pass,6,second_pass_doc_04_chunk_0006,"Theoharis credits her mentor, SNCC’s Julian Bond, for encouraging her",1.0
arc_apex,Intergenerational movement memoirs and the emotional costs of activist commitment,Jeanne Theoharis,Rosa Parks,associated_with,arc:apex,kcl,person,person,False,True,seed_discovered,0.8999999999999999,second_pass,5; 6,second_pass_doc_04_chunk_0005; second_pass_doc_04_chunk_0006,Rosa Parks's biographer Jeanne Theoharis || Theoharis... not to omit the emotional harm that Parks suffered,0.5
arc_apex,Intergenerational movement memoirs and the emotional costs of activist commitment,John Lewis,Selma,participated_in,arc:apex,kcl,person,place,True,False,seed_discovered,0.85,second_pass,12,second_pass_doc_04_chunk_0012,being severely beaten in Selma in 1965,1.0
arc_apex,Intergenerational movement memoirs and the emotional costs of activist commitment,John Lewis,Student Nonviolent Coordinating Committee,member_of,arc:apex,kcl,person,organisation,True,True,seed_seed,0.9,second_pass,3,second_pass_doc_04_chunk_0003,SNCC's John Lewis,1.0
arc_apex,Intergenerational movement memoirs and the emotional costs of activist commitment,Julian Bond,Student Nonviolent Coordinating Committee,associated_with,arc:apex,kcl,person,organisation,False,True,seed_discovered,0.75,second_pass,10; 11,second_pass_doc_04_chunk_0010; second_pass_doc_04_chunk_0011,Julian Bond described organizers as a 'protective barrier' in 'SNCC: What we did',0.0
arc_apex,Intergenerational movement memoirs and the emotional costs of activist commitment,Julian Bond,Student Nonviolent Coordinating Committee,member_of,arc:apex,kcl,person,organisation,False,True,seed_discovered,0.95,second_pass,6,second_pass_doc_04_chunk_0006,SNCC’s Julian Bond,1.0
arc_apex,Intergenerational movement memoirs and the emotional costs of activist commitment,Ku Klux Klan,James Chaney,opposed_to,arc:apex,kcl,organisation,person,False,False,discovered_discovered,0.9,second_pass,20,second_pass_doc_04_chunk_0020,"abduction by a cabal of Klansmen alerted by the Deputy Sheriff who arrested them, and murder",1.0
arc_apex,Intergenerational movement memoirs and the emotional costs of activist commitment,Ku Klux Klan,Schwerner,opposed_to,arc:apex,kcl,organisation,person,False,False,discovered_discovered,0.9,second_pass,20,second_pass_doc_04_chunk_0020,"abduction by a cabal of Klansmen alerted by the Deputy Sheriff who arrested them, and murder",1.0
arc_apex,Intergenerational movement memoirs and the emotional costs of activist commitment,Medgar Evers,Mississippi Goddamn,associated_with,arc:apex,kcl,person,publication,True,False,seed_discovered,0.85,second_pass,17,second_pass_doc_04_chunk_0017,Mississippi Goddamn (2018) is an exception in its depiction of Medgar and Myrlie Evers's neighbours,1.0
arc_apex,Intergenerational movement memoirs and the emotional costs of activist commitment,Medgar Evers,National Association for the Advancement of Colored People,member_of,arc:apex,kcl,person,organisation,True,True,seed_seed,0.925,second_pass,14; 15,second_pass_doc_04_chunk_0014; second_pass_doc_04_chunk_0015,"Medgar Evers, the NAACP's representative in Mis || the NAACP's representative in Mississippi",1.0
arc_apex,Intergenerational movement memoirs and the emotional costs of activist commitment,Mennonite House,Atlanta,located_in,arc:apex,kcl,organisation,place,False,False,discovered_discovered,0.95,second_pass,7,second_pass_doc_04_chunk_0007,Administering the Mennonite House in Atlanta as an interracial community centre in 1961,1.0
arc_apex,Intergenerational movement memoirs and the emotional costs of activist commitment,National Association for the Advancement of Colored People,Patricia Stephens Due,collaborated_with,arc:apex,kcl,organisation,person,True,False,seed_discovered,0.9,second_pass,4; 5,second_pass_doc_04_chunk_0004; second_pass_doc_04_chunk_0005,also worked with... the National Association for the Advancement of Colored People (NAACP) || worked with... the National Association for the Advancement of Colored People (NAACP),0.0
arc_apex,Intergenerational movement memoirs and the emotional costs of activist commitment,Patricia Stephens Due,Civil Rights Movement,participated_in,arc:apex,kcl,person,movement,False,False,discovered_discovered,0.75,second_pass,17,second_pass_doc_04_chunk_0017,she demonstrated peace- fully in Tallahassee as a twenty-one-year-old student,1.0
arc_apex,Intergenerational movement memoirs and the emotional costs of activist commitment,Patricia Stephens Due,Congress of Racial Equality,member_of,arc:apex,kcl,person,organisation,False,True,seed_discovered,0.925,second_pass,4; 5,second_pass_doc_04_chunk_0004; second_pass_doc_04_chunk_0005,"Patricia Stephens Due, another CORE organizer || another CORE organizer",1.0
arc_apex,Intergenerational movement memoirs and the emotional costs of activist commitment,Patricia Stephens Due,Southern Christian Leadership Conference,collaborated_with,arc:apex,kcl,person,organisation,False,True,seed_discovered,0.9,second_pass,4; 5,second_pass_doc_04_chunk_0004; second_pass_doc_04_chunk_0005,also worked with the Southern Christian Leadership Conference (SCLC) || worked with the Southern Christian Leadership Conference (SCLC),1.0
arc_apex,Intergenerational movement memoirs and the emotional costs of activist commitment,Patricia Stephens Due,Student Nonviolent Coordinating Committee,collaborated_with,arc:apex,kcl,person,organisation,False,True,seed_discovered,0.9,second_pass,4; 5,second_pass_doc_04_chunk_0004; second_pass_doc_04_chunk_0005,also worked with... SNCC || worked with... SNCC,0.0
arc_apex,Intergenerational movement memoirs and the emotional costs of activist commitment,Rosa Parks,Montgomery Bus Boycott,participated_in,arc:apex,kcl,person,event,True,True,seed_seed,0.95,second_pass,6,second_pass_doc_04_chunk_0006,Parks suffered over decades after being made the symbol of the Montgomery Bus Boycott,1.0
arc_apex,Intergenerational movement memoirs and the emotional costs of activist commitment,Schwerner,Congress of Racial Equality,member_of,arc:apex,kcl,person,organisation,False,True,seed_discovered,0.95,second_pass,21,second_pass_doc_04_chunk_0021,Jonathan Eig refers to Schwerner as a member of CORE,1.0
arc_apex,JAS - MLK teaching UK schools,A. Philip Randolph,March on Washington for Jobs and Freedom,organised,arc:apex,kcl,person,event,True,True,seed_seed,0.95,second_pass,28,second_pass_doc_05_chunk_0028,"the March, co-organized by eminent labour leader A. Philip Randolph",1.0
arc_apex,JAS - MLK teaching UK schools,A. Philip Randolph,Martin Luther King Jr.,associated_with,arc:apex,kcl,person,person,True,True,seed_seed,0.85,second_pass,41,second_pass_doc_05_chunk_0041,"King attended independence celebrations in Ghana, along with Vice President Richard Nixon, Adam Clayton Powell, and A. Philip Randolph",1.0
arc_apex,JAS - MLK teaching UK schools,Bayard Rustin,March on Washington for Jobs and Freedom,organised,arc:apex,kcl,person,event,True,True,seed_seed,0.95,second_pass,28,second_pass_doc_05_chunk_0028,co-organized by eminent labour leader A. Philip Randolph and socialist intellectual Bayard Rustin,1.0
arc_apex,JAS - MLK teaching UK schools,Black Panther Party,Black Power,associated_with,arc:apex,kcl,organisation,movement,False,False,discovered_discovered,0.85,second_pass,26,second_pass_doc_05_chunk_0026,many key Black Panthers actually repudiated the label Black Power,0.0
arc_apex,JAS - MLK teaching UK schools,Black Panther Party,Black Power Movement,associated_with,arc:apex,kcl,organisation,movement,False,False,discovered_discovered,0.8,second_pass,25,second_pass_doc_05_chunk_0025,"Black Power is often reduced to symbols associated with its advocacy of self-defense (i.e., the Black Panthers)",0.0
arc_apex,JAS - MLK teaching UK schools,Black Panther Party,Martin Luther King Jr.,opposed_to,arc:apex,kcl,organisation,person,False,True,seed_discovered,0.9,second_pass,23,second_pass_doc_05_chunk_0023,"including the Black Panther Party, doubted the eﬀectiveness of King’s nonviolent philosophy",1.0
arc_apex,JAS - MLK teaching UK schools,Black Power,Martin Luther King Jr.,associated_with,arc:apex,kcl,movement,person,False,True,seed_discovered,0.85,second_pass,10,second_pass_doc_05_chunk_0010,"King applauded key tenets of black power, even as he rejected the slogan itself",1.0
arc_apex,JAS - MLK teaching UK schools,Black Power,Stokely Carmichael,associated_with,arc:apex,kcl,movement,person,False,True,seed_discovered,0.9,second_pass,31,second_pass_doc_05_chunk_0031,black power that Stokely Carmichael first popularized in 1966,0.0
arc_apex,JAS - MLK teaching UK schools,Black Power Movement,Civil Rights Movement,influenced_by,arc:apex,kcl,movement,movement,False,False,discovered_discovered,0.7,second_pass,25,second_pass_doc_05_chunk_0025,"Consistently presented as the heroic early movement's more militant, more violent, less temperate descendent",1.0
arc_apex,JAS - MLK teaching UK schools,Black Power Movement,Stokely Carmichael,associated_with,arc:apex,kcl,movement,person,False,True,seed_discovered,0.7,second_pass,25,second_pass_doc_05_chunk_0025,"the rise of ""extremists"" such as Stokely Carmichael",1.0
arc_apex,JAS - MLK teaching UK schools,Bristol Bus Boycott,March on Washington for Jobs and Freedom,connected_to,arc:apex,kcl,campaign,event,False,True,seed_discovered,0.9,second_pass,41,second_pass_doc_05_chunk_0041,"connections between the Montgomery bus boycott, the March on Washington and the Bristol bus boycott",1.0
arc_apex,JAS - MLK teaching UK schools,Bristol Bus Boycott,Martin Luther King Jr.,influenced_by,arc:apex,kcl,campaign,person,False,True,seed_discovered,0.85,second_pass,33,second_pass_doc_05_chunk_0033,"concurrent but largely forgotten events in the UK that echoed King's rhetoric and tactics, such as the 1963 Bristol Bus Boycott",0.0
arc_apex,JAS - MLK teaching UK schools,Bristol Bus Boycott,Montgomery Bus Boycott,connected_to,arc:apex,kcl,campaign,campaign,False,True,seed_discovered,0.9,second_pass,41,second_pass_doc_05_chunk_0041,"connections between the Montgomery bus boycott, the March on Washington and the Bristol bus boycott",1.0
arc_apex,JAS - MLK teaching UK schools,Brown v. Board of Education,Jim Crow regime,opposed_to,arc:apex,kcl,law,law,False,False,discovered_discovered,0.9,second_pass,9,second_pass_doc_05_chunk_0009,"the Supreme Court's 1954 Brown decision had overturned the doctrine of ""separate but equal"" at the legal heart of Jim Crow society in the South",0.0
arc_apex,JAS - MLK teaching UK schools,Chicago,Martin Luther King Jr.,associated_with,arc:apex,kcl,place,person,False,True,seed_discovered,0.8,second_pass,25,second_pass_doc_05_chunk_0025,King's later disappointments in Chicago,1.0
arc_apex,JAS - MLK teaching UK schools,Chicago campaign,Martin Luther King Jr.,associated_with,arc:apex,kcl,campaign,person,False,True,seed_discovered,0.8,second_pass,9,second_pass_doc_05_chunk_0009,critical in the development of King's own critique of American racism,0.0
arc_apex,JAS - MLK teaching UK schools,Civil Rights Movement,Brown v. Board of Education,influenced_by,arc:apex,kcl,movement,law,False,False,discovered_discovered,0.85,second_pass,9,second_pass_doc_05_chunk_0009,"Brown as the origin of the movement's ""'classic' phase""",0.0
arc_apex,JAS - MLK teaching UK schools,Civil Rights Movement,Jeanne Theoharis,associated_with,arc:apex,kcl,movement,person,False,False,discovered_discovered,0.9,second_pass,26,second_pass_doc_05_chunk_0026,"Jeanne Theoharis, ""Hidden in Plain Sight: The Civil Rights Movement outside the South""",0.0
arc_apex,JAS - MLK teaching UK schools,Civil Rights Movement,Martin Luther King Jr.,associated_with,arc:apex,kcl,movement,person,False,True,seed_discovered,0.84375,second_pass,2; 3; 4; 7; 16; 26; 42; 45,second_pass_doc_05_chunk_0002; second_pass_doc_05_chunk_0003; second_pass_doc_05_chunk_0004; second_pass_doc_05_chunk_0007; second_pass_doc_05_chunk_0016; second_pass_doc_05_chunk_0026; second_pass_doc_05_chunk_0042; second_pass_doc_05_chunk_0045,"British Responses to Martin Luther King, Jr and the Civil Rights Movement || King ""led a peaceful campaign of civil disobedience"" || King and the civil rights movement can illuminate the history of British race relations || King fits perfectly into this hegemonic framework as a timeless prophet who forced the nation to acknowledge its original sin of slavery and correct its ugly racist legacies || King's contribution to the movement || King's life – his social activism, ideas, leadership, and multiple legacies in the US and globally || King, and the movement with which he is routinely presented as synonymous || Martin Luther King and the Civil Rights Movement",0.75
arc_apex,JAS - MLK teaching UK schools,Civil Rights Movement,Montgomery Bus Boycott,associated_with,arc:apex,kcl,movement,event,False,True,seed_discovered,0.9,second_pass,7,second_pass_doc_05_chunk_0007,marks 'the real start of the US civil rights movement',0.0
arc_apex,JAS - MLK teaching UK schools,Civil Rights Movement,Rosa Parks,associated_with,arc:apex,kcl,movement,person,False,True,seed_discovered,0.75,second_pass,16,second_pass_doc_05_chunk_0016,That even Rosa Parks remains unnamed in this summary exemplifies not only a wider pattern of neglecting or marginalizing the role of women in histories of the movement,0.0
arc_apex,JAS - MLK teaching UK schools,Civil Rights Movement,Watts,connected_to,arc:apex,kcl,movement,place,False,False,discovered_discovered,0.7,second_pass,25,second_pass_doc_05_chunk_0025,Watts serves only as a turning point in the dominant textbook narrative,1.0
arc_apex,JAS - MLK teaching UK schools,Federal Bureau of Investigation,Martin Luther King Jr.,opposed_to,arc:apex,kcl,organisation,person,False,True,seed_discovered,0.9,second_pass,24; 25,second_pass_doc_05_chunk_0024; second_pass_doc_05_chunk_0025,the FBI campaigns against King,1.0
arc_apex,JAS - MLK teaching UK schools,I Have a Dream speech,Martin Luther King Jr.,associated_with,arc:apex,kcl,publication,person,False,True,seed_discovered,0.95,second_pass,10,second_pass_case_merge_fix_doc_05_chunk_0010,"King's seventeen-minute ""I Have a Dream"" speech attracts far more attention",1.0
arc_apex,JAS - MLK teaching UK schools,Julian Bond,Martin Luther King Jr.,associated_with,arc:apex,kcl,person,person,False,True,seed_discovered,0.7,second_pass,27,second_pass_doc_05_chunk_0027,"As Julian Bond noted, King's last years were marked by changes in black America's demands and white America's response",1.0
arc_apex,JAS - MLK teaching UK schools,Lyndon Johnson,Martin Luther King Jr.,associated_with,arc:apex,kcl,person,person,False,True,seed_discovered,0.9,second_pass,23,second_pass_doc_05_chunk_0023,King’s vexed but often productive relationship with President Lyndon Johnson had deteriorated.,1.0
arc_apex,JAS - MLK teaching UK schools,Malcolm X,Martin Luther King Jr.,associated_with,arc:apex,kcl,person,person,True,True,seed_seed,0.85,second_pass,31,second_pass_doc_05_chunk_0031,King and Malcolm as individuals whose ideas and activism evolved and occasionally overlapped obscures their shared understanding,1.0
arc_apex,JAS - MLK teaching UK schools,Malcolm X,University of Oxford,connected_to,arc:apex,kcl,person,place,True,False,seed_discovered,0.8833333333333333,second_pass,4; 40; 41,second_pass_doc_05_chunk_0004; second_pass_doc_05_chunk_0040; second_pass_doc_05_chunk_0041,Malcolm X's 1964 speech at the University of Oxford || Malcolm X's Visit to Oxford University || The Night Malcolm X Spoke at the Oxford Union,0.6666666666666666
arc_apex,JAS - MLK teaching UK schools,March on Washington for Jobs and Freedom,Montgomery Bus Boycott,connected_to,arc:apex,kcl,event,campaign,True,True,seed_seed,0.9,second_pass,41,second_pass_doc_05_chunk_0041,"connections between the Montgomery bus boycott, the March on Washington and the Bristol bus boycott",1.0
arc_apex,JAS - MLK teaching UK schools,Martin Luther King Jr.,Chicago campaign,participated_in,arc:apex,kcl,person,campaign,True,False,seed_discovered,0.85,second_pass,8,second_pass_doc_05_chunk_0008,"King's own forays into the urban North, notably the SCLC's 1966 Chicago campaign",0.0
arc_apex,JAS - MLK teaching UK schools,Martin Luther King Jr.,Civil Rights Movement,influenced_by,arc:apex,kcl,person,movement,True,False,seed_discovered,0.9,second_pass,27,second_pass_doc_05_chunk_0027,King had been radicalized by the movement itself,1.0
arc_apex,JAS - MLK teaching UK schools,Martin Luther King Jr.,Civil Rights Movement,participated_in,arc:apex,kcl,person,movement,True,False,seed_discovered,0.9,second_pass,5,second_pass_doc_05_chunk_0005,He was involved in most of its significant events.,0.0
arc_apex,JAS - MLK teaching UK schools,Martin Luther King Jr.,Federal Bureau of Investigation,opposed_to,arc:apex,kcl,person,organisation,True,False,seed_discovered,0.9,second_pass,23,second_pass_doc_05_chunk_0023,He was also subject to increasing scrutiny and harassment from the FBI,1.0
arc_apex,JAS - MLK teaching UK schools,Martin Luther King Jr.,Lyndon Johnson,opposed_to,arc:apex,kcl,person,person,True,False,seed_discovered,0.7,second_pass,24,second_pass_doc_05_chunk_0024,the split with Johnson,1.0
arc_apex,JAS - MLK teaching UK schools,Martin Luther King Jr.,Mahatma Gandhi,influenced_by,arc:apex,kcl,person,person,True,False,seed_discovered,0.9166666666666666,second_pass,14; 15; 16,second_pass_doc_05_chunk_0014; second_pass_doc_05_chunk_0015; second_pass_doc_05_chunk_0016,a crucial influence on King's understanding of nonviolent protest || a crucial inﬂuence on King's understanding of nonviolent protest || rejecting the cardinal tenets of biblical Christianity for the heathen philosophy of Mahatma Gandhi,0.6666666666666666
arc_apex,JAS - MLK teaching UK schools,Martin Luther King Jr.,March on Washington for Jobs and Freedom,participated_in,arc:apex,kcl,person,event,True,True,seed_seed,0.95,second_pass,28; 33,second_pass_doc_05_chunk_0028; second_pass_doc_05_chunk_0033,"""Dream"" speech, delivered from the Lincoln Memorial during the March on Washington for Jobs and Freedom in August 1963 || King's speech at the 1963 March on Washington for Jobs and Freedom",0.0
arc_apex,JAS - MLK teaching UK schools,Martin Luther King Jr.,Montgomery,associated_with,arc:apex,kcl,person,place,True,False,seed_discovered,0.85,second_pass,28,second_pass_doc_05_chunk_0028,"In Montgomery, as in many campaigns during the late 1950s and early 1960s, King's image of respectability was consciously crafted",0.0
arc_apex,JAS - MLK teaching UK schools,Martin Luther King Jr.,Montgomery Bus Boycott,associated_with,arc:apex,kcl,person,event,True,True,seed_seed,0.75,second_pass,7,second_pass_doc_05_chunk_0007,"King-centric narrative, in which the 1955 bus boycott in Montgomery, Alabama",0.0
arc_apex,JAS - MLK teaching UK schools,Martin Luther King Jr.,Newcastle upon Tyne,associated_with,arc:apex,kcl,person,place,True,False,seed_discovered,0.8,second_pass,23,second_pass_doc_05_chunk_0023,King’s Newcastle visit,1.0
arc_apex,JAS - MLK teaching UK schools,Martin Luther King Jr.,Newcastle upon Tyne,connected_to,arc:apex,kcl,person,place,True,False,seed_discovered,0.9166666666666666,second_pass,22; 41; 46,second_pass_doc_05_chunk_0022; second_pass_doc_05_chunk_0041; second_pass_doc_05_chunk_0046,King's 1967 visit to Newcastle upon Tyne || King's visit to Newcastle || Newcastle University's award of an honorary doctorate to Martin Luther King in November 1967,0.3333333333333333
arc_apex,JAS - MLK teaching UK schools,Martin Luther King Jr.,Newcastle upon Tyne,located_in,arc:apex,kcl,person,place,True,False,seed_discovered,0.9,second_pass,4,second_pass_doc_05_chunk_0004,Martin Luther King in Newcastle: The African American Freedom Struggle and Race Relations in the North East of England (Newcastle upon Tyne,1.0
arc_apex,JAS - MLK teaching UK schools,Martin Luther King Jr.,Poor People's Campaign,associated_with,arc:apex,kcl,person,campaign,True,False,seed_discovered,0.7,second_pass,24,second_pass_doc_05_chunk_0024,King and the Other America: The Poor People's Campaign and the Quest for Economic Equality,1.0
arc_apex,JAS - MLK teaching UK schools,Martin Luther King Jr.,Poor People's Campaign,leader_of,arc:apex,kcl,person,campaign,True,False,seed_discovered,0.9,second_pass,10,second_pass_doc_05_chunk_0010,"King's work on the Poor People's Campaign, which occupied the last eighteen months of his life",0.0
arc_apex,JAS - MLK teaching UK schools,Martin Luther King Jr.,Selma,participated_in,arc:apex,kcl,person,campaign,True,False,seed_discovered,0.8,second_pass,43,second_pass_doc_05_chunk_0043,"how King is presented, not simply in terms of characterization, dialogue and plotline",1.0
arc_apex,JAS - MLK teaching UK schools,Martin Luther King Jr.,Southern Christian Leadership Conference,associated_with,arc:apex,kcl,person,organisation,True,True,seed_seed,0.8,second_pass,8,second_pass_doc_05_chunk_0008,"King's own forays into the urban North, notably the SCLC's 1966 Chicago campaign",0.0
arc_apex,JAS - MLK teaching UK schools,Martin Luther King Jr.,Southern Christian Leadership Conference,leader_of,arc:apex,kcl,person,organisation,True,True,seed_seed,0.8,second_pass,24,second_pass_doc_05_chunk_0024,"The Southern Christian Leadership Conference and Martin Luther King, Jr.",1.0
arc_apex,JAS - MLK teaching UK schools,Martin Luther King Jr.,Watts,influenced_by,arc:apex,kcl,person,place,True,False,seed_discovered,0.6,second_pass,24,second_pass_doc_05_chunk_0024,What was the impact of Watts upon Martin Luther King?,1.0
arc_apex,JAS - MLK teaching UK schools,Montgomery Bus Boycott,"Montgomery, Alabama",located_in,arc:apex,kcl,event,place,True,False,seed_discovered,0.95,second_pass,7,second_pass_doc_05_chunk_0007,"the 1955 bus boycott in Montgomery, Alabama",0.0
arc_apex,JAS - MLK teaching UK schools,National Association for the Advancement of Colored People,Roy Wilkins,associated_with,arc:apex,kcl,organisation,person,True,False,seed_discovered,0.9,second_pass,23,second_pass_doc_05_chunk_0023,Roy Wilkins of the NAACP,1.0
arc_apex,JAS - MLK teaching UK schools,Roy Wilkins,Martin Luther King Jr.,opposed_to,arc:apex,kcl,person,person,False,True,seed_discovered,0.9,second_pass,23,second_pass_doc_05_chunk_0023,began to question King’s patriotism and lambasted him,0.0
arc_apex,JAS - MLK teaching UK schools,Southern Christian Leadership Conference,Chicago campaign,organised,arc:apex,kcl,organisation,campaign,True,False,seed_discovered,0.9,second_pass,8,second_pass_doc_05_chunk_0008,the SCLC's 1966 Chicago campaign,0.0
arc_apex,JAS - MLK teaching UK schools,Stokely Carmichael,Malcolm X,influenced_by,arc:apex,kcl,person,person,True,True,seed_seed,0.95,second_pass,31,second_pass_doc_05_chunk_0031,Malcolm's influence on Carmichael and other black power radicals is undisputed,0.0
arc_apex,JAS - MLK teaching UK schools,Whitney Young,Martin Luther King Jr.,opposed_to,arc:apex,kcl,person,person,False,True,seed_discovered,0.9,second_pass,23,second_pass_doc_05_chunk_0023,began to question King’s patriotism and lambasted him,0.0
arc_apex,M12_Frost,Black Power,Civil Rights Movement,associated_with,arc:apex,kcl,movement,movement,False,False,discovered_discovered,0.85,second_pass,3,second_pass_doc_06_chunk_0003,"many African Americans, under the banner of Black Power, turned their backs on American society",1.0
arc_apex,M12_Frost,Brown v. Board of Education,Civil Rights Movement,associated_with,arc:apex,kcl,law,movement,False,False,discovered_discovered,0.8,second_pass,7,second_pass_doc_06_chunk_0007,"of the 72% of students who mentioned Brown v. Board of Education (1954), 65% labeled it the Movement's ""first victory.""",1.0
arc_apex,M12_Frost,Brown v. Board of Education,Civil Rights Movement,connected_to,arc:apex,kcl,law,movement,False,False,discovered_discovered,0.9,second_pass,3,second_pass_doc_06_chunk_0003,using either Brown v. Board of Education or the Montgomery bus boycott as the starting point,1.0
arc_apex,M12_Frost,Civil Rights Act 1964,Civil Rights Movement,associated_with,arc:apex,kcl,law,movement,False,False,discovered_discovered,0.5,second_pass,2,second_pass_doc_06_chunk_0002,as evidenced by the Civil Rights Acts 1964 and 1965,1.0
arc_apex,M12_Frost,Civil Rights Act 1964,Civil Rights Movement,connected_to,arc:apex,kcl,law,movement,False,False,discovered_discovered,0.85,second_pass,3,second_pass_doc_06_chunk_0003,as evidenced by the Civil Rights Acts 1964 and 1965,1.0
arc_apex,M12_Frost,Civil Rights Movement,Brown v. Board of Education,influenced_by,arc:apex,kcl,movement,law,False,False,discovered_discovered,0.9,second_pass,4,second_pass_doc_06_chunk_0004,"the Movement was ""inspired"" by Brown v. Board of Education",1.0
arc_apex,M12_Frost,Civil Rights Movement,Ella Baker,associated_with,arc:apex,kcl,movement,person,False,True,seed_discovered,0.825,second_pass,5; 8,second_pass_doc_06_chunk_0005; second_pass_doc_06_chunk_0008,"including other individual figures such as Du Bois, Booker T. Washington and Ella Baker instead of just King alone || long-time activist Ella Baker",1.0
arc_apex,M12_Frost,Civil Rights Movement,Julian Bond,associated_with,arc:apex,kcl,movement,person,False,False,discovered_discovered,0.7,second_pass,2; 4,second_pass_doc_06_chunk_0002; second_pass_doc_06_chunk_0004,"Julian Bond's version of the master narrative of the Civil Rights Movement || in Julian Bond's statement of the master narrative quoted above, the Movement was ""inspired"" by Brown v. Board of Education",1.0
arc_apex,M12_Frost,Civil Rights Movement,Lyndon Johnson,associated_with,arc:apex,kcl,movement,person,False,False,discovered_discovered,0.6,second_pass,2,second_pass_doc_06_chunk_0002,"aided by a sympathetic federal government, most notably the Kennedy brothers and a born-again Lyndon Johnson",1.0
arc_apex,M12_Frost,Civil Rights Movement,Martin Luther King Jr.,associated_with,arc:apex,kcl,movement,person,False,True,seed_discovered,0.8500000000000001,second_pass,3; 8,second_pass_doc_06_chunk_0003; second_pass_doc_06_chunk_0008,"the prominence of King in their original narratives || to the assassination of Dr. Martin Luther King, Jr. in 1968",1.0
arc_apex,M12_Frost,Civil Rights Movement,Montgomery Bus Boycott,connected_to,arc:apex,kcl,movement,campaign,False,True,seed_discovered,0.9,second_pass,3,second_pass_doc_06_chunk_0003,using either Brown v. Board of Education or the Montgomery bus boycott as the starting point,1.0
arc_apex,M12_Frost,Ella Baker,Martin Luther King Jr.,associated_with,arc:apex,kcl,person,person,True,True,seed_seed,0.8,second_pass,5,second_pass_doc_06_chunk_0005,"Ella Baker contended, ""Martin didn't make the movement, the movement made Martin.""",1.0
arc_apex,M12_Frost,Freedom Rides,Civil Rights Movement,participated_in,arc:apex,kcl,event,movement,True,False,seed_discovered,0.6,second_pass,2,second_pass_doc_06_chunk_0002,"took protest to the street, in form of sit-ins, bus boycotts, and freedom rides",1.0
arc_apex,M12_Frost,Lyndon Johnson,Civil Rights Movement,leader_of,arc:apex,kcl,person,movement,False,False,discovered_discovered,0.8,second_pass,4,second_pass_doc_06_chunk_0004,"""led"" by King, the Kennedy brothers, and Lyndon Johnson",1.0
arc_apex,M12_Frost,Martin Luther King Jr.,Civil Rights Movement,leader_of,arc:apex,kcl,person,movement,True,False,seed_discovered,0.9,second_pass,2; 4; 5; 7,second_pass_doc_06_chunk_0002; second_pass_doc_06_chunk_0004; second_pass_doc_06_chunk_0005; second_pass_doc_06_chunk_0007,"""led"" by King, the Kennedy brothers, and Lyndon Johnson || The protest movement, led by the brilliant and eloquent Dr. Martin Luther King || the majority of students only mentioned King as a leader of the Movement || the role and leadership of Martin Luther King",1.0
arc_apex,Modjeska Monteith Simkins and black female leadership  propriety  politics  place and periodization in the African American freedom struggle,Black Power,Modjeska Monteith Simkins,associated_with,arc:apex,kcl,movement,person,False,False,discovered_discovered,0.71,second_pass,1; 4; 5; 26; 27,second_pass_doc_07_chunk_0001; second_pass_doc_07_chunk_0004; second_pass_doc_07_chunk_0005; second_pass_doc_07_chunk_0026; second_pass_doc_07_chunk_0027,"Simkins, like many Black Power advocates, pursued a fluid, pragmatic politics || her commitment to black political, economic and educational empowerment... was shared by many, even at the height of Black Power sentiment || particularly during the transition from the nominally 'civil rights' to the nominally 'black power' phase of the freedom struggle || the broader freedom struggle—that turn around binaries such as leader–organizer, figurehead–'bridge leader', nationalist–integrationist, radical–conservative, elite–grassroots, religious–secular, outsider–insider or, for that matter, Civil Rights–Black Power. || unencumbered and unimpressed by the macho posturing that sometimes compromised the progressive potential of Black Power",0.4
arc_apex,Modjeska Monteith Simkins and black female leadership  propriety  politics  place and periodization in the African American freedom struggle,Civil Rights Movement,Modjeska Monteith Simkins,associated_with,arc:apex,kcl,movement,person,False,False,discovered_discovered,0.8250000000000001,second_pass,1; 2; 4; 7; 25; 26,second_pass_doc_07_chunk_0001; second_pass_doc_07_chunk_0002; second_pass_doc_07_chunk_0004; second_pass_doc_07_chunk_0007; second_pass_doc_07_chunk_0025; second_pass_doc_07_chunk_0026,"In the case of Modjeska Simkins, gender, class, generational, religious, political, ideological and personal factors combined with the changing circumstances in Richland County and South Carolina to fashion her leadership. || Modjeska Monteith Simkins was one of the most significant voices in the struggle for African American rights in South Carolina during the twentieth century || Simkins continued to promote tactics and values that had dominated the early southern Civil Rights Movement || Women in the Civil Rights Movement: Trailblazers & Torchbearers || finding an appropriate analytical framework in which to place someone like Modjeska Simkins remains challenging",0.8333333333333334
arc_apex,Modjeska Monteith Simkins and black female leadership  propriety  politics  place and periodization in the African American freedom struggle,Civil Rights Movement,Montgomery Bus Boycott,associated_with,arc:apex,kcl,movement,event,False,True,seed_discovered,0.9,second_pass,18,second_pass_doc_07_chunk_0018,the Montgomery bus boycott and the early Civil Rights Movement,1.0
arc_apex,Modjeska Monteith Simkins and black female leadership  propriety  politics  place and periodization in the African American freedom struggle,Ella Baker,Modjeska Monteith Simkins,associated_with,arc:apex,kcl,person,person,True,False,seed_discovered,0.8,second_pass,28,second_pass_doc_07_chunk_0028,"Despite her preference for didacticism over the 'Socratic' methods favoured by Ella Baker, Simkins encouraged self- and communal empowerment",0.0
arc_apex,Modjeska Monteith Simkins and black female leadership  propriety  politics  place and periodization in the African American freedom struggle,Ella Baker,Modjeska Monteith Simkins,connected_to,arc:apex,kcl,person,person,True,False,seed_discovered,0.6,second_pass,27,second_pass_doc_07_chunk_0027,"There were also parallels with Ella Baker, another leader, who 'lived outside categories and labels'",0.0
arc_apex,Modjeska Monteith Simkins and black female leadership  propriety  politics  place and periodization in the African American freedom struggle,Martin Luther King Jr.,Newcastle upon Tyne,connected_to,arc:apex,kcl,person,place,True,False,seed_discovered,0.7,second_pass,28,second_pass_doc_07_chunk_0028,Martin Luther King in Newcastle upon Tyne: The African American Freedom Struggle and Race Relations in the North East of England,1.0
arc_apex,Modjeska Monteith Simkins and black female leadership  propriety  politics  place and periodization in the African American freedom struggle,Modjeska Monteith Simkins,Civil Rights Movement,participated_in,arc:apex,kcl,person,movement,False,False,discovered_discovered,0.9,second_pass,9,second_pass_doc_07_chunk_0009,Simkins's most important contribution to the nascent Civil Rights Movement in the Palmetto State came through her work with the NAACP,0.0
arc_apex,Modjeska Monteith Simkins and black female leadership  propriety  politics  place and periodization in the African American freedom struggle,Modjeska Monteith Simkins,Jim Crow regime,opposed_to,arc:apex,kcl,person,law,False,False,discovered_discovered,0.8,second_pass,19,second_pass_doc_07_chunk_0019,"Raised in a world of Jim Crow laws and practices, lynching and white supremacy, Simkins recognized the presence of institutionalized evil.",0.0
arc_apex,Modjeska Monteith Simkins and black female leadership  propriety  politics  place and periodization in the African American freedom struggle,Modjeska Monteith Simkins,NAACP Richland County Citizens Committee,associated_with,arc:apex,kcl,person,organisation,False,False,discovered_discovered,0.7833333333333333,second_pass,12; 14; 15; 16; 17; 18; 19; 21; 22; 23; 24; 25,second_pass_doc_07_chunk_0012; second_pass_doc_07_chunk_0014; second_pass_doc_07_chunk_0015; second_pass_doc_07_chunk_0016; second_pass_doc_07_chunk_0017; second_pass_doc_07_chunk_0018; second_pass_doc_07_chunk_0019; second_pass_doc_07_chunk_0021; second_pass_doc_07_chunk_0022; second_pass_doc_07_chunk_0023; second_pass_doc_07_chunk_0024; second_pass_doc_07_chunk_0025,"RCCC Radio Programme, 15 March 1972, 1–2: Simkins Papers, Topical Papers: NAACP Richland County Citizens Committee || RCCC Radio Programme, 17 January 1968, 4: Simkins Papers, Topical Papers: NAACP Richland County Citizens Committee, 1968 || RCCC Radio Programme, 7 June 1972, 1: Simkins Papers, Topical Papers: NAACP Richland County Citizens Committee || RCCC Radio Programme... Simkins Papers, Topical Papers: NAACP Richland County Citizens Committee || Simkins Papers, Topical Papers: NAACP Richland County Citizens Committee || Simkins's WOIC broadcasts and work with the RCCC reflected her bellicose spirit || That turnout was partly due to Simkins and the RCCC.",0.6666666666666666
arc_apex,Modjeska Monteith Simkins and black female leadership  propriety  politics  place and periodization in the African American freedom struggle,Modjeska Monteith Simkins,NAACP Richland County Citizens Committee,leader_of,arc:apex,kcl,person,organisation,False,False,discovered_discovered,0.7749999999999999,second_pass,13; 24,second_pass_doc_07_chunk_0013; second_pass_doc_07_chunk_0024,Simkins announced that the RCCC intended to 'emphasize the importance of increased voter registration' || Simkins formally announced the RCCC's opposition to the Vietnam War,0.5
arc_apex,Modjeska Monteith Simkins and black female leadership  propriety  politics  place and periodization in the African American freedom struggle,Modjeska Monteith Simkins,National Association for the Advancement of Colored People,associated_with,arc:apex,kcl,person,organisation,False,True,seed_discovered,0.78,second_pass,6; 7; 10; 11; 19,second_pass_doc_07_chunk_0006; second_pass_doc_07_chunk_0007; second_pass_doc_07_chunk_0010; second_pass_doc_07_chunk_0011; second_pass_doc_07_chunk_0019,"Modjeska Simkins and the South Carolina Conference of the NAACP || Modjeska Simkins and the South Carolina Conference of the NAACP, 1939–1957 || Simkins fell steadily out of favour with important factions within the state NAACP leadership || Woods, 'Modjeska Simkins and the South Carolina Conference of the NAACP', 102. || she began attending local NAACP meetings in her teens",0.6
arc_apex,Modjeska Monteith Simkins and black female leadership  propriety  politics  place and periodization in the African American freedom struggle,Modjeska Monteith Simkins,National Association for the Advancement of Colored People,leader_of,arc:apex,kcl,person,organisation,False,True,seed_discovered,0.9,second_pass,9; 23,second_pass_doc_07_chunk_0009; second_pass_doc_07_chunk_0023,in 1941 she became the Association's state secretary || who succeeded her as the NAACP Secretary of the State Conference of Branches,1.0
arc_apex,Modjeska Monteith Simkins and black female leadership  propriety  politics  place and periodization in the African American freedom struggle,Modjeska Monteith Simkins,National Association for the Advancement of Colored People,member_of,arc:apex,kcl,person,organisation,False,True,seed_discovered,0.95,second_pass,9,second_pass_doc_07_chunk_0009,she was serving on the Executive Committee of the Columbia NAACP,1.0
arc_apex,Modjeska Monteith Simkins and black female leadership  propriety  politics  place and periodization in the African American freedom struggle,Modjeska Monteith Simkins,National Association for the Advancement of Colored People,opposed_to,arc:apex,kcl,person,organisation,False,True,seed_discovered,0.7,second_pass,10,second_pass_doc_07_chunk_0010,she denounced the NAACP's local male leaders as too complacent and conciliatory,1.0
arc_apex,Modjeska Monteith Simkins and black female leadership  propriety  politics  place and periodization in the African American freedom struggle,Modjeska Monteith Simkins,National Association for the Advancement of Colored People,participated_in,arc:apex,kcl,person,organisation,False,True,seed_discovered,0.9,second_pass,9,second_pass_doc_07_chunk_0009,Simkins participated in every major NAACP initiative in South Carolina,0.0
arc_apex,Modjeska Monteith Simkins and black female leadership  propriety  politics  place and periodization in the African American freedom struggle,Modjeska Monteith Simkins,Rev. I. De Quincy Newman,opposed_to,arc:apex,kcl,person,person,False,False,discovered_discovered,0.85,second_pass,23,second_pass_doc_07_chunk_0023,old adversaries like Rev. I. De Quincy Newman,1.0
arc_apex,Modjeska Monteith Simkins and black female leadership  propriety  politics  place and periodization in the African American freedom struggle,Modjeska Monteith Simkins,Richland County Citizens Committee,associated_with,arc:apex,kcl,person,organisation,False,False,discovered_discovered,0.6,second_pass,21,second_pass_doc_07_chunk_0021,"RCCC Radio Programme, 21 June 1972, 1: Simkins Papers, Topical Papers: Richland County Citizens Committee",1.0
arc_apex,Modjeska Monteith Simkins and black female leadership  propriety  politics  place and periodization in the African American freedom struggle,Modjeska Monteith Simkins,Richland County Citizens Committee,leader_of,arc:apex,kcl,person,organisation,False,False,discovered_discovered,0.9,second_pass,10,second_pass_doc_07_chunk_0010,she served as director of publicity for the Richland County Citizens Committee,0.0
arc_apex,Modjeska Monteith Simkins and black female leadership  propriety  politics  place and periodization in the African American freedom struggle,Modjeska Monteith Simkins,Richland County Citizens Committee,member_of,arc:apex,kcl,person,organisation,False,False,discovered_discovered,0.85,second_pass,11,second_pass_doc_07_chunk_0011,It was as a representative of the RCCC that Simkins first began to appear regularly on WOIC,1.0
arc_apex,Modjeska Monteith Simkins and black female leadership  propriety  politics  place and periodization in the African American freedom struggle,Modjeska Monteith Simkins,Richland County Citizens Committee,organised,arc:apex,kcl,person,organisation,False,False,discovered_discovered,0.9,second_pass,10,second_pass_doc_07_chunk_0010,which she had helped to found in 1944,1.0
arc_apex,Modjeska Monteith Simkins and black female leadership  propriety  politics  place and periodization in the African American freedom struggle,Modjeska Monteith Simkins,Roy Wilkins,associated_with,arc:apex,kcl,person,person,False,False,discovered_discovered,0.6,second_pass,11,second_pass_doc_07_chunk_0011,"Letter from Modjeska Simkins to Roy Wilkins, 6 February 1956",1.0
arc_apex,Modjeska Monteith Simkins and black female leadership  propriety  politics  place and periodization in the African American freedom struggle,National Association for the Advancement of Colored People,Jim Crow regime,opposed_to,arc:apex,kcl,organisation,law,True,False,seed_discovered,0.8,second_pass,10,second_pass_doc_07_chunk_0010,the NAACP's emphasis on legal challenges to Jim Crow,0.0
arc_apex,Modjeska Monteith Simkins and black female leadership  propriety  politics  place and periodization in the African American freedom struggle,Rachel,National Association for the Advancement of Colored People,organised,arc:apex,kcl,person,organisation,False,True,seed_discovered,0.9,second_pass,6,second_pass_doc_07_chunk_0006,Her mother Rachel was an elementary school teacher who helped found the Columbia branch of the National Association for the Advancement of Colored People (NAACP),1.0
arc_apex,Modjeska Monteith Simkins and black female leadership  propriety  politics  place and periodization in the African American freedom struggle,Rev. I. De Quincy Newman,National Association for the Advancement of Colored People,leader_of,arc:apex,kcl,person,organisation,False,True,seed_discovered,0.9,second_pass,23,second_pass_doc_07_chunk_0023,"Rev. I. De Quincy Newman, who succeeded her as the NAACP Secretary of the State Conference of Branches",1.0
arc_apex,Modjeska Monteith Simkins and black female leadership  propriety  politics  place and periodization in the African American freedom struggle,Roy Wilkins,National Association for the Advancement of Colored People,leader_of,arc:apex,kcl,person,organisation,False,True,seed_discovered,0.95,second_pass,10,second_pass_doc_07_chunk_0010,the NAACP's Executive Secretary,1.0
arc_apex,MorrisAnnRev1999CRM,A. Philip Randolph,Civil Rights Movement,participated_in,arc:apex,kcl,person,movement,True,False,seed_discovered,0.9,second_pass,27,second_pass_doc_08_chunk_0027,"The expertise of leaders such as Ella Baker, A Philip Randolph, Bayard Rustin, and Septima Clark supplied the movement with vision and technical knowledge pertaining to collective action.",1.0
arc_apex,MorrisAnnRev1999CRM,A. Philip Randolph,March on Washington Movement,organised,arc:apex,kcl,person,movement,True,False,seed_discovered,0.9333333333333332,second_pass,5; 6; 10,second_pass_doc_08_chunk_0005; second_pass_doc_08_chunk_0006; second_pass_doc_08_chunk_0010,A Philip Randolph organized the March on Washington Movement (MOWM) || A Philip Randolph's March On Washington Movement (MOWM),0.6666666666666666
arc_apex,MorrisAnnRev1999CRM,"Albany, Georgia",Southern Christian Leadership Conference,associated_with,arc:apex,kcl,place,organisation,False,True,seed_discovered,0.7,second_pass,22,second_pass_doc_08_chunk_0022,"Albany, Georgia in 1962 when the movement failed to reach its goals because of the conflict between SCLC and SNCC",1.0
arc_apex,MorrisAnnRev1999CRM,"Albany, Georgia",Student Nonviolent Coordinating Committee,associated_with,arc:apex,kcl,place,organisation,False,True,seed_discovered,0.7,second_pass,22,second_pass_doc_08_chunk_0022,"Albany, Georgia in 1962 when the movement failed to reach its goals because of the conflict between SCLC and SNCC",1.0
arc_apex,MorrisAnnRev1999CRM,Bayard Rustin,Civil Rights Movement,associated_with,arc:apex,kcl,person,movement,True,False,seed_discovered,0.95,second_pass,18,second_pass_doc_08_chunk_0018,a major tactician of the civil rights movement,1.0
arc_apex,MorrisAnnRev1999CRM,Bayard Rustin,Civil Rights Movement,participated_in,arc:apex,kcl,person,movement,True,False,seed_discovered,0.9,second_pass,27,second_pass_doc_08_chunk_0027,"The expertise of leaders such as Ella Baker, A Philip Randolph, Bayard Rustin, and Septima Clark supplied the movement with vision and technical knowledge pertaining to collective action.",1.0
arc_apex,MorrisAnnRev1999CRM,Bayard Rustin,Mahatma Gandhi,influenced_by,arc:apex,kcl,person,person,True,False,seed_discovered,0.9,second_pass,17,second_pass_doc_08_chunk_0017,"James Farmer, Bayard Rustin, James Lawson and Glenn Smiley—had studied Gandhi's movement and became convinced that nonviolence could be used by African Americans.",0.0
arc_apex,MorrisAnnRev1999CRM,Bayard Rustin,Solidarity movement,connected_to,arc:apex,kcl,person,movement,True,False,seed_discovered,0.9,second_pass,18,second_pass_doc_08_chunk_0018,was summoned to Poland to give a series of colloquia and speeches,1.0
arc_apex,MorrisAnnRev1999CRM,Birmingham,Alabama,located_in,arc:apex,kcl,place,place,False,False,discovered_discovered,0.95,second_pass,13,second_pass_doc_08_chunk_0013,"The Birmingham, Alabama, confrontation in 1963",1.0
arc_apex,MorrisAnnRev1999CRM,Birmingham,Civil Rights Act 1964,associated_with,arc:apex,kcl,place,law,False,False,discovered_discovered,0.85,second_pass,14,second_pass_doc_08_chunk_0014,"Because of the Birmingham movement and its aftermath, the Federal government issued national legislation",0.0
arc_apex,MorrisAnnRev1999CRM,Birmingham,Civil Rights Movement,associated_with,arc:apex,kcl,place,movement,False,False,discovered_discovered,0.8,second_pass,14,second_pass_doc_08_chunk_0014,the Birmingham movement,1.0
arc_apex,MorrisAnnRev1999CRM,Brown v. Board of Education,Jim Crow regime,opposed_to,arc:apex,kcl,law,law,False,False,discovered_discovered,0.8,second_pass,6; 7,second_pass_doc_08_chunk_0006; second_pass_doc_08_chunk_0007,"They rebuked the Supreme Court for its decision, vowing never to integrate the schools nor to dismantle the Jim Crow regime. || This ruling literally swept away the legal grounds on which Jim Crow stood",1.0
arc_apex,MorrisAnnRev1999CRM,Civil Rights Act 1964,Civil Rights Movement,associated_with,arc:apex,kcl,law,movement,False,False,discovered_discovered,0.9,second_pass,15,second_pass_doc_08_chunk_0015,"legislation, and others generated by the civil rights movement",0.0
arc_apex,MorrisAnnRev1999CRM,Civil Rights Act 1964,Lyndon Johnson,associated_with,arc:apex,kcl,law,person,False,False,discovered_discovered,0.95,second_pass,14,second_pass_doc_08_chunk_0014,President Johnson signed into law the 1964 Civil Rights Act,1.0
arc_apex,MorrisAnnRev1999CRM,Civil Rights Movement,Brown v. Board of Education,influenced_by,arc:apex,kcl,movement,law,False,False,discovered_discovered,0.9,second_pass,7,second_pass_doc_08_chunk_0007,"The hope generated by the Brown Ruling and the outrage caused by Till's lynching, helped set the stage for the emergence of the modern civil rights movement.",0.0
arc_apex,MorrisAnnRev1999CRM,Civil Rights Movement,Congress of Racial Equality,associated_with,arc:apex,kcl,movement,organisation,False,True,seed_discovered,0.9,second_pass,12,second_pass_doc_08_chunk_0012,"formal organizational base of the movement, which already included... the Congress of Racial Equality (CORE)",0.0
arc_apex,MorrisAnnRev1999CRM,Civil Rights Movement,Diane Nash,associated_with,arc:apex,kcl,movement,person,False,True,seed_discovered,0.8,second_pass,26,second_pass_doc_08_chunk_0026,"civil rights activity were not unlike those of countless Black women such as Ella Baker, Septima Clark, Fannie Lou Hammer, and Diane Nash",1.0
arc_apex,MorrisAnnRev1999CRM,Civil Rights Movement,Ella Baker,associated_with,arc:apex,kcl,movement,person,False,True,seed_discovered,0.825,second_pass,25; 26,second_pass_doc_08_chunk_0025; second_pass_doc_08_chunk_0026,"civil rights activity were not unlike those of countless Black women such as Ella Baker || countless Black women such as Ella Baker, Septima Clark, Fannie Lou Hammer",1.0
arc_apex,MorrisAnnRev1999CRM,Civil Rights Movement,Fannie Lou Hamer,associated_with,arc:apex,kcl,movement,person,False,True,seed_discovered,0.825,second_pass,25; 26,second_pass_doc_08_chunk_0025; second_pass_doc_08_chunk_0026,"civil rights activity were not unlike those of countless Black women such as Ella Baker, Septima Clark, Fannie Lou Hammer, and Diane Nash || countless Black women such as Ella Baker, Septima Clark, Fannie Lou Hammer",1.0
arc_apex,MorrisAnnRev1999CRM,Civil Rights Movement,Freedom Rides,associated_with,arc:apex,kcl,movement,campaign,False,True,seed_discovered,0.8,second_pass,11,second_pass_doc_08_chunk_0011,"The disruptive tactics included boycotts, sit-ins, freedom rides, mass marches, mass jailings, and legal challenges.",0.0
arc_apex,MorrisAnnRev1999CRM,Civil Rights Movement,James Lawson,associated_with,arc:apex,kcl,movement,person,False,True,seed_discovered,0.75,second_pass,14,second_pass_doc_08_chunk_0014,James Lawson captured it best when he concluded,1.0
arc_apex,MorrisAnnRev1999CRM,Civil Rights Movement,Jim Crow regime,opposed_to,arc:apex,kcl,movement,law,False,False,discovered_discovered,0.9,second_pass,1; 10; 13,second_pass_doc_08_chunk_0001; second_pass_doc_08_chunk_0010; second_pass_doc_08_chunk_0013,led to the overthrow of the formal Jim Crow order || the civil rights movement was able to overthrow the Southern Jim Crow regime || the fate of Jim Crow rested in the hands of the Black masses,1.0
arc_apex,MorrisAnnRev1999CRM,Civil Rights Movement,Mahatma Gandhi,influenced_by,arc:apex,kcl,movement,person,False,False,discovered_discovered,0.9,second_pass,17,second_pass_doc_08_chunk_0017,Ghandi's use of nonviolence was important to the civil rights movement,0.0
arc_apex,MorrisAnnRev1999CRM,Civil Rights Movement,March on Washington Movement,associated_with,arc:apex,kcl,movement,movement,False,False,discovered_discovered,0.75,second_pass,10,second_pass_doc_08_chunk_0010,"With the exception of the Garvey Movement and A Philip Randolph's March On Washington Movement (MOWM), the mass base of the prior protests was too restricted to threaten the Jim Crow order.",0.0
arc_apex,MorrisAnnRev1999CRM,Civil Rights Movement,Martin Luther King Jr.,associated_with,arc:apex,kcl,movement,person,False,True,seed_discovered,0.85,second_pass,18,second_pass_doc_08_chunk_0018,"King, the charismatic leader who won the Nobel Peace Prize, was another important factor that fixed international attention upon the civil rights movement",1.0
arc_apex,MorrisAnnRev1999CRM,Civil Rights Movement,Montgomery Bus Boycott,associated_with,arc:apex,kcl,movement,campaign,False,True,seed_discovered,0.85,second_pass,10; 11,second_pass_doc_08_chunk_0010; second_pass_doc_08_chunk_0011,"RETROSPECTIVE ON CIVIL RIGHTS MOVEMENT 525 || The 1955 Montgomery, Alabama, year-long mass-based bus boycott and the unfolding decade of Black protest changed all this.",1.0
arc_apex,MorrisAnnRev1999CRM,Civil Rights Movement,National Association for the Advancement of Colored People,associated_with,arc:apex,kcl,movement,organisation,False,True,seed_discovered,0.875,second_pass,12; 27,second_pass_doc_08_chunk_0012; second_pass_doc_08_chunk_0027,"By the time of the modern civil rights movement, the NAACP had developed a sophisticated legal strategy to attack racial segregation. This strategy became one of the central features of the nonviolent direct action movement. || formal organizational base of the movement, which already included... the NAACP",0.0
arc_apex,MorrisAnnRev1999CRM,Civil Rights Movement,Reconstruction,connected_to,arc:apex,kcl,movement,event,False,False,discovered_discovered,0.4,second_pass,3,second_pass_doc_08_chunk_0003,between the end of Reconstruction and the modern civil rights era,1.0
arc_apex,MorrisAnnRev1999CRM,Civil Rights Movement,Rosa Parks,associated_with,arc:apex,kcl,movement,person,False,True,seed_discovered,0.875,second_pass,25; 26,second_pass_doc_08_chunk_0025; second_pass_doc_08_chunk_0026,Parks' resistance and civil rights activity || Rosa Parks is known as the mother of the civil rights movement,0.5
arc_apex,MorrisAnnRev1999CRM,Civil Rights Movement,Selma,associated_with,arc:apex,kcl,movement,place,False,False,discovered_discovered,0.8,second_pass,14,second_pass_doc_08_chunk_0014,the Selma confrontations outraged the nation,1.0
arc_apex,MorrisAnnRev1999CRM,Civil Rights Movement,Septima Clark,associated_with,arc:apex,kcl,movement,person,False,False,discovered_discovered,0.825,second_pass,25; 26,second_pass_doc_08_chunk_0025; second_pass_doc_08_chunk_0026,"civil rights activity were not unlike those of countless Black women such as Ella Baker, Septima Clark || countless Black women such as Ella Baker, Septima Clark, Fannie Lou Hammer",1.0
arc_apex,MorrisAnnRev1999CRM,Civil Rights Movement,Southern Christian Leadership Conference,associated_with,arc:apex,kcl,movement,organisation,False,True,seed_discovered,0.9,second_pass,12,second_pass_doc_08_chunk_0012,"formal organizational base of the movement, which already included the Southern Christian Leadership Conference (SCLC)",0.0
arc_apex,MorrisAnnRev1999CRM,Civil Rights Movement,Student Nonviolent Coordinating Committee,associated_with,arc:apex,kcl,movement,organisation,False,True,seed_discovered,0.9,second_pass,12,second_pass_doc_08_chunk_0012,SNCC constituted the framework through which large numbers of white college students came to participate in the civil rights movement.,1.0
arc_apex,MorrisAnnRev1999CRM,Civil Rights Movement,lunch counter sit-ins,associated_with,arc:apex,kcl,movement,campaign,False,False,discovered_discovered,0.8,second_pass,11,second_pass_doc_08_chunk_0011,The 1960 student sit-ins at segregated lunch coun,0.0
arc_apex,MorrisAnnRev1999CRM,Civil Rights Movement,sit-in movement,associated_with,arc:apex,kcl,movement,movement,False,False,discovered_discovered,0.8666666666666667,second_pass,12; 22; 23,second_pass_doc_08_chunk_0012; second_pass_doc_08_chunk_0022; second_pass_doc_08_chunk_0023,"The sit-in movement and SNCC constituted the framework through which large numbers of white college students came to participate in the civil rights movement. || direct action and especially the sit-in, which the civil rights movement utilized and made famous around the globe || the sit-in, which the civil rights movement utilized and made famous around the globe",0.6666666666666666
arc_apex,MorrisAnnRev1999CRM,Congress of Racial Equality,Civil Rights Movement,participated_in,arc:apex,kcl,organisation,movement,True,False,seed_discovered,0.95,second_pass,16,second_pass_doc_08_chunk_0016,"Organizations like SCLC, NAACP, CORE and SNCC were very visible in the civil rights movement",0.0
arc_apex,MorrisAnnRev1999CRM,Ella Baker,Civil Rights Movement,participated_in,arc:apex,kcl,person,movement,True,False,seed_discovered,0.9,second_pass,27,second_pass_doc_08_chunk_0027,"The expertise of leaders such as Ella Baker, A Philip Randolph, Bayard Rustin, and Septima Clark supplied the movement with vision and technical knowledge pertaining to collective action.",1.0
arc_apex,MorrisAnnRev1999CRM,Intifadah Movement,Civil Rights Movement,influenced_by,arc:apex,kcl,movement,movement,False,False,discovered_discovered,0.95,second_pass,18,second_pass_doc_08_chunk_0018,they absorbed the lessons of America's nonviolent direct action civil rights movement,0.0
arc_apex,MorrisAnnRev1999CRM,Intifadah Movement,Martin Luther King Jr.,influenced_by,arc:apex,kcl,movement,person,False,True,seed_discovered,0.85,second_pass,18,second_pass_doc_08_chunk_0018,acquiring films on the Black movement and Martin Luther King,1.0
arc_apex,MorrisAnnRev1999CRM,James Lawson,Mahatma Gandhi,influenced_by,arc:apex,kcl,person,person,True,False,seed_discovered,0.9,second_pass,17,second_pass_doc_08_chunk_0017,"James Farmer, Bayard Rustin, James Lawson and Glenn Smiley—had studied Gandhi's movement and became convinced that nonviolence could be used by African Americans.",0.0
arc_apex,MorrisAnnRev1999CRM,James Lawson,Martin Luther King Jr.,associated_with,arc:apex,kcl,person,person,True,True,seed_seed,0.8,second_pass,12,second_pass_doc_08_chunk_0012,"As James Lawson put it, (cid:147)Any time King went to a movement, immediately the focus of the nation was on that community",1.0
arc_apex,MorrisAnnRev1999CRM,Ku Klux Klan,Civil Rights Movement,opposed_to,arc:apex,kcl,organisation,movement,False,False,discovered_discovered,0.5,second_pass,3,second_pass_doc_08_chunk_0003,"white supremacist groups, including the Ku Klux Klan...used intimidation, force, ostracism in business and society, bribery at the polls, arson, and even murder",0.0
arc_apex,MorrisAnnRev1999CRM,Martin Luther King Jr.,Civil Rights Movement,participated_in,arc:apex,kcl,person,movement,True,False,seed_discovered,0.8,second_pass,12,second_pass_doc_08_chunk_0012,"Any time King went to a movement, immediately the focus of the nation was on that community",1.0
arc_apex,MorrisAnnRev1999CRM,Martin Luther King Jr.,Mahatma Gandhi,influenced_by,arc:apex,kcl,person,person,True,False,seed_discovered,0.95,second_pass,17,second_pass_doc_08_chunk_0017,Gandhi became a hero and a source of inspiration for Martin Luther King Jr.,1.0
arc_apex,MorrisAnnRev1999CRM,Martin Luther King Jr.,Montgomery Bus Boycott,leader_of,arc:apex,kcl,person,campaign,True,True,seed_seed,0.85,second_pass,11,second_pass_doc_08_chunk_0011,"A young Black minister, Martin Luther King, Jr., who came to personify the role of charismatic leader, was chosen to lead the movement.",1.0
arc_apex,MorrisAnnRev1999CRM,Martin Luther King Jr.,Montgomery Improvement Association,leader_of,arc:apex,kcl,person,organisation,True,False,seed_discovered,0.9,second_pass,11,second_pass_doc_08_chunk_0011,"A young Black minister, Martin Luther King, Jr., who came to personify the role of charismatic leader, was chosen to lead the movement.",1.0
arc_apex,MorrisAnnRev1999CRM,Montgomery,Selma,connected_to,arc:apex,kcl,place,place,False,False,discovered_discovered,0.85,second_pass,13,second_pass_doc_08_chunk_0013,thousands of people from across the nation initiated a highly visible march from Selma to Montgomery,1.0
arc_apex,MorrisAnnRev1999CRM,Montgomery Bus Boycott,"Montgomery, Alabama",located_in,arc:apex,kcl,campaign,place,True,False,seed_discovered,0.925,second_pass,10; 11; 25; 26,second_pass_doc_08_chunk_0010; second_pass_doc_08_chunk_0011; second_pass_doc_08_chunk_0025; second_pass_doc_08_chunk_0026,"Montgomery, Alabama bus boycott || The 1955 Montgomery, Alabama, year-long mass-based bus boycott || The Montgomery boycott demonstrated that protest could be sustained indefinitely || the Montgomery, Alabama bus boycott",0.25
arc_apex,MorrisAnnRev1999CRM,Montgomery Improvement Association,Montgomery Bus Boycott,organised,arc:apex,kcl,organisation,campaign,False,True,seed_discovered,0.75,second_pass,11,second_pass_doc_08_chunk_0011,"Out of Montgomery came the Montgomery Improvement Association (MIA), the first highly visible social movement organization (SMO) of direct action protests.",0.0
arc_apex,MorrisAnnRev1999CRM,Montgomery Improvement Association,"Montgomery, Alabama",located_in,arc:apex,kcl,organisation,place,False,False,discovered_discovered,0.9,second_pass,11,second_pass_doc_08_chunk_0011,Out of Montgomery came the Montgomery Improvement Association (MIA),1.0
arc_apex,MorrisAnnRev1999CRM,National Association for the Advancement of Colored People,Brown v. Board of Education,participated_in,arc:apex,kcl,organisation,law,True,False,seed_discovered,0.9,second_pass,6,second_pass_doc_08_chunk_0006,In the Brown case the NAACP won a major Supreme Court ruling,1.0
arc_apex,MorrisAnnRev1999CRM,National Association for the Advancement of Colored People,Civil Rights Movement,participated_in,arc:apex,kcl,organisation,movement,True,False,seed_discovered,0.95,second_pass,16,second_pass_doc_08_chunk_0016,"Organizations like SCLC, NAACP, CORE and SNCC were very visible in the civil rights movement",0.0
arc_apex,MorrisAnnRev1999CRM,National Association for the Advancement of Colored People,Jim Crow regime,opposed_to,arc:apex,kcl,organisation,law,True,False,seed_discovered,0.925,second_pass,4; 5,second_pass_doc_08_chunk_0004; second_pass_doc_08_chunk_0005,organized specifically to attack the Jim Crow regime and racial inequality || the NAACP was the first national protest organization organized specifically to attack the Jim Crow regime and racial inequality,1.0
arc_apex,MorrisAnnRev1999CRM,Rosa Parks,Montgomery Bus Boycott,participated_in,arc:apex,kcl,person,campaign,True,True,seed_seed,0.9,second_pass,25; 26,second_pass_doc_08_chunk_0025; second_pass_doc_08_chunk_0026,"her refusal to give a white man her seat on a segregated bus sparked the Montgomery, Alabama bus boycott || sparked the Montgomery, Alabama bus boycott",0.0
arc_apex,MorrisAnnRev1999CRM,Selma,Alabama,located_in,arc:apex,kcl,place,place,False,False,discovered_discovered,0.95,second_pass,13,second_pass_doc_08_chunk_0013,"the Selma, Alabama, confrontation in 1965",0.0
arc_apex,MorrisAnnRev1999CRM,Septima Clark,Civil Rights Movement,participated_in,arc:apex,kcl,person,movement,False,False,discovered_discovered,0.9,second_pass,27,second_pass_doc_08_chunk_0027,"The expertise of leaders such as Ella Baker, A Philip Randolph, Bayard Rustin, and Septima Clark supplied the movement with vision and technical knowledge pertaining to collective action.",1.0
arc_apex,MorrisAnnRev1999CRM,Shen Tong,Mahatma Gandhi,influenced_by,arc:apex,kcl,person,person,False,False,discovered_discovered,0.95,second_pass,18,second_pass_doc_08_chunk_0018,I read about Martin Luther King Jr. and Mahatma Gandhi,1.0
arc_apex,MorrisAnnRev1999CRM,Shen Tong,Martin Luther King Jr.,influenced_by,arc:apex,kcl,person,person,False,True,seed_discovered,0.95,second_pass,18,second_pass_doc_08_chunk_0018,my first encounter with the concept of nonviolence was in high school when I read about Martin Luther King Jr.,1.0
arc_apex,MorrisAnnRev1999CRM,Solidarity movement,Civil Rights Movement,influenced_by,arc:apex,kcl,movement,movement,False,False,discovered_discovered,0.8,second_pass,18,second_pass_doc_08_chunk_0018,was summoned to Poland to give a series of colloquia and speeches on how nonviolent direct action worked in the civil rights movement,0.0
arc_apex,MorrisAnnRev1999CRM,Southern Christian Leadership Conference,Civil Rights Movement,participated_in,arc:apex,kcl,organisation,movement,True,False,seed_discovered,0.95,second_pass,16,second_pass_doc_08_chunk_0016,"Organizations like SCLC, NAACP, CORE and SNCC were very visible in the civil rights movement",0.0
arc_apex,MorrisAnnRev1999CRM,Southern Christian Leadership Conference,Student Nonviolent Coordinating Committee,opposed_to,arc:apex,kcl,organisation,organisation,True,True,seed_seed,0.9,second_pass,22,second_pass_doc_08_chunk_0022,the conflict between SCLC and SNCC,1.0
arc_apex,MorrisAnnRev1999CRM,Student Nonviolent Coordinating Committee,Civil Rights Movement,participated_in,arc:apex,kcl,organisation,movement,True,False,seed_discovered,0.95,second_pass,16,second_pass_doc_08_chunk_0016,"Organizations like SCLC, NAACP, CORE and SNCC were very visible in the civil rights movement",0.0
arc_apex,MorrisAnnRev1999CRM,sit-in movement,Student Nonviolent Coordinating Committee,associated_with,arc:apex,kcl,movement,organisation,False,True,seed_discovered,0.9,second_pass,12,second_pass_doc_08_chunk_0012,The sit-in movement was also critical because it led to the formation of the Student Nonviolent Coordination Committee (SNCC),1.0
arc_apex,The Black Power Movement  A historiographical understanding of how scholarship has shaped the legacy of the Black Power Movement,Black Panther Party,Black Power Movement,associated_with,arc:apex,kcl,organisation,movement,False,False,discovered_discovered,0.75,second_pass,5; 8; 9,second_pass_doc_10_chunk_0005; second_pass_doc_10_chunk_0008; second_pass_doc_10_chunk_0009,"Black Power Movement groups were demonized using imagery that portrayed Black characters as radical || legacy of ""radicaliz- ing"" groups such as the BPP, Nation of Islam (NOI), and the Black Liberation Army (BLA)... helps explain the legacies left behind from the Black Power movement || the pattern of Panther activity is designed to undermine our institution",0.6666666666666666
arc_apex,The Black Power Movement  A historiographical understanding of how scholarship has shaped the legacy of the Black Power Movement,Black Power Movement,Civil Rights Movement,associated_with,arc:apex,kcl,movement,movement,False,False,discovered_discovered,0.7000000000000001,second_pass,2; 5; 8,second_pass_doc_10_chunk_0002; second_pass_doc_10_chunk_0005; second_pass_doc_10_chunk_0008,"This is contrary to the mainstream narrative of scholarship surrounding the Civil Rights Movement || a legacy of the Black Power Movement, which was more apt to use violence and force to create change in contrast to the civil rights protests || describing it as an extension of the Civil Rights Movement",1.0
arc_apex,The Black Power Movement  A historiographical understanding of how scholarship has shaped the legacy of the Black Power Movement,Malcolm X,Black Power Movement,leader_of,arc:apex,kcl,person,movement,True,False,seed_discovered,0.7749999999999999,second_pass,9; 10,second_pass_doc_10_chunk_0009; second_pass_doc_10_chunk_0010,Black Power Organizations and leaders such as Malcolm X || Black Power Organizations and leaders such as Malcolm X did not coddle their followers,1.0
arc_apex,s41599-024-03182-3,Alabama,Student Nonviolent Coordinating Committee,associated_with,arc:apex,kcl,place,organisation,False,True,seed_discovered,0.8,second_pass,13,second_pass_doc_09_chunk_0013,"mobilizing poor, rural Black communities in the Deep South (e.g., Alabama, Georgia, Mississippi)",1.0
arc_apex,s41599-024-03182-3,"Albany, Georgia",Civil Rights Movement,associated_with,arc:apex,kcl,place,movement,False,False,discovered_discovered,0.8,second_pass,23,second_pass_doc_09_chunk_0023,Albany's Freedom Alley was a holding spot near the city jail where hundreds of arrested civil rights workers awaited booking,0.0
arc_apex,s41599-024-03182-3,Atlanta,Ruby Doris Smith Robinson,associated_with,arc:apex,kcl,place,person,False,False,discovered_discovered,0.75,second_pass,21,second_pass_doc_09_chunk_0021,ran many office and financial operations in the Atlanta headquarters,0.0
arc_apex,s41599-024-03182-3,Black Power,Student Nonviolent Coordinating Committee,associated_with,arc:apex,kcl,movement,organisation,False,True,seed_discovered,0.85,second_pass,27,second_pass_doc_09_chunk_0027,eventually leading to the expulsion of white staff and activists from the organization as it embraced a Black power ideology,1.0
arc_apex,s41599-024-03182-3,Civil Rights Movement,Freedom Rides,associated_with,arc:apex,kcl,movement,campaign,False,True,seed_discovered,0.85,second_pass,23,second_pass_doc_09_chunk_0023,"applying the word 'Freedom' to a wide range of places, institutions, organizations, and practices. These included... Freedom rides",0.0
arc_apex,s41599-024-03182-3,Civil Rights Movement,Freedom Singers,associated_with,arc:apex,kcl,movement,organisation,False,False,discovered_discovered,0.7,second_pass,35,second_pass_doc_09_chunk_0035,The Freedom Singers of the Civil Rights Movement,1.0
arc_apex,s41599-024-03182-3,Civil Rights Movement,Martin Luther King Jr.,associated_with,arc:apex,kcl,movement,person,False,True,seed_discovered,0.85,second_pass,5,second_pass_doc_09_chunk_0005,singular figures like Martin Luther King,0.0
arc_apex,s41599-024-03182-3,Civil Rights Movement,Mississippi Freedom Schools,associated_with,arc:apex,kcl,movement,organisation,False,False,discovered_discovered,0.725,second_pass,23; 34,second_pass_doc_09_chunk_0023; second_pass_doc_09_chunk_0034,The Freedom Schools: Student activists in the Mississippi Civil Rights Movement || the 41 Mississippi Freedom Schools which taught nearly 2500 students in the summer of 1964,0.5
arc_apex,s41599-024-03182-3,Civil Rights Movement,Montgomery Bus Boycott,associated_with,arc:apex,kcl,movement,event,False,True,seed_discovered,0.9,second_pass,19,second_pass_doc_09_chunk_0019,marks for a larger portion of the public the formal beginning of the Civil Rights Movement,1.0
arc_apex,s41599-024-03182-3,Civil Rights Movement,Student Nonviolent Coordinating Committee,associated_with,arc:apex,kcl,movement,organisation,False,True,seed_discovered,0.7875,second_pass,5; 12; 23; 34,second_pass_doc_09_chunk_0005; second_pass_doc_09_chunk_0012; second_pass_doc_09_chunk_0023; second_pass_doc_09_chunk_0034,SNCC's creative name-work to unlock broader understandings of the selective way that the Civil Rights Movement || SNCC's onomastic tactics focuses on one of the most common practices of name changing during the Civil Rights Movement || SNCC's stories: The African American Freedom Movement in the civil rights South || civil rights activism in SNCC,1.0
arc_apex,s41599-024-03182-3,Council of Federated Organizations,Student Nonviolent Coordinating Committee,collaborated_with,arc:apex,kcl,organisation,organisation,False,True,seed_discovered,0.95,second_pass,25,second_pass_doc_09_chunk_0025,SNCC and allied organizations such as COFO (Council of Federated Organizations) organized and worked,1.0
arc_apex,s41599-024-03182-3,Ella Baker,Student Nonviolent Coordinating Committee,leader_of,arc:apex,kcl,person,organisation,True,True,seed_seed,0.875,second_pass,13; 22,second_pass_doc_09_chunk_0013; second_pass_doc_09_chunk_0022,its founder and advisor Ella Baker || some of SNCC’s most noted women leaders... named for Ella Baker,0.5
arc_apex,s41599-024-03182-3,Fannie Lou Hamer,Student Nonviolent Coordinating Committee,leader_of,arc:apex,kcl,person,organisation,True,True,seed_seed,0.85,second_pass,22,second_pass_doc_09_chunk_0022,some of SNCC’s most noted women leaders... honoring Fannie Lou Hamer,0.0
arc_apex,s41599-024-03182-3,Freedom Schools,Student Nonviolent Coordinating Committee,associated_with,arc:apex,kcl,organisation,organisation,False,True,seed_discovered,0.75,second_pass,23,second_pass_prompt_fix_doc_09_chunk_0023,"SNCC's onomastic tactics focuses on... applying the word 'Freedom' to a wide range of places, institutions, organizations, and practices. These included Freedom schools",0.0
arc_apex,s41599-024-03182-3,Freedom Singers,Civil Rights Movement,participated_in,arc:apex,kcl,organisation,movement,False,False,discovered_discovered,0.6,second_pass,24,second_pass_doc_09_chunk_0024,to combat the fear and uncertainty of what lay ahead in the Movement,1.0
arc_apex,s41599-024-03182-3,Freedom Singers,Student Nonviolent Coordinating Committee,associated_with,arc:apex,kcl,organisation,organisation,False,True,seed_discovered,0.85,second_pass,24,second_pass_doc_09_chunk_0024,the job of the Freedom Singers was to raise money for SNCC and educate the public of its grassroots campaigns for civil rights,1.0
arc_apex,s41599-024-03182-3,Freedom houses,Freedom Summer,associated_with,arc:apex,kcl,organisation,campaign,False,False,discovered_discovered,0.85,second_pass,25,second_pass_doc_09_chunk_0025,"during the Freedom Summer of 1964, approximately seventy homes and community centers were bombed—including some Freedom houses",1.0
arc_apex,s41599-024-03182-3,Freedom houses,Student Nonviolent Coordinating Committee,associated_with,arc:apex,kcl,organisation,organisation,False,True,seed_discovered,0.875,second_pass,25; 27,second_pass_doc_09_chunk_0025; second_pass_doc_09_chunk_0027,"Freedom houses sometimes operated as integrated homes, where SNCC activists modeled a society || SNCC used the name Freedom house to refer to: (1) structures rented to house civil rights workers",1.0
arc_apex,s41599-024-03182-3,James Forman,Ruby Doris Smith Robinson,collaborated_with,arc:apex,kcl,person,person,True,False,seed_discovered,0.85,second_pass,21,second_pass_doc_09_chunk_0021,Robinson served as the administrative secretary to SNCC Executive Secretary Jim Forman,1.0
arc_apex,s41599-024-03182-3,James Forman,Student Nonviolent Coordinating Committee,leader_of,arc:apex,kcl,person,organisation,True,True,seed_seed,0.95,second_pass,16; 21,second_pass_doc_09_chunk_0016; second_pass_doc_09_chunk_0021,SNCC Executive Secretary Jim Forman || SNCC Executive Secretary Jim Forman's mandate to document everything,1.0
arc_apex,s41599-024-03182-3,Julian Bond,Mary King,collaborated_with,arc:apex,kcl,person,person,False,False,discovered_discovered,0.9,second_pass,17,second_pass_doc_09_chunk_0017,Julian and I set up a list of dummy surnames,1.0
arc_apex,s41599-024-03182-3,Julian Bond,Student Nonviolent Coordinating Committee,leader_of,arc:apex,kcl,person,organisation,False,True,seed_discovered,0.9,second_pass,17,second_pass_doc_09_chunk_0017,Julian Bond and Mary King—who headed up SNCC’s telephone network,1.0
arc_apex,s41599-024-03182-3,Ku Klux Klan,Student Nonviolent Coordinating Committee,opposed_to,arc:apex,kcl,organisation,organisation,False,True,seed_discovered,0.6,second_pass,18,second_pass_doc_09_chunk_0018,mobilization centers under attack by Klan nightriders,1.0
arc_apex,s41599-024-03182-3,Martin Luther King Jr.,Civil Rights Movement,leader_of,arc:apex,kcl,person,movement,True,False,seed_discovered,0.85,second_pass,10,second_pass_doc_09_chunk_0010,"slain civil rights leader Martin Luther King, Jr",1.0
arc_apex,s41599-024-03182-3,Martin Luther King Jr.,National Association for the Advancement of Colored People,associated_with,arc:apex,kcl,person,organisation,True,True,seed_seed,0.85,second_pass,10,second_pass_doc_09_chunk_0010,Street naming proposals—most coming from local chapters of the NAACP...have placed immense value in memorializing King,0.0
arc_apex,s41599-024-03182-3,Martin Luther King Jr.,Southern Christian Leadership Conference,associated_with,arc:apex,kcl,person,organisation,True,True,seed_seed,0.85,second_pass,10,second_pass_doc_09_chunk_0010,Street naming proposals—most coming from local chapters of the NAACP...and SCLC...have placed immense value in memorializing King,0.0
arc_apex,s41599-024-03182-3,Mary King,Student Nonviolent Coordinating Committee,leader_of,arc:apex,kcl,person,organisation,False,True,seed_discovered,0.9,second_pass,17,second_pass_doc_09_chunk_0017,Julian Bond and Mary King—who headed up SNCC’s telephone network,1.0
arc_apex,s41599-024-03182-3,Mississippi Freedom Schools,Student Nonviolent Coordinating Committee,associated_with,arc:apex,kcl,organisation,organisation,False,True,seed_discovered,0.85,second_pass,19,second_pass_doc_09_chunk_0019,the curriculum the organization helped develop for Mississippi Freedom Schools,1.0
arc_apex,s41599-024-03182-3,Mississippi Freedom Summer,Student Nonviolent Coordinating Committee,associated_with,arc:apex,kcl,campaign,organisation,False,True,seed_discovered,0.85,second_pass,16,second_pass_doc_09_chunk_0016,Forman set up and staffed a WATS line in 1963 as part of the lead up to the 1964 Mississippi Freedom Summer,1.0
arc_apex,s41599-024-03182-3,Montgomery Bus Boycott,"Montgomery, Alabama",located_in,arc:apex,kcl,campaign,place,True,False,seed_discovered,0.95,second_pass,18,second_pass_doc_09_chunk_0018,"Montgomery, Alabama, and the bus boycott of 1955–56",0.0
arc_apex,s41599-024-03182-3,Ruby Doris Smith Robinson,Ella Baker,influenced_by,arc:apex,kcl,person,person,False,True,seed_discovered,0.9,second_pass,21,second_pass_doc_09_chunk_0021,"Mentored by civil rights icon Ella Baker, Robinson",1.0
arc_apex,s41599-024-03182-3,Ruby Doris Smith Robinson,Freedom Rides,participated_in,arc:apex,kcl,person,event,False,True,seed_discovered,0.95,second_pass,21,second_pass_doc_09_chunk_0021,participated in the Freedom Rides of 1961,1.0
arc_apex,s41599-024-03182-3,Ruby Doris Smith Robinson,Sojourner Truth,associated_with,arc:apex,kcl,person,person,False,False,discovered_discovered,0.8,second_pass,21,second_pass_doc_09_chunk_0021,the kinship that Ruby Doris Smith Robinson and other women activists in SNCC felt with the early feminist praxis of Sojourner Truth,1.0
arc_apex,s41599-024-03182-3,Ruby Doris Smith Robinson,Sojourner Truth Motor Fleet,associated_with,arc:apex,kcl,person,organisation,False,False,discovered_discovered,0.9,second_pass,22,second_pass_doc_09_chunk_0022,SNCC leaders such as Robinson to rename their subversive transportation system... The example of the Sojourner Motor Fleet,0.0
arc_apex,s41599-024-03182-3,Ruby Doris Smith Robinson,Sojourner Truth Motor Fleet,leader_of,arc:apex,kcl,person,organisation,False,False,discovered_discovered,0.9,second_pass,21,second_pass_prompt_fix_doc_09_chunk_0021,Ruby Doris Smith Robinson established and shrewdly managed the car system,1.0
arc_apex,s41599-024-03182-3,Ruby Doris Smith Robinson,Sojourner Truth Motor Fleet,organised,arc:apex,kcl,person,organisation,False,False,discovered_discovered,0.9,second_pass,21,second_pass_doc_09_chunk_0021,Ruby Doris Smith Robinson established and shrewdly managed the car system,1.0
arc_apex,s41599-024-03182-3,Ruby Doris Smith Robinson,Student Nonviolent Coordinating Committee,leader_of,arc:apex,kcl,person,organisation,False,True,seed_discovered,0.95,second_pass,21; 22,second_pass_doc_09_chunk_0021; second_pass_doc_09_chunk_0022,SNCC members elected Robinson to replace him as executive secretary || The decision of SNCC leaders such as Robinson to rename their subversive transportation system,1.0
arc_apex,s41599-024-03182-3,Ruby Doris Smith Robinson,Student Nonviolent Coordinating Committee,member_of,arc:apex,kcl,person,organisation,False,True,seed_discovered,0.95,second_pass,21,second_pass_doc_09_chunk_0021,Robinson was a founding member of SNCC,1.0
arc_apex,s41599-024-03182-3,Sojourner Truth,Sojourner Truth Motor Fleet,connected_to,arc:apex,kcl,person,organisation,False,False,discovered_discovered,0.9,second_pass,21,second_pass_prompt_fix_doc_09_chunk_0021,the naming of the Motor Fleet,1.0
arc_apex,s41599-024-03182-3,Sojourner Truth,Student Nonviolent Coordinating Committee,associated_with,arc:apex,kcl,person,organisation,False,True,seed_discovered,0.85,second_pass,21,second_pass_doc_09_chunk_0021,SNCC invoked the name of Sojourner Truth,1.0
arc_apex,s41599-024-03182-3,Sojourner Truth Garage,Student Nonviolent Coordinating Committee,associated_with,arc:apex,kcl,organisation,organisation,False,True,seed_discovered,0.9,second_pass,20,second_pass_prompt_fix_doc_09_chunk_0020,Establishing a ﬂeet of cars for activists in 1964 and a mechanic shop by 1965 (called Sojourner Truth Garage),1.0
arc_apex,s41599-024-03182-3,Sojourner Truth Motor Fleet,Sojourner Truth,associated_with,arc:apex,kcl,organisation,person,False,False,discovered_discovered,0.9,second_pass,20; 22,second_pass_doc_09_chunk_0020; second_pass_doc_09_chunk_0022,Sojourner Truth's name identified and participated in an antiracist mobility work || rename their subversive transportation system for Sojourner Truth... The example of the Sojourner Motor Fleet,0.0
arc_apex,s41599-024-03182-3,Sojourner Truth Motor Fleet,Sojourner Truth,influenced_by,arc:apex,kcl,organisation,person,False,False,discovered_discovered,0.85,second_pass,19,second_pass_doc_09_chunk_0019,was named after the prominent 19th century African American freedom ﬁghter Sojourner Truth,1.0
arc_apex,s41599-024-03182-3,Sojourner Truth Motor Fleet,Student Nonviolent Coordinating Committee,associated_with,arc:apex,kcl,organisation,organisation,False,True,seed_discovered,0.8833333333333333,second_pass,21; 22,second_pass_doc_09_chunk_0021; second_pass_doc_09_chunk_0022; second_pass_prompt_fix_doc_09_chunk_0021,SNCC leaders such as Robinson to rename their subversive transportation system... The example of the Sojourner Motor Fleet || This under-acknowledged piece of SNCC naming heritage,0.6666666666666666
arc_apex,s41599-024-03182-3,Sojourner Truth Motor Fleet,Student Nonviolent Coordinating Committee,connected_to,arc:apex,kcl,organisation,organisation,False,True,seed_discovered,0.7,second_pass,35,second_pass_doc_09_chunk_0035,Sojourner Motor Fleet. In: SNCC Digital Gateway. https://snccdigital.org/inside-sncc/sncc-national-office/,0.0
arc_apex,s41599-024-03182-3,Student Nonviolent Coordinating Committee,Atlanta,located_in,arc:apex,kcl,organisation,place,True,False,seed_discovered,0.9,second_pass,16; 17; 21,second_pass_doc_09_chunk_0016; second_pass_doc_09_chunk_0017; second_pass_doc_09_chunk_0021,Atlanta [SNCC head- quarters] || headquarters would use the phone to reach out to the field || the Atlanta headquarters,0.6666666666666666
arc_apex,s41599-024-03182-3,Student Nonviolent Coordinating Committee,Civil Rights Movement,participated_in,arc:apex,kcl,organisation,movement,True,False,seed_discovered,0.8833333333333333,second_pass,1; 4; 28,second_pass_doc_09_chunk_0001; second_pass_doc_09_chunk_0004; second_pass_doc_09_chunk_0028,"SNCC's community-based organizing during the Civil Rights Movement || use SNCC's onomastic tactics to tell a story of the Civil Rights Movement || we offer a glimpse into the seldom investigated role of naming as tactical, freedom-making practices in the Civil Rights Movement. Specifically, we examine how workers in the 1960s organization SNCC (Student Non-Violent Coordinating Committee) deployed a (re)naming of places, people, and initiatives as tools in their mobilization",0.6666666666666666
arc_apex,s41599-024-03182-3,Student Nonviolent Coordinating Committee,Ella Baker,influenced_by,arc:apex,kcl,organisation,person,True,True,seed_seed,0.95,second_pass,13,second_pass_doc_09_chunk_0013,the organization was heavily inﬂuenced by the political philosophy of its founder and advisor Ella Baker,1.0
arc_apex,s41599-024-03182-3,Student Nonviolent Coordinating Committee,Freedom Rides,participated_in,arc:apex,kcl,organisation,event,True,True,seed_seed,0.9,second_pass,13,second_pass_doc_09_chunk_0013,its early involvement in student sit-ins and freedom rides,1.0
arc_apex,s41599-024-03182-3,Student Nonviolent Coordinating Committee,Freedom Singers,organised,arc:apex,kcl,organisation,organisation,True,False,seed_discovered,0.9,second_pass,24,second_pass_doc_09_chunk_0024,The formation of the Freedom Singers in 1962 reflected SNCC's recognition of the power of music as a mobilization tool,0.0
arc_apex,s41599-024-03182-3,Student Nonviolent Coordinating Committee,Freedom Summer,participated_in,arc:apex,kcl,organisation,campaign,True,False,seed_discovered,0.9,second_pass,13,second_pass_doc_09_chunk_0013,from its early involvement in student sit-ins and freedom rides to Freedom Summer,1.0
arc_apex,s41599-024-03182-3,Student Nonviolent Coordinating Committee,Freedom houses,organised,arc:apex,kcl,organisation,organisation,True,False,seed_discovered,0.85,second_pass,27,second_pass_doc_09_chunk_0027,Freedom houses were indicative of the new kind of place that SNCC wished to create,1.0
arc_apex,s41599-024-03182-3,Student Nonviolent Coordinating Committee,Ku Klux Klan,opposed_to,arc:apex,kcl,organisation,organisation,True,False,seed_discovered,0.8666666666666667,second_pass,16; 20; 26,second_pass_doc_09_chunk_0016; second_pass_doc_09_chunk_0020; second_pass_doc_09_chunk_0026,"To help outrun hostile law enforcement and the Ku Klux Klan, some SNCC workers || stood guard over Freedom houses and sleeping civil rights workers against the Klan || the organization's calls were routinely blocked or tapped by local white female switchboard operators conspiring with police, White Citizens Councils, or the Ku Klux Klan",1.0
arc_apex,s41599-024-03182-3,Student Nonviolent Coordinating Committee,Sojourner Truth Motor Fleet,organised,arc:apex,kcl,organisation,organisation,True,False,seed_discovered,0.9,second_pass,19; 20,second_pass_doc_09_chunk_0019; second_pass_doc_09_chunk_0020,"SNCC's efforts to own and operate its own transportation company, a ﬂeet of over sixty automobiles || SNCC's transportation company",0.5
arc_apex,s41599-024-03182-3,Student Nonviolent Coordinating Committee,WATS Reports,associated_with,arc:apex,kcl,organisation,publication,True,False,seed_discovered,0.8,second_pass,17,second_pass_doc_09_chunk_0017,"WATS Reports, which summarized racist incidents and antiracist protests reported by SN",1.0
arc_apex,s41599-024-03182-3,Student Nonviolent Coordinating Committee,WATS Reports,organised,arc:apex,kcl,organisation,publication,True,False,seed_discovered,0.9,second_pass,18,second_pass_doc_09_chunk_0018,"WATS Reports, which summarized racist incidents and antiracist protests reported by SNCC",1.0
arc_apex,s41599-024-03182-3,Student Nonviolent Coordinating Committee,sit-in movement,participated_in,arc:apex,kcl,organisation,movement,True,False,seed_discovered,0.9,second_pass,13,second_pass_doc_09_chunk_0013,its early involvement in student sit-ins,1.0
arc_apex,the-dark-and-sad-days-of-reconstruction-the-politics-of-memory-in-the-civil-rights-era,A. Philip Randolph,Civil Rights Movement,associated_with,arc:apex,kcl,person,movement,True,False,seed_discovered,0.7,second_pass,11,second_pass_doc_11_chunk_0011,the Black labor and civil rights leader A. Philip Randolph,1.0
arc_apex,the-dark-and-sad-days-of-reconstruction-the-politics-of-memory-in-the-civil-rights-era,Alabama,Reconstruction,associated_with,arc:apex,kcl,place,event,False,False,discovered_discovered,0.6,second_pass,20,second_pass_doc_11_chunk_0020,Alabama was readmitted to the Union with a new progressive Constitution,1.0
arc_apex,the-dark-and-sad-days-of-reconstruction-the-politics-of-memory-in-the-civil-rights-era,Birmingham,Alabama,located_in,arc:apex,kcl,place,place,False,False,discovered_discovered,0.95,second_pass,10,second_pass_doc_11_chunk_0010,"a church in Birmingham, Alabama",1.0
arc_apex,the-dark-and-sad-days-of-reconstruction-the-politics-of-memory-in-the-civil-rights-era,Civil Rights Act 1964,Lyndon Johnson,associated_with,arc:apex,kcl,law,person,False,False,discovered_discovered,0.9,second_pass,27,second_pass_doc_11_chunk_0027,one month after he signed the Civil Rights Act,1.0
arc_apex,the-dark-and-sad-days-of-reconstruction-the-politics-of-memory-in-the-civil-rights-era,Civil Rights Movement,Lyndon Johnson,associated_with,arc:apex,kcl,movement,person,False,False,discovered_discovered,0.85,second_pass,9,second_pass_doc_11_chunk_0009,"those political leaders most associated with civil rights legislation, including Presidents John F. Kennedy and Lyndon Johnson",1.0
arc_apex,the-dark-and-sad-days-of-reconstruction-the-politics-of-memory-in-the-civil-rights-era,Civil Rights Movement,Reconstruction,associated_with,arc:apex,kcl,movement,movement,False,False,discovered_discovered,0.7875,second_pass,3; 7; 18; 19,second_pass_doc_11_chunk_0003; second_pass_doc_11_chunk_0007; second_pass_doc_11_chunk_0018; second_pass_doc_11_chunk_0019,"it has become common to associate the term with the civil rights movement of the 1950s and 1960s || recall the trauma of Reconstruction as a training ground for combatting the civil rights revolution of the 1960s || segregationists were among the first to analogize the Civil Rights movement to the First Reconstruction || the modern Civil Rights movement was a ""Second Reconstruction""",0.75
arc_apex,the-dark-and-sad-days-of-reconstruction-the-politics-of-memory-in-the-civil-rights-era,Civil Rights Movement,Reconstruction,connected_to,arc:apex,kcl,movement,movement,False,False,discovered_discovered,0.6,second_pass,40,second_pass_doc_11_chunk_0040,from the Reconstruction era through the Civil Rights movement,1.0
arc_apex,the-dark-and-sad-days-of-reconstruction-the-politics-of-memory-in-the-civil-rights-era,Jim Crow regime,Reconstruction,associated_with,arc:apex,kcl,law,event,False,False,discovered_discovered,0.8,second_pass,7,second_pass_doc_11_chunk_0007,"blaming Reconstructionists, rather than the Redeemers, for Jim Crow",1.0
arc_apex,the-dark-and-sad-days-of-reconstruction-the-politics-of-memory-in-the-civil-rights-era,Jim Crow regime,Reconstruction,opposed_to,arc:apex,kcl,law,movement,False,False,discovered_discovered,0.85,second_pass,30,second_pass_doc_11_chunk_0030,"the counter-revolution against Reconstruction policies, a result of white Southern reaction and Northern connivance, produced the Jim Crow system",1.0
arc_apex,the-dark-and-sad-days-of-reconstruction-the-politics-of-memory-in-the-civil-rights-era,John Lewis,March on Washington for Jobs and Freedom,participated_in,arc:apex,kcl,person,event,True,True,seed_seed,0.9,second_pass,12,second_pass_doc_11_chunk_0012,"In his speech at the March on Washington in August 1963, John Lewis",1.0
arc_apex,the-dark-and-sad-days-of-reconstruction-the-politics-of-memory-in-the-civil-rights-era,John Lewis,Student Nonviolent Coordinating Committee,leader_of,arc:apex,kcl,person,organisation,True,True,seed_seed,0.95,second_pass,12,second_pass_doc_11_chunk_0012,"John Lewis, the young leader of the Student Non Violent Coordinating Committee (SNCC)",1.0
arc_apex,the-dark-and-sad-days-of-reconstruction-the-politics-of-memory-in-the-civil-rights-era,Ku Klux Klan,Reconstruction,associated_with,arc:apex,kcl,organisation,event,False,False,discovered_discovered,0.85,second_pass,7,second_pass_doc_11_chunk_0007,"it ""produced defiance, the Ku Klux Klan and general suffering""",0.0
arc_apex,the-dark-and-sad-days-of-reconstruction-the-politics-of-memory-in-the-civil-rights-era,Ku Klux Klan,Reconstruction,opposed_to,arc:apex,kcl,organisation,movement,False,False,discovered_discovered,0.7,second_pass,40,second_pass_doc_11_chunk_0040,the counter-revolution against Reconstruction uttered by an American president since Ulysses S. Grant presided over the federal destruction of the first Ku Klux Klan,1.0
arc_apex,the-dark-and-sad-days-of-reconstruction-the-politics-of-memory-in-the-civil-rights-era,Lyndon Johnson,Reconstruction,associated_with,arc:apex,kcl,person,event,False,False,discovered_discovered,0.7,second_pass,7,second_pass_doc_11_chunk_0007,"the Johnson administration ""wants to force the white man under black reconstruction rule""",0.0
arc_apex,the-dark-and-sad-days-of-reconstruction-the-politics-of-memory-in-the-civil-rights-era,Martin Luther King Jr.,Civil Rights Movement,leader_of,arc:apex,kcl,person,movement,True,False,seed_discovered,0.95,second_pass,13,second_pass_doc_11_chunk_0013,"Martin Luther King Jr., the pre-eminent leader of the civil rights movement",1.0
arc_apex,the-dark-and-sad-days-of-reconstruction-the-politics-of-memory-in-the-civil-rights-era,Martin Luther King Jr.,Reconstruction,associated_with,arc:apex,kcl,person,event,True,False,seed_discovered,0.7,second_pass,7,second_pass_doc_11_chunk_0007,"""Martin Luther King wants to bring back reconstruction days""",0.0
arc_lite,A fight for racial equality in Florida,Alabama,Brown v. Board of Education,associated_with,arc:lite,kcl,place,law,False,False,discovered_discovered,0.8,second_pass,4,second_pass_doc_01_chunk_0004,"In 1956, two years after Brown v. Board of Education, four southern states prevented even a single black pupil from attending a public school with Whites: Mississippi, Alabama, Georgia and Florida.",0.0
arc_lite,A fight for racial equality in Florida,Alvin J. Bronstein,Civil Rights Act 1964,associated_with,arc:lite,kcl,person,law,False,False,discovered_discovered,0.7,second_pass,22,second_pass_doc_01_chunk_0022,The Civil Rights Act promised a breakout from confinement within the black community and offered the vision of equality. But would the city of St Augustine comply with the law? Simpson was wary. He met privately with Bronstein and told him that he would ‘allow attorneys’ fees in any case brought under the Civil Rights Act’,1.0
arc_lite,A fight for racial equality in Florida,Alvin J. Bronstein,Congress of Racial Equality,member_of,arc:lite,kcl,person,organisation,False,True,seed_discovered,1.0,second_pass,23,second_pass_doc_01_chunk_0023,he served for nearly half a decade as general counsel to the Brooklyn branch of CORE.,1.0
arc_lite,A fight for racial equality in Florida,Alvin J. Bronstein,Freedom Rides,associated_with,arc:lite,kcl,person,event,False,True,seed_discovered,0.8,second_pass,23,second_pass_doc_01_chunk_0023,"In 1961, when some of the Brooklyn members were arrested as Freedom Riders, Bronstein went to Mississippi to defend them.",1.0
arc_lite,A fight for racial equality in Florida,Alvin J. Bronstein,Southern Christian Leadership Conference,associated_with,arc:lite,kcl,person,organisation,False,True,seed_discovered,0.8,second_pass,18; 23,second_pass_doc_01_chunk_0018; second_pass_doc_01_chunk_0023,"He was even willing to violate judicial propriety by asking Alvin Bronstein to file legal claims against the white extremists. In addition to Simon, who worked pro bono for the SCLC || In August 1964 he filed lawsuits on behalf of the SCLC",1.0
arc_lite,A fight for racial equality in Florida,Alvin J. Bronstein,Southern Christian Leadership Conference,collaborated_with,arc:lite,kcl,person,organisation,False,True,seed_discovered,0.7,second_pass,17,second_pass_doc_01_chunk_0017,"In attracting lawyers like Kunstler and Alvin J. Bronstein to assist Simon, the SCLC campaign contributed noticeably",1.0
arc_lite,A fight for racial equality in Florida,Alvin J. Bronstein,St Augustine,associated_with,arc:lite,kcl,person,place,False,False,discovered_discovered,0.8,second_pass,25,second_pass_doc_01_chunk_0025,"By helping to make the law applicable to St Augustine, Bronstein earned the gratitude of the movement there.",1.0
arc_lite,A fight for racial equality in Florida,Alvin J. Bronstein,St Augustine,located_in,arc:lite,kcl,person,place,False,False,discovered_discovered,0.8,second_pass,22,second_pass_doc_01_chunk_0022,The LCDC assigned Bronstein to St Augustine because an experienced litigator was needed there.,1.0
arc_lite,A fight for racial equality in Florida,Alvin J. Bronstein,St Augustine,participated_in,arc:lite,kcl,person,place,False,False,discovered_discovered,0.7,second_pass,1,second_pass_doc_01_chunk_0001,The crisis attracted outside attorneys like Alvin J. Bronstein to protect the rights of protestors,1.0
arc_lite,A fight for racial equality in Florida,Alvin J. Bronstein,Tobias Simon,collaborated_with,arc:lite,kcl,person,person,False,False,discovered_discovered,0.9,second_pass,17,second_pass_doc_01_chunk_0017,In attracting lawyers like Kunstler and Alvin J. Bronstein to assist Simon,1.0
arc_lite,A fight for racial equality in Florida,Andrew Young,Southern Christian Leadership Conference,member_of,arc:lite,kcl,person,organisation,True,True,seed_seed,1.0,second_pass,24,second_pass_doc_01_chunk_0024,Reverend Andrew Young of the SCLC,1.0
arc_lite,A fight for racial equality in Florida,Brown v. Board of Education,Florida,associated_with,arc:lite,kcl,law,place,False,False,discovered_discovered,0.8,second_pass,4,second_pass_doc_01_chunk_0004,"In 1956, two years after Brown v. Board of Education, four southern states prevented even a single black pupil from attending a public school with Whites: Mississippi, Alabama, Georgia and Florida.",0.0
arc_lite,A fight for racial equality in Florida,Carl Rachlin,Congress of Racial Equality,member_of,arc:lite,kcl,person,organisation,False,True,seed_discovered,0.9,second_pass,12,second_pass_doc_01_chunk_0012,attorney Carl Rachlin of CORE,1.0
arc_lite,A fight for racial equality in Florida,Civil Rights Act 1964,St Augustine,associated_with,arc:lite,kcl,law,place,False,False,discovered_discovered,0.8,second_pass,24,second_pass_doc_01_chunk_0024,compliance with the Civil Rights Act was at first begrudging. Some restaurateurs in St Augustine placed signs,1.0
arc_lite,A fight for racial equality in Florida,Civil Rights Act 1964,St Augustine,connected_to,arc:lite,kcl,law,place,False,False,discovered_discovered,0.8,second_pass,1,second_pass_doc_01_chunk_0001,the crisis in St Augustine that spring and summer served as the inescapable backdrop for the passage of the Civil Rights Act (1964),1.0
arc_lite,A fight for racial equality in Florida,Civil Rights Movement,Florida,associated_with,arc:lite,kcl,movement,place,False,False,discovered_discovered,0.7,second_pass,3,second_pass_doc_01_chunk_0003,That the political leadership of the state recognized the need to show compatibility with the contemporary United States made Florida a tempting target for the Civil Rights Movement.,1.0
arc_lite,A fight for racial equality in Florida,Civil Rights Movement,Tobias Simon,associated_with,arc:lite,kcl,movement,person,False,False,discovered_discovered,0.8,second_pass,11,second_pass_doc_01_chunk_0011,"Tobias Simon, 52, a lawyer in civil rights causes in 60’s",1.0
arc_lite,A fight for racial equality in Florida,Congress of Racial Equality,Miami,located_in,arc:lite,kcl,organisation,place,True,False,seed_discovered,1.0,second_pass,5,second_pass_doc_01_chunk_0005,four activists from the Congress of Racial Equality (CORE) sat down at a Woolworth’s lunch counter in downtown Miami,1.0
arc_lite,A fight for racial equality in Florida,Congress of Racial Equality,Miami,participated_in,arc:lite,kcl,organisation,place,True,False,seed_discovered,1.0,second_pass,6,second_pass_doc_01_chunk_0006,four activists from the Congress of Racial Equality (CORE) sat down at a Woolworth’s lunch counter in downtown Miami,1.0
arc_lite,A fight for racial equality in Florida,Congress of Racial Equality,Tobias Simon,associated_with,arc:lite,kcl,organisation,person,True,False,seed_discovered,0.9,second_pass,10,second_pass_doc_01_chunk_0010,Simon quickly became one of the South’s extremely few white lawyers willing to help CORE.,1.0
arc_lite,A fight for racial equality in Florida,Florida,National Association for the Advancement of Colored People,associated_with,arc:lite,kcl,place,organisation,False,True,seed_discovered,0.75,second_pass,3; 4,second_pass_doc_01_chunk_0003; second_pass_doc_01_chunk_0004,"The NAACP won, barely (5–4). ... In delaying desegregation, Florida was very much a southern state. || The state’s transparent purpose was to weaken, if not destroy, a civil rights organization that the legislature deemed ‘subversive’.",0.5
arc_lite,A fight for racial equality in Florida,Florida,St Augustine,located_in,arc:lite,kcl,place,place,False,False,discovered_discovered,1.0,second_pass,1,second_pass_doc_01_chunk_0001,A fight for racial equality in Florida... picked St Augustine,0.0
arc_lite,A fight for racial equality in Florida,Israel S. (Sy) Dresner,Martin Luther King Jr.,associated_with,arc:lite,kcl,person,person,False,True,seed_discovered,0.8,second_pass,12,second_pass_doc_01_chunk_0012,"Rabbi Israel Dresner, civil rights champion who befriended King",1.0
arc_lite,A fight for racial equality in Florida,Israel S. (Sy) Dresner,St Augustine,participated_in,arc:lite,kcl,person,place,False,False,discovered_discovered,0.8,second_pass,14,second_pass_doc_01_chunk_0014,"On 18 June, Dresner and fifteen other rabbis arrived... The 245 Jews who lived in St Augustine generally restrained their enthusiasm",0.0
arc_lite,A fight for racial equality in Florida,Martin Luther King Jr.,Monson Motor Lodge,participated_in,arc:lite,kcl,person,place,True,False,seed_discovered,0.9,second_pass,14,second_pass_doc_01_chunk_0014,On 11 June 1964 he was arrested trying to desegregate the restaurant of the Monson Motor Lodge.,1.0
arc_lite,A fight for racial equality in Florida,Martin Luther King Jr.,Southern Christian Leadership Conference,leader_of,arc:lite,kcl,person,organisation,True,True,seed_seed,0.8,second_pass,17,second_pass_doc_01_chunk_0017,the SCLC campaign contributed noticeably to the education of a judge named Bryan Simpson.,1.0
arc_lite,A fight for racial equality in Florida,Martin Luther King Jr.,Southern Christian Leadership Conference,member_of,arc:lite,kcl,person,organisation,True,True,seed_seed,0.8,second_pass,14,second_pass_doc_01_chunk_0014,"Senator George Smathers (D-FL) phoned President Lyndon Johnson and suspected that the SCLC faked the attack. After all, Smathers remarked, King had not been injured",0.0
arc_lite,A fight for racial equality in Florida,Martin Luther King Jr.,St Augustine,associated_with,arc:lite,kcl,person,place,True,False,seed_discovered,0.8,second_pass,20,second_pass_doc_01_chunk_0020,Martin Luther King to rank St Augustine as ‘the most lawless city I’ve ever been in.’,0.0
arc_lite,A fight for racial equality in Florida,Martin Luther King Jr.,St Augustine,located_in,arc:lite,kcl,person,place,True,False,seed_discovered,0.9,second_pass,14,second_pass_doc_01_chunk_0014,"After getting returned to a cell in St Augustine, King sent a letter to Dresner",1.0
arc_lite,A fight for racial equality in Florida,Monson Motor Lodge,St Augustine,located_in,arc:lite,kcl,place,place,False,False,discovered_discovered,0.8,second_pass,13; 15,second_pass_doc_01_chunk_0013; second_pass_doc_01_chunk_0015,All were arrested and jailed for trying to grab some lunch at Monson Motor Lodge || The manager of the Monson Motor Lodge was James Brock... He refused to accept black guests at the motel,0.5
arc_lite,A fight for racial equality in Florida,National Association for the Advancement of Colored People,Gibson v. Florida Legislative Investigation Committee,participated_in,arc:lite,kcl,organisation,law,True,False,seed_discovered,0.9,second_pass,4,second_pass_doc_01_chunk_0004,"The NAACP won, barely (5–4). Writing the majority opinion in Gibson, Justice Arthur Goldberg...",0.0
arc_lite,A fight for racial equality in Florida,National Association for the Advancement of Colored People,Tobias Simon,collaborated_with,arc:lite,kcl,organisation,person,True,False,seed_discovered,0.9,second_pass,9,second_pass_doc_01_chunk_0009,The vigour with which he worked as a coop- erating attorney with the NAACP Legal Defense and Educational Fund,1.0
arc_lite,A fight for racial equality in Florida,Roy Wilkins,National Association for the Advancement of Colored People,member_of,arc:lite,kcl,person,organisation,False,True,seed_discovered,0.9,second_pass,3,second_pass_doc_01_chunk_0003,Executive secretary Roy Wilkins feared that ‘the civil rights movement in Florida and the entire Southeast’ would be imperilled if the NAACP lost.,1.0
arc_lite,A fight for racial equality in Florida,Southern Christian Leadership Conference,Martin Luther King Jr.,leader_of,arc:lite,kcl,organisation,person,True,True,seed_seed,1.0,second_pass,1,second_pass_doc_01_chunk_0001,"the Southern Christian Leadership Conference under Martin Luther King, Jr",1.0
arc_lite,A fight for racial equality in Florida,Southern Christian Leadership Conference,St Augustine,associated_with,arc:lite,kcl,organisation,place,True,False,seed_discovered,0.775,second_pass,17; 19; 23; 25,second_pass_doc_01_chunk_0017; second_pass_doc_01_chunk_0019; second_pass_doc_01_chunk_0023; second_pass_doc_01_chunk_0025,He targeted fifteen motels and restaurants in the St Augustine area || Taylor Branch’s Pillar of Fire (1998) provides a masterly account of the SCLC’s operations in St Augustine. || the SCLC campaign contributed noticeably to the education of a judge named Bryan Simpson. || the SCLC sought to sustain the momentum by organizing night marches... Martin Luther King and 17 others jailed trying to integrate St Augustine restaurant,0.5
arc_lite,A fight for racial equality in Florida,Southern Christian Leadership Conference,St Augustine,organised,arc:lite,kcl,organisation,place,True,False,seed_discovered,0.8,second_pass,1; 13,second_pass_doc_01_chunk_0001; second_pass_doc_01_chunk_0013,"the Southern Christian Leadership Conference (SCLC) campaigned there to desegregate dining and lodging facilities. || the Southern Christian Leadership Conference under Martin Luther King, Jr picked St Augustine to highlight the persistence of legally enforced white supremacy",0.5
arc_lite,A fight for racial equality in Florida,Southern Christian Leadership Conference,St Augustine,participated_in,arc:lite,kcl,organisation,place,True,False,seed_discovered,0.9,second_pass,13; 20,second_pass_doc_01_chunk_0013; second_pass_doc_01_chunk_0020,the SCLC’s rights of assembly... the SCLC protests were nonviolent || the Southern Christian Leadership Conference (SCLC) campaigned there to desegregate dining and lodging facilities.,0.0
arc_lite,A fight for racial equality in Florida,Southern Christian Leadership Conference,night marches,organised,arc:lite,kcl,organisation,event,True,False,seed_discovered,1.0,second_pass,19,second_pass_prompt_fix_doc_01_chunk_0019,the SCLC sought to sustain the momentum by organizing night marches,1.0
arc_lite,A fight for racial equality in Florida,St Augustine,Florida,located_in,arc:lite,kcl,place,place,False,False,discovered_discovered,0.95,second_pass,18; 24,second_pass_doc_01_chunk_0018; second_pass_doc_01_chunk_0024,"Judge Charles Mathis, Jr of St Augustine enforced local ordinances || St Augustine, Florida",1.0
arc_lite,A fight for racial equality in Florida,Tobias Simon,Florida,located_in,arc:lite,kcl,person,place,False,False,discovered_discovered,1.0,second_pass,9,second_pass_doc_01_chunk_0009,Tobias Simon (1929–1982) was ‘synonymous with civil rights’... Florida made such efforts easier,0.0
arc_lite,A fight for racial equality in Florida,Tobias Simon,Miami,located_in,arc:lite,kcl,person,place,False,False,discovered_discovered,1.0,second_pass,9; 10,second_pass_doc_01_chunk_0009; second_pass_doc_01_chunk_0010,"In that year he drove to Miami, where an uncle gave him US$5,000 to start his own practice. || one Miami attorney was ubiquitous. The name of Tobias Simon (1929–1982) was ‘synonymous with civil rights’",1.0
arc_lite,A fight for racial equality in Florida,Tobias Simon,Southern Christian Leadership Conference,associated_with,arc:lite,kcl,person,organisation,False,True,seed_discovered,0.9,second_pass,18,second_pass_doc_01_chunk_0018,"In addition to Simon, who worked pro bono for the SCLC",1.0
arc_lite,A fight for racial equality in Florida,Tobias Simon,St Augustine,participated_in,arc:lite,kcl,person,place,False,False,discovered_discovered,0.7,second_pass,1,second_pass_doc_01_chunk_0001,"drew in the Miami-based Tobias Simon, a key lawyer for progressive causes in the state",1.0
arc_lite,Brian-Purnell_Freedom-North-Studies-the-Long-Civil-Rights-Movement-and-Twentieth-Century-Liberalism-in-American-Cities,Bayard Rustin,Black Power,opposed_to,arc:lite,kcl,person,movement,True,False,seed_discovered,0.9,second_pass,10,second_pass_doc_02_chunk_0010,to a fierce critic of Black Power,1.0
arc_lite,Brian-Purnell_Freedom-North-Studies-the-Long-Civil-Rights-Movement-and-Twentieth-Century-Liberalism-in-American-Cities,Bayard Rustin,Freedom Budget for All Americans,leader_of,arc:lite,kcl,person,campaign,True,False,seed_discovered,0.9,second_pass,10,second_pass_doc_02_chunk_0010,He championed a Freedom Budget for All Americans,1.0
arc_lite,Brian-Purnell_Freedom-North-Studies-the-Long-Civil-Rights-Movement-and-Twentieth-Century-Liberalism-in-American-Cities,Bayard Rustin,United Federation of Teachers,associated_with,arc:lite,kcl,person,organisation,True,False,seed_discovered,0.7,second_pass,10,second_pass_doc_02_chunk_0010,Rustin’s steadfast belief in strong labor unions put him on the side of the mostly white United Federation of Teachers,1.0
arc_lite,Brian-Purnell_Freedom-North-Studies-the-Long-Civil-Rights-Movement-and-Twentieth-Century-Liberalism-in-American-Cities,Bayard Rustin,United Federation of Teachers,opposed_to,arc:lite,kcl,person,organisation,True,False,seed_discovered,0.8,second_pass,11,second_pass_doc_02_chunk_0011,bor unions put him on the side of the mostly white United Federation of Teachers and against the mostly black opponents of the union.,1.0
arc_lite,Brian-Purnell_Freedom-North-Studies-the-Long-Civil-Rights-Movement-and-Twentieth-Century-Liberalism-in-American-Cities,Black Power,James Groppi,associated_with,arc:lite,kcl,movement,person,False,False,discovered_discovered,0.7,second_pass,6,second_pass_doc_02_chunk_0006,Black Power did not force Groppi from his connection to black activists.,1.0
arc_lite,Brian-Purnell_Freedom-North-Studies-the-Long-Civil-Rights-Movement-and-Twentieth-Century-Liberalism-in-American-Cities,Civil Rights Act 1964,Civil Rights Movement,associated_with,arc:lite,kcl,law,movement,False,False,discovered_discovered,0.7,second_pass,11,second_pass_doc_02_chunk_0011,The Bill of the Century: The Epic Battle for the Civil Rights Act,1.0
arc_lite,Brian-Purnell_Freedom-North-Studies-the-Long-Civil-Rights-Movement-and-Twentieth-Century-Liberalism-in-American-Cities,Civil Rights Movement,Freedom Rides,associated_with,arc:lite,kcl,movement,event,False,True,seed_discovered,0.8,second_pass,11,second_pass_doc_02_chunk_0011,"The PBS series, American Experience, also produced several new documentaries on civil rights movement history: ... Freedom Riders (2011).",0.0
arc_lite,Brian-Purnell_Freedom-North-Studies-the-Long-Civil-Rights-Movement-and-Twentieth-Century-Liberalism-in-American-Cities,Congress of Racial Equality,Brooklyn,located_in,arc:lite,kcl,organisation,place,True,False,seed_discovered,1.0,second_pass,14,second_pass_doc_02_chunk_0014,The Congress of Racial Equality in Brooklyn,1.0
arc_lite,Brian-Purnell_Freedom-North-Studies-the-Long-Civil-Rights-Movement-and-Twentieth-Century-Liberalism-in-American-Cities,James Groppi,National Association for the Advancement of Colored People,associated_with,arc:lite,kcl,person,organisation,False,True,seed_discovered,0.8,second_pass,6,second_pass_doc_02_chunk_0006,Groppi mentored the local NAACP (National Association for the Advancement of Colored People) Youth Council’s (YC),1.0
arc_lite,Brian-Purnell_Freedom-North-Studies-the-Long-Civil-Rights-Movement-and-Twentieth-Century-Liberalism-in-American-Cities,March on Washington for Jobs and Freedom,Martin Luther King Jr.,associated_with,arc:lite,kcl,event,person,True,True,seed_seed,0.9,second_pass,11,second_pass_doc_02_chunk_0011,"The March on Washington: Jobs, Freedom, and the Forgotten History of Civil Rights",1.0
arc_lite,Brian-Purnell_Freedom-North-Studies-the-Long-Civil-Rights-Movement-and-Twentieth-Century-Liberalism-in-American-Cities,Martin Luther King Jr.,open housing movement,leader_of,arc:lite,kcl,person,movement,True,False,seed_discovered,0.8,second_pass,9; 10,second_pass_doc_02_chunk_0009; second_pass_doc_02_chunk_0010,"Martin Luther King, Jr., tried to launch an open housing movement in Chicago and failed.",1.0
arc_lite,Brian-Purnell_Freedom-North-Studies-the-Long-Civil-Rights-Movement-and-Twentieth-Century-Liberalism-in-American-Cities,New York City school strikes,United Federation of Teachers,associated_with,arc:lite,kcl,event,organisation,False,False,discovered_discovered,0.8,second_pass,10,second_pass_doc_02_chunk_0010,"During the New York City school strikes of the late 1960s, Rustin’s steadfast belief in strong labor unions put him on the side of the mostly white United Federation of Teachers",1.0
arc_lite,Brian-Purnell_Freedom-North-Studies-the-Long-Civil-Rights-Movement-and-Twentieth-Century-Liberalism-in-American-Cities,open housing movement,Chicago,located_in,arc:lite,kcl,movement,place,False,False,discovered_discovered,0.9,second_pass,9; 10,second_pass_doc_02_chunk_0009; second_pass_doc_02_chunk_0010,"Martin Luther King, Jr., tried to launch an open housing movement in Chicago",1.0
arc_lite,Hughes,A. Philip Randolph,March on Washington for Jobs and Freedom,participated_in,arc:lite,kcl,person,event,True,True,seed_seed,0.8,second_pass,17,second_pass_doc_03_chunk_0017,These images included photographs of such figures as A. Philip Randolph... and the March on Washington for Jobs and Freedom,0.0
arc_lite,Hughes,Atlanta,Martin Luther King Jr.,associated_with,arc:lite,kcl,place,person,False,True,seed_discovered,0.8,second_pass,6,second_pass_doc_03_chunk_0006,efforts to remember King in Atlanta,1.0
arc_lite,Hughes,Bayard Rustin,March on Washington for Jobs and Freedom,participated_in,arc:lite,kcl,person,event,True,True,seed_seed,0.8,second_pass,17,second_pass_doc_03_chunk_0017,These images included photographs of such figures as... Bayard Rustin... and the March on Washington for Jobs and Freedom,0.0
arc_lite,Hughes,Black Panther Party,Malcolm X,associated_with,arc:lite,kcl,organisation,person,False,True,seed_discovered,0.5,second_pass,16,second_pass_doc_03_chunk_0016,"Images of Malcolm X, the Black Panthers and segregated Southern facilities",1.0
arc_lite,Hughes,Brown v. Board of Education,Civil Rights Movement,associated_with,arc:lite,kcl,law,movement,False,False,discovered_discovered,0.7,second_pass,5,second_pass_doc_03_chunk_0005,framed by legal victories such as Brown v. Board of Education (1954),1.0
arc_lite,Hughes,Brown v. Board of Education,Martin Luther King Jr.,associated_with,arc:lite,kcl,law,person,False,True,seed_discovered,0.5,second_pass,16,second_pass_doc_03_chunk_0016,"The Brown v. Board of Education US Supreme Court case was depicted in 11 images, with multiple students also selecting images of King",1.0
arc_lite,Hughes,Brown v. Board of Education,Rosa Parks,associated_with,arc:lite,kcl,law,person,False,True,seed_discovered,0.5,second_pass,16,second_pass_doc_03_chunk_0016,"The Brown v. Board of Education US Supreme Court case was depicted in 11 images, with multiple students also selecting images of... Rosa Parks",0.0
arc_lite,Hughes,Civil Rights Act 1964,Lyndon Johnson,associated_with,arc:lite,kcl,law,person,False,False,discovered_discovered,1.0,second_pass,14,second_pass_doc_03_chunk_0014,President Lyndon Johnson and the 1964 Civil Rights Act,1.0
arc_lite,Hughes,Civil Rights Act 1964,Martin Luther King Jr.,associated_with,arc:lite,kcl,law,person,False,True,seed_discovered,0.5,second_pass,16,second_pass_doc_03_chunk_0016,"The Brown v. Board of Education US Supreme Court case was depicted in 11 images, with multiple students also selecting images of King... the Civil Rights Act 1964",0.0
arc_lite,Hughes,Civil Rights Act 1964,Rosa Parks,associated_with,arc:lite,kcl,law,person,False,True,seed_discovered,0.5,second_pass,16,second_pass_doc_03_chunk_0016,"The Brown v. Board of Education US Supreme Court case was depicted in 11 images, with multiple students also selecting images of... Rosa Parks... the Civil Rights Act 1964",0.0
arc_lite,Hughes,Federal Bureau of Investigation,Martin Luther King Jr.,associated_with,arc:lite,kcl,organisation,person,False,True,seed_discovered,0.8,second_pass,16,second_pass_doc_03_chunk_0016,the FBI letter to King,1.0
arc_lite,Hughes,Freedom Rides,Martin Luther King Jr.,associated_with,arc:lite,kcl,event,person,True,True,seed_seed,0.5,second_pass,16,second_pass_doc_03_chunk_0016,"The Brown v. Board of Education US Supreme Court case was depicted in 11 images, with multiple students also selecting images of King... the Freedom Rides",0.0
arc_lite,Hughes,Freedom Rides,Rosa Parks,associated_with,arc:lite,kcl,event,person,True,True,seed_seed,0.5,second_pass,16,second_pass_doc_03_chunk_0016,"The Brown v. Board of Education US Supreme Court case was depicted in 11 images, with multiple students also selecting images of... Rosa Parks... the Freedom Rides",0.0
arc_lite,Hughes,Martin Luther King Jr.,Civil Rights Movement,leader_of,arc:lite,kcl,person,movement,True,False,seed_discovered,0.9,second_pass,5,second_pass_doc_03_chunk_0005,"biographies of leaders, especially Reverend Martin Luther King, Jr",1.0
arc_lite,Hughes,Martin Luther King Jr.,March on Washington for Jobs and Freedom,participated_in,arc:lite,kcl,person,event,True,True,seed_seed,0.95,second_pass,6; 14,second_pass_doc_03_chunk_0006; second_pass_doc_03_chunk_0014,15 chose photographs of King at the 1963 March on Washington for Jobs and Freedom || King is the traditional narrative’s ‘defining figure – frozen in 1963’ as he delivered his ‘I have a dream’ speech in Washington. ... the March on Washington remains central,0.5
arc_lite,Hughes,Martin Luther King Jr.,Southern Christian Leadership Conference,member_of,arc:lite,kcl,person,organisation,True,True,seed_seed,1.0,second_pass,14,second_pass_doc_03_chunk_0014,Rosa Parks 5. Martin Luther King and the Southern Christian Leadership Conference,1.0
arc_lite,Hughes,Montgomery Bus Boycott,Rosa Parks,associated_with,arc:lite,kcl,event,person,True,True,seed_seed,0.8,second_pass,14,second_pass_doc_03_chunk_0014,10 of the narratives included various images of Rosa Parks,1.0
arc_lite,Hughes,National Association for the Advancement of Colored People,Southern Christian Leadership Conference,associated_with,arc:lite,kcl,organisation,organisation,True,True,seed_seed,0.8,second_pass,5,second_pass_doc_03_chunk_0005,"the relationship between prominent organisations, such as the National Association for the Advancement of Colored People (NAACP) and the Southern Christian Leadership Conference (SCLC)",1.0
arc_lite,Hughes,lunch counter sit-ins,Student Nonviolent Coordinating Committee,associated_with,arc:lite,kcl,event,organisation,False,True,seed_discovered,1.0,second_pass,14,second_pass_doc_03_chunk_0014,Student Nonviolent Coordinating Committee and lunch counter sit-ins,1.0
arc_lite,Intergenerational movement memoirs and the emotional costs of activist commitment,Atlanta,John Lewis,associated_with,arc:lite,kcl,place,person,False,True,seed_discovered,0.8,second_pass,24,second_pass_doc_04_chunk_0024,as Atlanta’s mayor eulogized John Lewis in July 2020,1.0
arc_lite,Intergenerational movement memoirs and the emotional costs of activist commitment,Bob Moses,Student Nonviolent Coordinating Committee,member_of,arc:lite,kcl,person,organisation,True,True,seed_seed,0.9,second_pass,24,second_pass_doc_04_chunk_0024,as SNCC’s Bob Moses did,1.0
arc_lite,Intergenerational movement memoirs and the emotional costs of activist commitment,Byron De La Beckwith,Medgar Evers,opposed_to,arc:lite,kcl,person,person,False,True,seed_discovered,1.0,second_pass,20,second_pass_doc_04_chunk_0020,Byron De La Beckwith was tried twice for the murder of thirty-seven-year-old Medgar Evers in 1964.,1.0
arc_lite,Intergenerational movement memoirs and the emotional costs of activist commitment,Charles Billups,Birmingham,located_in,arc:lite,kcl,person,place,False,False,discovered_discovered,0.8,second_pass,17,second_pass_doc_04_chunk_0017,The family left Birmingham for Chicago in 1966,1.0
arc_lite,Intergenerational movement memoirs and the emotional costs of activist commitment,Charles Billups,Birmingham,participated_in,arc:lite,kcl,person,place,False,False,discovered_discovered,0.9,second_pass,6,second_pass_doc_04_chunk_0006,leading a ‘Miracle March’ in Birmingham on 5 May 1963,1.0
arc_lite,Intergenerational movement memoirs and the emotional costs of activist commitment,Charles Billups,Chicago,associated_with,arc:lite,kcl,person,place,False,False,discovered_discovered,0.8,second_pass,6,second_pass_doc_04_chunk_0006,Reverend Billups was murdered by an unknown gunman in Chicago in 1968,1.0
arc_lite,Intergenerational movement memoirs and the emotional costs of activist commitment,Charles Billups,Chicago,located_in,arc:lite,kcl,person,place,False,False,discovered_discovered,0.8,second_pass,17,second_pass_doc_04_chunk_0017,The family left Birmingham for Chicago in 1966,1.0
arc_lite,Intergenerational movement memoirs and the emotional costs of activist commitment,Charles Billups,Martin Luther King Jr.,associated_with,arc:lite,kcl,person,person,False,True,seed_discovered,0.8,second_pass,7,second_pass_doc_04_chunk_0007,My Life with Charles Billups and Martin Luther King,1.0
arc_lite,Intergenerational movement memoirs and the emotional costs of activist commitment,Charles Billups,Martin Luther King Jr.,collaborated_with,arc:lite,kcl,person,person,False,True,seed_discovered,0.8,second_pass,6,second_pass_doc_04_chunk_0006,belonged to King’s inner circle in the SCLC,1.0
arc_lite,Intergenerational movement memoirs and the emotional costs of activist commitment,Charles Billups,Southern Christian Leadership Conference,member_of,arc:lite,kcl,person,organisation,False,True,seed_discovered,0.95,second_pass,6; 17,second_pass_doc_04_chunk_0006; second_pass_doc_04_chunk_0017,belonged to King’s inner circle in the SCLC || the family left Birmingham for Chicago in 1966 when Billups joined the SCLC’s Operation Breadbasket project,1.0
arc_lite,Intergenerational movement memoirs and the emotional costs of activist commitment,Charles McDew,Student Nonviolent Coordinating Committee,leader_of,arc:lite,kcl,person,organisation,False,True,seed_discovered,1.0,second_pass,12,second_pass_doc_04_chunk_0012,SNCC’s second chairman remembered Dorie Ladner... Charles McDew,0.0
arc_lite,Intergenerational movement memoirs and the emotional costs of activist commitment,Civil Rights Movement,Harry Belafonte,associated_with,arc:lite,kcl,movement,person,False,False,discovered_discovered,0.9,second_pass,3,second_pass_doc_04_chunk_0003,individuals who championed the movement like Belafonte,1.0
arc_lite,Intergenerational movement memoirs and the emotional costs of activist commitment,Council of Federated Organizations,Mississippi Freedom Summer,organised,arc:lite,kcl,organisation,event,False,False,discovered_discovered,0.9,second_pass,3,second_pass_doc_04_chunk_0003,Council of Federation Organizations’ (COFO) Mississippi Freedom Summer campaign,1.0
arc_lite,Intergenerational movement memoirs and the emotional costs of activist commitment,Dave Dennis,Congress of Racial Equality,member_of,arc:lite,kcl,person,organisation,False,True,seed_discovered,0.9166666666666666,second_pass,3; 4; 8; 9; 10; 15,second_pass_doc_04_chunk_0003; second_pass_doc_04_chunk_0004; second_pass_doc_04_chunk_0008; second_pass_doc_04_chunk_0009; second_pass_doc_04_chunk_0010; second_pass_doc_04_chunk_0015,"After leaving CORE, he recognized a volunteer || He quit CORE in the throes of ‘a 42 Herbert J. Freudenberger recorded how exhausted he was || as an organizer in Louisiana and Mississippi with CORE || the Congress of Racial Equality’s (CORE) David Dennis || ‘Notes on a biography of Dave Dennis’, undated notes, in the personnel papers of CORE’s Southern Regional Office",0.6666666666666666
arc_lite,Intergenerational movement memoirs and the emotional costs of activist commitment,Dave Dennis,Council of Federated Organizations,leader_of,arc:lite,kcl,person,organisation,False,False,discovered_discovered,0.9,second_pass,4,second_pass_doc_04_chunk_0004,"the Council of Federation Organizations’ (COFO) Mississippi Freedom Summer campaign, which he co-led, the Congress of Racial Equality’s (CORE) David Dennis",0.0
arc_lite,Intergenerational movement memoirs and the emotional costs of activist commitment,Dave Dennis,Council of Federated Organizations,member_of,arc:lite,kcl,person,organisation,False,False,discovered_discovered,1.0,second_pass,8,second_pass_doc_04_chunk_0008,as an organizer in Louisiana and Mississippi with CORE and COFO,1.0
arc_lite,Intergenerational movement memoirs and the emotional costs of activist commitment,Dave Dennis,Freedom Rides,participated_in,arc:lite,kcl,person,event,False,True,seed_discovered,0.95,second_pass,8; 9,second_pass_doc_04_chunk_0008; second_pass_doc_04_chunk_0009,"David Dennis often features in civil rights histories as a Freedom Rider in 1961 || The decision to undertake a Freedom Ride in 1961, as Dennis did",1.0
arc_lite,Intergenerational movement memoirs and the emotional costs of activist commitment,Dave Dennis,James Chaney,collaborated_with,arc:lite,kcl,person,person,False,False,discovered_discovered,0.9,second_pass,20,second_pass_doc_04_chunk_0020,"I remember my last words with Chaney, Goodman, and Schwerner, the day before they were killed",1.0
arc_lite,Intergenerational movement memoirs and the emotional costs of activist commitment,Dave Dennis,Medgar Evers,associated_with,arc:lite,kcl,person,person,False,True,seed_discovered,0.9,second_pass,19,second_pass_doc_04_chunk_0019,Dennis shares with his son the last words he spoke to Medgar Evers.,1.0
arc_lite,Intergenerational movement memoirs and the emotional costs of activist commitment,Dave Dennis,Medgar Evers,collaborated_with,arc:lite,kcl,person,person,False,True,seed_discovered,0.9,second_pass,20,second_pass_doc_04_chunk_0020,"I remember my last words with my friend Medgar, just one hour before he was gunned down in his yard",1.0
arc_lite,Intergenerational movement memoirs and the emotional costs of activist commitment,Dave Dennis,Medgar Evers,connected_to,arc:lite,kcl,person,person,False,True,seed_discovered,0.8,second_pass,19,second_pass_doc_04_chunk_0019,"Returning Evers’s car just hours before he was assassinated, Dennis teased him: ‘Someone’s gonna get killed riding around with you.’",1.0
arc_lite,Intergenerational movement memoirs and the emotional costs of activist commitment,Dave Dennis,Mississippi Freedom Summer,leader_of,arc:lite,kcl,person,event,False,False,discovered_discovered,0.8,second_pass,3,second_pass_doc_04_chunk_0003,"Council of Federation Organizations’ (COFO) Mississippi Freedom Summer campaign, which he co-led",1.0
arc_lite,Intergenerational movement memoirs and the emotional costs of activist commitment,Dave Dennis,Mississippi Freedom Summer,participated_in,arc:lite,kcl,person,event,False,False,discovered_discovered,0.9,second_pass,4,second_pass_doc_04_chunk_0004,"the Council of Federation Organizations’ (COFO) Mississippi Freedom Summer campaign, which he co-led",1.0
arc_lite,Intergenerational movement memoirs and the emotional costs of activist commitment,Dave Dennis,National Association for the Advancement of Colored People,associated_with,arc:lite,kcl,person,organisation,False,True,seed_discovered,1.0,second_pass,8,second_pass_doc_04_chunk_0008,he wrote a NAACP newsletter,1.0
arc_lite,Intergenerational movement memoirs and the emotional costs of activist commitment,Dave Dennis,National Association for the Advancement of Colored People,member_of,arc:lite,kcl,person,organisation,False,True,seed_discovered,1.0,second_pass,15,second_pass_doc_04_chunk_0015,"the NAACP’s representative in Mississippi, in June 1963, Dennis’s faith in the movement was shaken to the core",1.0
arc_lite,Intergenerational movement memoirs and the emotional costs of activist commitment,Dorie Ladner,Freedom houses,associated_with,arc:lite,kcl,person,organisation,False,False,discovered_discovered,0.8,second_pass,11,second_pass_doc_04_chunk_0011,Ladner became ill while directing SNCC’s project in Natchez and feared that the Freedom House would be bombed,1.0
arc_lite,Intergenerational movement memoirs and the emotional costs of activist commitment,Dorie Ladner,Student Nonviolent Coordinating Committee,member_of,arc:lite,kcl,person,organisation,False,True,seed_discovered,0.8500000000000001,second_pass,11; 12,second_pass_doc_04_chunk_0011; second_pass_doc_04_chunk_0012,Ladner became ill while directing SNCC’s project in Natchez || SNCC’s second chairman remembered Dorie Ladner,1.0
arc_lite,Intergenerational movement memoirs and the emotional costs of activist commitment,Fannie Lou Hamer,Mennonite House,associated_with,arc:lite,kcl,person,place,True,False,seed_discovered,1.0,second_pass,8,second_pass_doc_04_chunk_0008,she spent time in the Mennonite House,1.0
arc_lite,Intergenerational movement memoirs and the emotional costs of activist commitment,Fannie Lou Hamer,Student Nonviolent Coordinating Committee,member_of,arc:lite,kcl,person,organisation,True,True,seed_seed,1.0,second_pass,8,second_pass_doc_04_chunk_0008,SNCC’s Fannie Lou Hamer,1.0
arc_lite,Intergenerational movement memoirs and the emotional costs of activist commitment,Harry Belafonte,Student Nonviolent Coordinating Committee,associated_with,arc:lite,kcl,person,organisation,False,True,seed_discovered,0.8,second_pass,2,second_pass_doc_04_chunk_0002,"In an open letter designed to drive funding, Harry Belafonte wrote of activist members of the Student Nonviolent Coordinating Committee (SNCC)",1.0
arc_lite,Intergenerational movement memoirs and the emotional costs of activist commitment,Harry Belafonte,Student Nonviolent Coordinating Committee,connected_to,arc:lite,kcl,person,organisation,False,True,seed_discovered,0.8,second_pass,2,second_pass_doc_04_chunk_0002,"In an open letter designed to drive funding, Harry Belafonte wrote of activist members of the Student Nonviolent Coordinating Committee (SNCC)",1.0
arc_lite,Intergenerational movement memoirs and the emotional costs of activist commitment,Howard Zinn,Student Nonviolent Coordinating Committee,associated_with,arc:lite,kcl,person,organisation,False,True,seed_discovered,0.9,second_pass,14,second_pass_doc_04_chunk_0014,"As an advisor to SNCC, historian Howard Zinn witnessed",1.0
arc_lite,Intergenerational movement memoirs and the emotional costs of activist commitment,James Chaney,Congress of Racial Equality,member_of,arc:lite,kcl,person,organisation,False,True,seed_discovered,1.0,second_pass,20,second_pass_doc_04_chunk_0020,"James Chaney, who joined CORE in October 1963",1.0
arc_lite,Intergenerational movement memoirs and the emotional costs of activist commitment,James Chaney,Schwerner,collaborated_with,arc:lite,kcl,person,person,False,False,discovered_discovered,0.8,second_pass,20,second_pass_doc_04_chunk_0020,"I remember my last words with Chaney, Goodman, and Schwerner, the day before they were killed",1.0
arc_lite,Intergenerational movement memoirs and the emotional costs of activist commitment,Jean Wiley,Student Nonviolent Coordinating Committee,member_of,arc:lite,kcl,person,organisation,False,True,seed_discovered,0.9,second_pass,12,second_pass_doc_04_chunk_0012,SNCC organizer Jean Wiley,1.0
arc_lite,Intergenerational movement memoirs and the emotional costs of activist commitment,John Lewis,Selma,participated_in,arc:lite,kcl,person,place,True,False,seed_discovered,0.9,second_pass,12,second_pass_doc_04_chunk_0012,being severely beaten in Selma in 1965 made Lewis ‘tougher and more resilient’,1.0
arc_lite,Intergenerational movement memoirs and the emotional costs of activist commitment,John Lewis,Student Nonviolent Coordinating Committee,member_of,arc:lite,kcl,person,organisation,True,True,seed_seed,0.9,second_pass,3,second_pass_doc_04_chunk_0003,SNCC’s John Lewis,1.0
arc_lite,Intergenerational movement memoirs and the emotional costs of activist commitment,Julian Bond,Jeanne Theoharis,influenced_by,arc:lite,kcl,person,person,False,False,discovered_discovered,0.9,second_pass,6,second_pass_doc_04_chunk_0006,"Theoharis credits her mentor, SNCC’s Julian Bond, for encouraging her",1.0
arc_lite,Intergenerational movement memoirs and the emotional costs of activist commitment,Julian Bond,Student Nonviolent Coordinating Committee,member_of,arc:lite,kcl,person,organisation,False,True,seed_discovered,1.0,second_pass,6,second_pass_doc_04_chunk_0006,SNCC’s Julian Bond,1.0
arc_lite,Intergenerational movement memoirs and the emotional costs of activist commitment,Medgar Evers,Mississippi Goddamn,associated_with,arc:lite,kcl,person,publication,True,False,seed_discovered,0.7,second_pass,17,second_pass_doc_04_chunk_0017,Jonathan Norton’s play Mississippi Goddamn (2018) is an exception in its depiction of Medgar and Myrlie Evers’s neighbours,1.0
arc_lite,Intergenerational movement memoirs and the emotional costs of activist commitment,Medgar Evers,National Association for the Advancement of Colored People,member_of,arc:lite,kcl,person,organisation,True,True,seed_seed,1.0,second_pass,15,second_pass_doc_04_chunk_0015,"the NAACP’s representative in Mississippi, in June 1963",1.0
arc_lite,Intergenerational movement memoirs and the emotional costs of activist commitment,Mennonite House,Atlanta,located_in,arc:lite,kcl,place,place,False,False,discovered_discovered,1.0,second_pass,7,second_pass_doc_04_chunk_0007,Administering the Mennonite House in Atlanta,1.0
arc_lite,Intergenerational movement memoirs and the emotional costs of activist commitment,Montgomery Bus Boycott,Rosa Parks,associated_with,arc:lite,kcl,event,person,True,True,seed_seed,0.9,second_pass,6,second_pass_doc_04_chunk_0006,the symbol of the Montgomery Bus Boycott,1.0
arc_lite,Intergenerational movement memoirs and the emotional costs of activist commitment,Patricia Stephens Due,Congress of Racial Equality,member_of,arc:lite,kcl,person,organisation,False,True,seed_discovered,0.95,second_pass,4; 5,second_pass_doc_04_chunk_0004; second_pass_doc_04_chunk_0005,"Patricia Stephens Due, another CORE organizer",1.0
arc_lite,Intergenerational movement memoirs and the emotional costs of activist commitment,Patricia Stephens Due,National Association for the Advancement of Colored People,member_of,arc:lite,kcl,person,organisation,False,True,seed_discovered,0.95,second_pass,4; 5,second_pass_doc_04_chunk_0004; second_pass_doc_04_chunk_0005,"Patricia Stephens Due, another CORE organizer who also worked with the ... National Association for the Advancement of Colored People (NAACP) || Patricia Stephens Due, another CORE organizer who also worked with the Southern Christian Leadership Conference (SCLC), SNCC, the National Association for the Advancement of Colored People (NAACP)",0.0
arc_lite,Intergenerational movement memoirs and the emotional costs of activist commitment,Patricia Stephens Due,Southern Christian Leadership Conference,member_of,arc:lite,kcl,person,organisation,False,True,seed_discovered,0.95,second_pass,4; 5,second_pass_doc_04_chunk_0004; second_pass_doc_04_chunk_0005,"Patricia Stephens Due, another CORE organizer who also worked with the Southern Christian Leadership Conference (SCLC)",1.0
arc_lite,Intergenerational movement memoirs and the emotional costs of activist commitment,Patricia Stephens Due,Student Nonviolent Coordinating Committee,member_of,arc:lite,kcl,person,organisation,False,True,seed_discovered,0.95,second_pass,4; 5,second_pass_doc_04_chunk_0004; second_pass_doc_04_chunk_0005,"Patricia Stephens Due, another CORE organizer who also worked with the ... SNCC || Patricia Stephens Due, another CORE organizer who also worked with the Southern Christian Leadership Conference (SCLC), SNCC",0.5
arc_lite,Intergenerational movement memoirs and the emotional costs of activist commitment,Schwerner,Congress of Racial Equality,member_of,arc:lite,kcl,person,organisation,False,True,seed_discovered,1.0,second_pass,21,second_pass_doc_04_chunk_0021,Jonathan Eig refers to Schwerner as a member of CORE,1.0
arc_lite,JAS - MLK teaching UK schools,A. Philip Randolph,March on Washington for Jobs and Freedom,organised,arc:lite,kcl,person,event,True,True,seed_seed,1.0,second_pass,28,second_pass_doc_05_chunk_0028,"the March, co-organized by eminent labour leader A. Philip Randolph",1.0
arc_lite,JAS - MLK teaching UK schools,A. Philip Randolph,Martin Luther King Jr.,collaborated_with,arc:lite,kcl,person,person,True,True,seed_seed,0.8,second_pass,41,second_pass_doc_05_chunk_0041,"King attended independence celebrations in Ghana, along with Vice President Richard Nixon, Adam Clayton Powell, and A. Philip Randolph.",1.0
arc_lite,JAS - MLK teaching UK schools,Bayard Rustin,March on Washington for Jobs and Freedom,organised,arc:lite,kcl,person,event,True,True,seed_seed,1.0,second_pass,28,second_pass_doc_05_chunk_0028,"the March, co-organized by... Bayard Rustin",0.0
arc_lite,JAS - MLK teaching UK schools,Black Panther Party,Black Power,associated_with,arc:lite,kcl,organisation,movement,False,False,discovered_discovered,0.9,second_pass,25,second_pass_doc_05_chunk_0025,"symbols associated with its advocacy of self-defense (i.e., the Black Panthers)",1.0
arc_lite,JAS - MLK teaching UK schools,Black Panther Party,Martin Luther King Jr.,opposed_to,arc:lite,kcl,organisation,person,False,True,seed_discovered,0.7,second_pass,23,second_pass_doc_05_chunk_0023,"some, including the Black Panther Party, doubted the effectiveness of King’s nonviolent philosophy",0.0
arc_lite,JAS - MLK teaching UK schools,Black Power,Stokely Carmichael,associated_with,arc:lite,kcl,movement,person,False,True,seed_discovered,0.9,second_pass,25,second_pass_doc_05_chunk_0025,explain the rise of “extremists” such as Stokely Carmichael,1.0
arc_lite,JAS - MLK teaching UK schools,Black Power Movement,Civil Rights Movement,opposed_to,arc:lite,kcl,movement,movement,False,False,discovered_discovered,0.7,second_pass,25,second_pass_doc_05_chunk_0025,the BPM [black power movement] can be conveniently blamed for the demise of the Civil Rights Movement,1.0
arc_lite,JAS - MLK teaching UK schools,Bristol Bus Boycott,March on Washington for Jobs and Freedom,connected_to,arc:lite,kcl,event,event,False,True,seed_discovered,0.7,second_pass,41,second_pass_doc_05_chunk_0041,"connections between the Montgomery bus boycott, the March on Washington and the Bristol bus boycott.",1.0
arc_lite,JAS - MLK teaching UK schools,Bristol Bus Boycott,Martin Luther King Jr.,associated_with,arc:lite,kcl,event,person,False,True,seed_discovered,0.7,second_pass,33,second_pass_doc_05_chunk_0033,"She draws attention to concurrent but largely forgotten events in the UK that echoed King’s rhetoric and tactics, such as the 1963 Bristol Bus Boycott",0.0
arc_lite,JAS - MLK teaching UK schools,Bristol Bus Boycott,Montgomery Bus Boycott,connected_to,arc:lite,kcl,event,event,False,True,seed_discovered,0.7,second_pass,41,second_pass_doc_05_chunk_0041,"connections between the Montgomery bus boycott, the March on Washington and the Bristol bus boycott.",1.0
arc_lite,JAS - MLK teaching UK schools,Chicago,Martin Luther King Jr.,associated_with,arc:lite,kcl,place,person,False,True,seed_discovered,0.8,second_pass,25,second_pass_doc_05_chunk_0025,King’s later disappointments in Chicago,1.0
arc_lite,JAS - MLK teaching UK schools,Civil Rights Movement,Martin Luther King Jr.,associated_with,arc:lite,kcl,movement,person,False,True,seed_discovered,0.9,second_pass,8,second_pass_doc_05_chunk_0008,"the stories, images and interpretive frames that give meaning to King and eﬀorts to end segre- gation in US society",1.0
arc_lite,JAS - MLK teaching UK schools,Civil Rights Movement,Watts,connected_to,arc:lite,kcl,movement,place,False,False,discovered_discovered,0.7,second_pass,25,second_pass_doc_05_chunk_0025,Watts serves only as a turning point in the dominant textbook narrative,1.0
arc_lite,JAS - MLK teaching UK schools,Federal Bureau of Investigation,Martin Luther King Jr.,associated_with,arc:lite,kcl,organisation,person,False,True,seed_discovered,0.9,second_pass,23,second_pass_doc_05_chunk_0023,"He was also subject to increasing scrutiny and harassment from the FBI, which had wiretapped his phones since 1963.",0.0
arc_lite,JAS - MLK teaching UK schools,Federal Bureau of Investigation,Martin Luther King Jr.,opposed_to,arc:lite,kcl,organisation,person,False,True,seed_discovered,0.9,second_pass,24,second_pass_doc_05_chunk_0024,"For the FBI campaigns against King see Kenneth O’Reilly, Racial Matters: The FBI’s Secret File on Black America",1.0
arc_lite,JAS - MLK teaching UK schools,Lyndon Johnson,Martin Luther King Jr.,associated_with,arc:lite,kcl,person,person,False,True,seed_discovered,0.8,second_pass,23,second_pass_doc_05_chunk_0023,King’s vexed but often productive relationship with President Lyndon Johnson had deteriorated.,1.0
arc_lite,JAS - MLK teaching UK schools,Lyndon Johnson,Martin Luther King Jr.,opposed_to,arc:lite,kcl,person,person,False,True,seed_discovered,0.7,second_pass,24,second_pass_doc_05_chunk_0024,"For the split with Johnson see Sylvia Ellis, Freedom’s Pragmatist: Lyndon Johnson and Civil Rights",1.0
arc_lite,JAS - MLK teaching UK schools,Malcolm X,Martin Luther King Jr.,associated_with,arc:lite,kcl,person,person,True,True,seed_seed,0.8,second_pass,8,second_pass_doc_05_chunk_0008,from King to Malcolm X,1.0
arc_lite,JAS - MLK teaching UK schools,Malcolm X,Martin Luther King Jr.,collaborated_with,arc:lite,kcl,person,person,True,True,seed_seed,0.7,second_pass,31,second_pass_doc_05_chunk_0031,The refusal to view King and Malcolm as individuals whose ideas and activism evolved and occasionally overlapped obscures their shared understanding,1.0
arc_lite,JAS - MLK teaching UK schools,Malcolm X,Stokely Carmichael,influenced_by,arc:lite,kcl,person,person,True,True,seed_seed,0.9,second_pass,31,second_pass_doc_05_chunk_0031,Malcolm’s inﬂuence on Carmichael and other black power radicals is undisputed.,1.0
arc_lite,JAS - MLK teaching UK schools,March on Washington for Jobs and Freedom,Montgomery Bus Boycott,connected_to,arc:lite,kcl,event,event,True,True,seed_seed,0.7,second_pass,41,second_pass_doc_05_chunk_0041,"connections between the Montgomery bus boycott, the March on Washington and the Bristol bus boycott.",1.0
arc_lite,JAS - MLK teaching UK schools,Martin Luther King Jr.,Chicago campaign,participated_in,arc:lite,kcl,person,campaign,True,False,seed_discovered,0.8,second_pass,8,second_pass_doc_05_chunk_0008,"Coverage of King’s own forays into the urban North, notably the SCLC’s  Chicago campaign",0.0
arc_lite,JAS - MLK teaching UK schools,Martin Luther King Jr.,Mahatma Gandhi,influenced_by,arc:lite,kcl,person,person,True,False,seed_discovered,0.925,second_pass,14; 15; 16,second_pass_doc_05_chunk_0014; second_pass_doc_05_chunk_0015; second_pass_doc_05_chunk_0016,"King nevertheless faced accusations from white Southern Baptist leaders that he was 'rejecting the cardinal tenets of biblical Christianity for the heathen philosophy of Mahatma Gandhi.' || King’s “openhearted reception of the theory and practice of non- violent resistance from Gandhi” || he often appears alongside Mahatma Gandhi, a crucial inﬂuence on King’s understanding of nonviolent protest.",0.75
arc_lite,JAS - MLK teaching UK schools,Martin Luther King Jr.,March on Washington for Jobs and Freedom,participated_in,arc:lite,kcl,person,event,True,True,seed_seed,0.95,second_pass,28; 33,second_pass_doc_05_chunk_0028; second_pass_doc_05_chunk_0033,"Recounting King’s speech at the 1963 March on Washington for Jobs and Freedom || “Dream” speech, delivered from the Lincoln Memorial during the March on Washington for Jobs and Freedom in August 1963",0.0
arc_lite,JAS - MLK teaching UK schools,Martin Luther King Jr.,Newcastle upon Tyne,located_in,arc:lite,kcl,person,place,True,False,seed_discovered,1.0,second_pass,22,second_pass_doc_05_chunk_0022,King’s 1967 visit to Newcastle upon Tyne,0.0
arc_lite,JAS - MLK teaching UK schools,Martin Luther King Jr.,Rosa Parks,associated_with,arc:lite,kcl,person,person,True,True,seed_seed,0.8,second_pass,16,second_pass_doc_05_chunk_0016,"King 'led a peaceful campaign of civil disobedience,' after 'a black woman, who had paid for her ticket on the bus, was told to give up her seat to a white man.' That even Rosa Parks remains unnamed in this summary...",0.0
arc_lite,JAS - MLK teaching UK schools,Martin Luther King Jr.,Southern Christian Leadership Conference,associated_with,arc:lite,kcl,person,organisation,True,True,seed_seed,0.8,second_pass,24,second_pass_doc_05_chunk_0024,"To Redeem the Soul of America: The Southern Christian Leadership Conference and Martin Luther King, Jr.",1.0
arc_lite,JAS - MLK teaching UK schools,Martin Luther King Jr.,Stokely Carmichael,associated_with,arc:lite,kcl,person,person,True,True,seed_seed,0.8,second_pass,8,second_pass_doc_05_chunk_0008,from King to ... Stokely Carmichael,0.0
arc_lite,JAS - MLK teaching UK schools,Martin Luther King Jr.,Watts,connected_to,arc:lite,kcl,person,place,True,False,seed_discovered,0.6,second_pass,24,second_pass_doc_05_chunk_0024,What was the impact of Watts upon Martin Luther King?,1.0
arc_lite,JAS - MLK teaching UK schools,Roy Wilkins,National Association for the Advancement of Colored People,member_of,arc:lite,kcl,person,organisation,False,True,seed_discovered,0.9,second_pass,23,second_pass_doc_05_chunk_0023,Roy Wilkins of the NAACP,1.0
arc_lite,JAS - MLK teaching UK schools,Southern Christian Leadership Conference,Chicago campaign,organised,arc:lite,kcl,organisation,campaign,True,False,seed_discovered,0.9,second_pass,8,second_pass_doc_05_chunk_0008,notably the SCLC’s  Chicago campaign,0.0
arc_lite,JAS - MLK teaching UK schools,Stokely Carmichael,Black Power,leader_of,arc:lite,kcl,person,movement,True,False,seed_discovered,0.8,second_pass,31,second_pass_doc_05_chunk_0031,his assassination in 1965 prevented his engagement with the formal adoption of black power that Stokely Carmichael ﬁrst popularized in 1966.,0.0
arc_lite,M12_Frost,Brown v. Board of Education,Civil Rights Movement,associated_with,arc:lite,kcl,law,movement,False,False,discovered_discovered,0.8500000000000001,second_pass,3; 7,second_pass_doc_06_chunk_0003; second_pass_doc_06_chunk_0007,"72% of students who mentioned Brown v. Board of Education (1954), 65% labeled it the Movement’s “first victory.” || the chronology of the Civil Rights Movement as spanning the years 1954 or 1955—using either Brown v. Board of Education or the Montgomery bus boycott as the starting point",1.0
arc_lite,M12_Frost,Civil Rights Act 1964,Civil Rights Movement,associated_with,arc:lite,kcl,law,movement,False,False,discovered_discovered,0.7,second_pass,3,second_pass_doc_06_chunk_0003,as evidenced by the Civil Rights Acts 1964 and 1965.,1.0
arc_lite,M12_Frost,Civil Rights Act 1964,Civil Rights Movement,connected_to,arc:lite,kcl,law,movement,False,False,discovered_discovered,0.9,second_pass,2,second_pass_doc_06_chunk_0002,as evidenced by the Civil Rights Acts 1964 and 1965.,1.0
arc_lite,M12_Frost,Civil Rights Movement,Lyndon Johnson,associated_with,arc:lite,kcl,movement,person,False,False,discovered_discovered,0.8,second_pass,2,second_pass_doc_06_chunk_0002,"a born-again Lyndon Johnson, was able to make America understand racial discrimination as a moral issue.",1.0
arc_lite,M12_Frost,Civil Rights Movement,Martin Luther King Jr.,associated_with,arc:lite,kcl,movement,person,False,True,seed_discovered,0.8,second_pass,3,second_pass_doc_06_chunk_0003,"the chronology of the Civil Rights Movement as spanning the years 1954 or 1955... to the assassination of Dr. Martin Luther King, Jr. in 1968",0.0
arc_lite,M12_Frost,Civil Rights Movement,Montgomery Bus Boycott,associated_with,arc:lite,kcl,movement,event,False,True,seed_discovered,0.8,second_pass,3,second_pass_doc_06_chunk_0003,the chronology of the Civil Rights Movement as spanning the years 1954 or 1955—using either Brown v. Board of Education or the Montgomery bus boycott as the starting point,1.0
arc_lite,M12_Frost,Martin Luther King Jr.,Civil Rights Movement,leader_of,arc:lite,kcl,person,movement,True,False,seed_discovered,1.0,second_pass,2; 7,second_pass_doc_06_chunk_0002; second_pass_doc_06_chunk_0007,"The protest movement, led by the brilliant and eloquent Dr. Martin Luther King || most frequently, they presented the Movement as a “short” Movement led by Dr. Martin Luther King, Jr.",1.0
arc_lite,Modjeska Monteith Simkins and black female leadership  propriety  politics  place and periodization in the African American freedom struggle,Ella Baker,Modjeska Monteith Simkins,associated_with,arc:lite,kcl,person,person,True,False,seed_discovered,0.5,second_pass,28,second_pass_doc_07_chunk_0028,"Despite her preference for didacticism over the ‘Socratic’ methods favoured by Ella Baker, Simkins encouraged self- and communal empowerment",0.0
arc_lite,Modjeska Monteith Simkins and black female leadership  propriety  politics  place and periodization in the African American freedom struggle,Martin Luther King Jr.,Newcastle upon Tyne,associated_with,arc:lite,kcl,person,place,True,False,seed_discovered,0.8,second_pass,28,second_pass_doc_07_chunk_0028,Martin Luther King in Newcastle upon Tyne: The African American Freedom Struggle and Race Relations in the North East of England,1.0
arc_lite,Modjeska Monteith Simkins and black female leadership  propriety  politics  place and periodization in the African American freedom struggle,Modjeska Monteith Simkins,NAACP Richland County Citizens Committee,associated_with,arc:lite,kcl,person,organisation,False,False,discovered_discovered,0.9285714285714286,second_pass,14; 17; 18; 19; 21; 22; 24,second_pass_doc_07_chunk_0014; second_pass_doc_07_chunk_0017; second_pass_doc_07_chunk_0018; second_pass_doc_07_chunk_0019; second_pass_doc_07_chunk_0021; second_pass_doc_07_chunk_0022; second_pass_doc_07_chunk_0024,"Simkins Papers, Topical Papers: NAACP Richland County Citizens Committee",1.0
arc_lite,Modjeska Monteith Simkins and black female leadership  propriety  politics  place and periodization in the African American freedom struggle,Modjeska Monteith Simkins,NAACP Richland County Citizens Committee,leader_of,arc:lite,kcl,person,organisation,False,False,discovered_discovered,0.8000000000000002,second_pass,12; 13; 24,second_pass_doc_07_chunk_0012; second_pass_doc_07_chunk_0013; second_pass_doc_07_chunk_0024,"Simkins formally announced the RCCC’s opposition to the Vietnam War. || Simkins reminded listeners, the organization has waged hardline confrontation || Simkins tried to dispel the idea that South Carolina Blacks voted ‘Like Sheep’. In a spring 1972 broadcast, Simkins announced that the RCCC intended to ‘emphasize the importance of increased voter registration...",0.6666666666666666
arc_lite,Modjeska Monteith Simkins and black female leadership  propriety  politics  place and periodization in the African American freedom struggle,Modjeska Monteith Simkins,NAACP Richland County Citizens Committee,member_of,arc:lite,kcl,person,organisation,False,False,discovered_discovered,0.9666666666666667,second_pass,11; 12; 13; 15; 16; 23,second_pass_doc_07_chunk_0011; second_pass_doc_07_chunk_0012; second_pass_doc_07_chunk_0013; second_pass_doc_07_chunk_0015; second_pass_doc_07_chunk_0016; second_pass_doc_07_chunk_0023,"As a representative of the RCCC that Simkins first began to appear regularly on WOIC || Simkins Papers, Topical Papers: NAACP Richland County Citizens Committee || Simkins’s WOIC broadcasts and work with the RCCC reflected her belli-cose spirit",0.8333333333333334
arc_lite,Modjeska Monteith Simkins and black female leadership  propriety  politics  place and periodization in the African American freedom struggle,Modjeska Monteith Simkins,National Association for the Advancement of Colored People,member_of,arc:lite,kcl,person,organisation,False,True,seed_discovered,1.0,second_pass,7; 9,second_pass_doc_07_chunk_0007; second_pass_doc_07_chunk_0009,"Simkins’s most important contribution to the nascent Civil Rights Movement in the Palmetto State came through her work with the NAACP. By the late 1930s, she was serving on the Executive Committee of the Columbia NAACP || ‘Modjeska Simkins and the South Carolina Conference of the NAACP, 1939–1957’",0.5
arc_lite,Modjeska Monteith Simkins and black female leadership  propriety  politics  place and periodization in the African American freedom struggle,Modjeska Monteith Simkins,National Association for the Advancement of Colored People,opposed_to,arc:lite,kcl,person,organisation,False,True,seed_discovered,0.8,second_pass,10,second_pass_doc_07_chunk_0010,Simkins fell steadily out of favour with important factions within the state NAACP leadership.,1.0
arc_lite,Modjeska Monteith Simkins and black female leadership  propriety  politics  place and periodization in the African American freedom struggle,Modjeska Monteith Simkins,National Association for the Advancement of Colored People,participated_in,arc:lite,kcl,person,organisation,False,True,seed_discovered,0.9,second_pass,6,second_pass_doc_07_chunk_0006,"young Modjeska, who began attending local NAACP meetings in her teens.",1.0
arc_lite,Modjeska Monteith Simkins and black female leadership  propriety  politics  place and periodization in the African American freedom struggle,Modjeska Monteith Simkins,Richland County Citizens Committee,leader_of,arc:lite,kcl,person,organisation,False,False,discovered_discovered,0.9,second_pass,10,second_pass_doc_07_chunk_0010,"she served as director of publicity for the Richland County Citizens Committee (RCCC), which she had helped to found in 1944",0.0
arc_lite,Modjeska Monteith Simkins and black female leadership  propriety  politics  place and periodization in the African American freedom struggle,Modjeska Monteith Simkins,Roy Wilkins,collaborated_with,arc:lite,kcl,person,person,False,False,discovered_discovered,0.7,second_pass,10,second_pass_doc_07_chunk_0010,"In February 1956 Simkins wrote to Roy Wilkins, bluntly informing the NAACP’s Executive Secretary",1.0
arc_lite,Modjeska Monteith Simkins and black female leadership  propriety  politics  place and periodization in the African American freedom struggle,Modjeska Monteith Simkins,Roy Wilkins,connected_to,arc:lite,kcl,person,person,False,False,discovered_discovered,1.0,second_pass,11,second_pass_doc_07_chunk_0011,Letter from Modjeska Simkins to Roy Wilkins,1.0
arc_lite,Modjeska Monteith Simkins and black female leadership  propriety  politics  place and periodization in the African American freedom struggle,National Association for the Advancement of Colored People,Rachel,associated_with,arc:lite,kcl,organisation,person,True,False,seed_discovered,0.8,second_pass,6,second_pass_doc_07_chunk_0006,Her mother Rachel was an elementary school teacher who helped found the Columbia branch of the National Association for the Advancement of Colored People (NAACP),1.0
arc_lite,Modjeska Monteith Simkins and black female leadership  propriety  politics  place and periodization in the African American freedom struggle,Rev. I. De Quincy Newman,NAACP Richland County Citizens Committee,member_of,arc:lite,kcl,person,organisation,False,False,discovered_discovered,1.0,second_pass,23,second_pass_doc_07_chunk_0023,"Rev. I. De Quincy Newman, who succeeded her as the NAACP Secretary of the State Conference of Branches",1.0
arc_lite,MorrisAnnRev1999CRM,A. Philip Randolph,Civil Rights Movement,leader_of,arc:lite,kcl,person,movement,True,False,seed_discovered,0.9,second_pass,27,second_pass_doc_08_chunk_0027,The expertise of leaders such as... A Philip Randolph... supplied the movement with vision and technical knowledge,0.0
arc_lite,MorrisAnnRev1999CRM,A. Philip Randolph,March on Washington Movement,leader_of,arc:lite,kcl,person,movement,True,False,seed_discovered,0.8,second_pass,10,second_pass_doc_08_chunk_0010,A Philip Randolph(cid:146)s March On Washington Movement (MOWM),0.0
arc_lite,MorrisAnnRev1999CRM,A. Philip Randolph,March on Washington Movement,organised,arc:lite,kcl,person,movement,True,False,seed_discovered,1.0,second_pass,5; 6,second_pass_doc_08_chunk_0005; second_pass_doc_08_chunk_0006,In the early 1940s A Philip Randolph organized the March on Washington Movement (MOWM).,1.0
arc_lite,MorrisAnnRev1999CRM,"Albany, Georgia",Southern Christian Leadership Conference,associated_with,arc:lite,kcl,place,organisation,False,True,seed_discovered,0.7,second_pass,22,second_pass_doc_08_chunk_0022,"the conflict between SCLC and SNCC (see Morris 1984:239(cid:150)250). By ex- amining the civil rights movement, Haines (1984) demonstrated how interor- ganizational relations between SMOs can affect the outcomes of a movement... in 1962 Albany, Georgia",0.0
arc_lite,MorrisAnnRev1999CRM,"Albany, Georgia",Student Nonviolent Coordinating Committee,associated_with,arc:lite,kcl,place,organisation,False,True,seed_discovered,0.7,second_pass,22,second_pass_doc_08_chunk_0022,"the conflict between SCLC and SNCC (see Morris 1984:239(cid:150)250). By ex- amining the civil rights movement, Haines (1984) demonstrated how interor- ganizational relations between SMOs can affect the outcomes of a movement... in 1962 Albany, Georgia",0.0
arc_lite,MorrisAnnRev1999CRM,Bayard Rustin,Civil Rights Movement,associated_with,arc:lite,kcl,person,movement,True,False,seed_discovered,1.0,second_pass,18,second_pass_doc_08_chunk_0018,"Bayard Rustin, a major tactician of the civil rights movement",1.0
arc_lite,MorrisAnnRev1999CRM,Bayard Rustin,Civil Rights Movement,leader_of,arc:lite,kcl,person,movement,True,False,seed_discovered,0.9,second_pass,27,second_pass_doc_08_chunk_0027,The expertise of leaders such as... Bayard Rustin... supplied the movement with vision and technical knowledge,0.0
arc_lite,MorrisAnnRev1999CRM,Bayard Rustin,Mahatma Gandhi,influenced_by,arc:lite,kcl,person,person,True,False,seed_discovered,1.0,second_pass,17,second_pass_doc_08_chunk_0017,"James Farmer, Bayard Rustin, James Lawson and Glenn Smiley(cid:151)had studied Gandhi(cid:146)s movement",1.0
arc_lite,MorrisAnnRev1999CRM,Bayard Rustin,Solidarity movement,associated_with,arc:lite,kcl,person,movement,True,False,seed_discovered,0.9,second_pass,18,second_pass_doc_08_chunk_0018,"in the early days of the Solidarity movement in Poland, Bayard Rustin... was summoned to Poland to give a series of colloquia",0.0
arc_lite,MorrisAnnRev1999CRM,Brown v. Board of Education,Jim Crow regime,opposed_to,arc:lite,kcl,event,movement,False,False,discovered_discovered,0.9,second_pass,6,second_pass_doc_08_chunk_0006,This ruling literally swept away the legal grounds on which Jim Crow stood.,1.0
arc_lite,MorrisAnnRev1999CRM,Civil Rights Act 1964,Jim Crow regime,opposed_to,arc:lite,kcl,law,movement,False,False,discovered_discovered,1.0,second_pass,14,second_pass_doc_08_chunk_0014,The 1964 Civil Rights Act and the 1965 Voting Rights Bill brought the formal regime of Jim Crow to a close.,1.0
arc_lite,MorrisAnnRev1999CRM,Civil Rights Act 1964,Lyndon Johnson,associated_with,arc:lite,kcl,law,person,False,False,discovered_discovered,1.0,second_pass,14,second_pass_doc_08_chunk_0014,President Johnson signed into law the 1964 Civil Rights Act.,1.0
arc_lite,MorrisAnnRev1999CRM,Civil Rights Movement,James Lawson,associated_with,arc:lite,kcl,movement,person,False,True,seed_discovered,0.9,second_pass,14,second_pass_doc_08_chunk_0014,James Lawson captured it best when he concluded...,0.0
arc_lite,MorrisAnnRev1999CRM,Civil Rights Movement,Martin Luther King Jr.,associated_with,arc:lite,kcl,movement,person,False,True,seed_discovered,0.9,second_pass,12,second_pass_doc_08_chunk_0012,By this time Martin Luther King Jr. had become a national and international charismatic figure.,0.0
arc_lite,MorrisAnnRev1999CRM,Civil Rights Movement,National Association for the Advancement of Colored People,associated_with,arc:lite,kcl,movement,organisation,False,True,seed_discovered,0.8,second_pass,27,second_pass_doc_08_chunk_0027,the NAACP had developed a sophisticated legal strategy to attack racial segregation. This strategy became one of the central features of the nonviolent direct action movement.,0.0
arc_lite,MorrisAnnRev1999CRM,Congress of Racial Equality,Civil Rights Movement,member_of,arc:lite,kcl,organisation,movement,True,False,seed_discovered,0.9,second_pass,12,second_pass_doc_08_chunk_0012,"This organization increased the formal organizational base of the movement, which already included... the Congress of Racial Equality (CORE)",0.0
arc_lite,MorrisAnnRev1999CRM,Ella Baker,Civil Rights Movement,leader_of,arc:lite,kcl,person,movement,True,False,seed_discovered,0.9,second_pass,27,second_pass_doc_08_chunk_0027,The expertise of leaders such as Ella Baker... supplied the movement with vision and technical knowledge,0.0
arc_lite,MorrisAnnRev1999CRM,Intifadah Movement,Civil Rights Movement,influenced_by,arc:lite,kcl,movement,movement,False,False,discovered_discovered,0.8,second_pass,18,second_pass_doc_08_chunk_0018,they absorbed the lessons of America's nonviolent direct action civil rights movement,0.0
arc_lite,MorrisAnnRev1999CRM,James Lawson,Mahatma Gandhi,influenced_by,arc:lite,kcl,person,person,True,False,seed_discovered,1.0,second_pass,17,second_pass_doc_08_chunk_0017,"James Farmer, Bayard Rustin, James Lawson and Glenn Smiley(cid:151)had studied Gandhi(cid:146)s movement",1.0
arc_lite,MorrisAnnRev1999CRM,James Lawson,Martin Luther King Jr.,associated_with,arc:lite,kcl,person,person,True,True,seed_seed,0.7,second_pass,12,second_pass_doc_08_chunk_0012,"As James Lawson put it, 'Any time King went to a movement, immediately the focus of the nation was on that community'",0.0
arc_lite,MorrisAnnRev1999CRM,Jim Crow regime,Selma,associated_with,arc:lite,kcl,movement,place,False,False,discovered_discovered,0.8,second_pass,14,second_pass_doc_08_chunk_0014,"Similarly, to resolve the crisis created by Selma, the Congress passed national legislation that enfranchised Southern Blacks.",1.0
arc_lite,MorrisAnnRev1999CRM,Mahatma Gandhi,Civil Rights Movement,influenced_by,arc:lite,kcl,person,movement,False,False,discovered_discovered,1.0,second_pass,17,second_pass_doc_08_chunk_0017,Ghandi(cid:146)s use of nonviolence was im- portant to the civil rights movement,1.0
arc_lite,MorrisAnnRev1999CRM,Martin Luther King Jr.,Mahatma Gandhi,influenced_by,arc:lite,kcl,person,person,True,False,seed_discovered,1.0,second_pass,17,second_pass_doc_08_chunk_0017,"Additionally, Gandhi became a hero and a source of inspiration for Martin Luther King Jr.",1.0
arc_lite,MorrisAnnRev1999CRM,Martin Luther King Jr.,Montgomery Improvement Association,leader_of,arc:lite,kcl,person,organisation,True,False,seed_discovered,1.0,second_pass,11,second_pass_doc_08_chunk_0011,"A young Black minister, Martin Luther King, Jr., who came to personify the role of charismatic leader, was chosen to lead the movement.",1.0
arc_lite,MorrisAnnRev1999CRM,Martin Luther King Jr.,Southern Christian Leadership Conference,associated_with,arc:lite,kcl,person,organisation,True,True,seed_seed,1.0,second_pass,30,second_pass_doc_08_chunk_0030,"To Redeem the Soul of America: The Southern Christian Leadership Conference and Martin Luther King, Jr.",0.0
arc_lite,MorrisAnnRev1999CRM,Montgomery Bus Boycott,Alabama,located_in,arc:lite,kcl,event,place,True,False,seed_discovered,1.0,second_pass,11,second_pass_doc_08_chunk_0011,"A ruling by the Supreme Court, that declared bus segregation in Alabama unconstitutional, sealed the victory for the movement.",1.0
arc_lite,MorrisAnnRev1999CRM,Montgomery Bus Boycott,Jim Crow regime,opposed_to,arc:lite,kcl,event,movement,True,False,seed_discovered,0.7,second_pass,10,second_pass_doc_08_chunk_0010,"The 1955 Montgomery, Alabama, year-long mass-based bus boycott... changed all this. These developments thrust the power capable of overthrowing Jim Crow into the hands of the Black community.",0.0
arc_lite,MorrisAnnRev1999CRM,Montgomery Bus Boycott,"Montgomery, Alabama",located_in,arc:lite,kcl,event,place,True,False,seed_discovered,0.9666666666666667,second_pass,10; 11; 25,second_pass_doc_08_chunk_0010; second_pass_doc_08_chunk_0011; second_pass_doc_08_chunk_0025,"The 1955 Montgomery, Alabama, year-long mass-based bus boycott || The Montgomery boycott demonstrated that protest could be sustained indefi- nitely || her refusal to give a white man her seat on a segregated bus sparked the Montgomery, Alabama bus boycott.",0.6666666666666666
arc_lite,MorrisAnnRev1999CRM,Montgomery Improvement Association,Montgomery Bus Boycott,organised,arc:lite,kcl,organisation,event,False,True,seed_discovered,1.0,second_pass,11,second_pass_doc_08_chunk_0011,"Out of Montgomery came the Montgomery Improvement Association (MIA), the first highly visible social movement organization (SMO) of direct RETROSPECTIVE ON CIVIL RIGHTS MOVEMENT 525 action protests.",1.0
arc_lite,MorrisAnnRev1999CRM,National Association for the Advancement of Colored People,Brown v. Board of Education,participated_in,arc:lite,kcl,organisation,event,True,False,seed_discovered,1.0,second_pass,6,second_pass_doc_08_chunk_0006,In the Brown case the NAACP won a major Supreme Court ruling,1.0
arc_lite,MorrisAnnRev1999CRM,National Association for the Advancement of Colored People,Civil Rights Movement,member_of,arc:lite,kcl,organisation,movement,True,False,seed_discovered,0.9,second_pass,12,second_pass_doc_08_chunk_0012,"This organization increased the formal organizational base of the movement, which already included... the NAACP",0.0
arc_lite,MorrisAnnRev1999CRM,National Association for the Advancement of Colored People,Jim Crow regime,opposed_to,arc:lite,kcl,organisation,movement,True,False,seed_discovered,1.0,second_pass,4,second_pass_doc_08_chunk_0004,the NAACP was the first national protest organization organized specifically to attack the Jim Crow regime,1.0
arc_lite,MorrisAnnRev1999CRM,Rosa Parks,Montgomery Bus Boycott,participated_in,arc:lite,kcl,person,event,True,True,seed_seed,1.0,second_pass,25,second_pass_doc_08_chunk_0025,"Rosa Parks is known as the mother of the civil rights movement because her refusal to give a white man her seat on a segregated bus sparked the Montgomery, Alabama bus boycott.",0.0
arc_lite,MorrisAnnRev1999CRM,Septima Clark,Civil Rights Movement,leader_of,arc:lite,kcl,person,movement,False,False,discovered_discovered,0.9,second_pass,27,second_pass_doc_08_chunk_0027,The expertise of leaders such as... Septima Clark supplied the movement with vision and technical knowledge,0.0
arc_lite,MorrisAnnRev1999CRM,Shen Tong,Mahatma Gandhi,influenced_by,arc:lite,kcl,person,person,False,False,discovered_discovered,0.9,second_pass,18,second_pass_doc_08_chunk_0018,my first encounter with the concept of nonviolence was in high school when I read about... Mahatma Gandhi,0.0
arc_lite,MorrisAnnRev1999CRM,Shen Tong,Martin Luther King Jr.,influenced_by,arc:lite,kcl,person,person,False,True,seed_discovered,0.9,second_pass,18,second_pass_doc_08_chunk_0018,my first encounter with the concept of nonviolence was in high school when I read about Martin Luther King Jr.,1.0
arc_lite,MorrisAnnRev1999CRM,Southern Christian Leadership Conference,Civil Rights Movement,member_of,arc:lite,kcl,organisation,movement,True,False,seed_discovered,0.9,second_pass,12,second_pass_doc_08_chunk_0012,"This organization increased the formal organizational base of the movement, which already included the Southern Christian Leadership Conference (SCLC)",0.0
arc_lite,MorrisAnnRev1999CRM,Southern Christian Leadership Conference,Student Nonviolent Coordinating Committee,opposed_to,arc:lite,kcl,organisation,organisation,True,True,seed_seed,0.8,second_pass,22,second_pass_doc_08_chunk_0022,the movement failed to reach its goals because of the conflict between SCLC and SNCC,1.0
arc_lite,MorrisAnnRev1999CRM,sit-in movement,Student Nonviolent Coordinating Committee,connected_to,arc:lite,kcl,movement,organisation,False,True,seed_discovered,0.8,second_pass,12,second_pass_doc_08_chunk_0012,The sit-in movement was also critical because it led to the formation of the Student Nonviolent Coordination Committee (SNCC),1.0
arc_lite,The Black Power Movement  A historiographical understanding of how scholarship has shaped the legacy of the Black Power Movement,Black Power Movement,Malcolm X,associated_with,arc:lite,kcl,movement,person,False,True,seed_discovered,0.8,second_pass,9,second_pass_doc_10_chunk_0009,Black Power Organizations and leaders such as Malcolm X,1.0
arc_lite,s41599-024-03182-3,"Albany, Georgia",Student Nonviolent Coordinating Committee,associated_with,arc:lite,kcl,place,organisation,False,True,seed_discovered,0.7,second_pass,23,second_pass_doc_09_chunk_0023,"and even a Freedom Alley in Albany, Georgia. ... SNCC’s naming and narrative practices were important cultural moorings",0.0
arc_lite,s41599-024-03182-3,Atlanta,Student Nonviolent Coordinating Committee,associated_with,arc:lite,kcl,place,organisation,False,True,seed_discovered,0.5,second_pass,31,second_pass_doc_09_chunk_0031,"Constructing African American urban space in Atlanta, Georgia.",1.0
arc_lite,s41599-024-03182-3,Atlanta,Student Nonviolent Coordinating Committee,located_in,arc:lite,kcl,place,organisation,False,True,seed_discovered,1.0,second_pass,17,second_pass_doc_09_chunk_0017,Atlanta [SNCC head- quarters],1.0
arc_lite,s41599-024-03182-3,Ella Baker,Ruby Doris Smith Robinson,leader_of,arc:lite,kcl,person,person,True,False,seed_discovered,0.9,second_pass,21,second_pass_doc_09_chunk_0021,"Mentored by civil rights icon Ella Baker, Robinson served as the administrative secretary",1.0
arc_lite,s41599-024-03182-3,Ella Baker,Student Nonviolent Coordinating Committee,leader_of,arc:lite,kcl,person,organisation,True,True,seed_seed,0.9,second_pass,13,second_pass_doc_09_chunk_0013,the organization was heavily inﬂuenced by the political philosophy of its founder and advisor Ella Baker,1.0
arc_lite,s41599-024-03182-3,Freedom Singers,Student Nonviolent Coordinating Committee,associated_with,arc:lite,kcl,organisation,organisation,False,True,seed_discovered,0.9,second_pass,24,second_pass_doc_09_chunk_0024,The formation of the Freedom Singers in 1962 reﬂected SNCC’s recognition of the power of music as a mobilization tool,1.0
arc_lite,s41599-024-03182-3,Freedom Singers,Student Nonviolent Coordinating Committee,member_of,arc:lite,kcl,organisation,organisation,False,True,seed_discovered,0.8,second_pass,24,second_pass_doc_09_chunk_0024,While ostensibly the job of the Freedom Singers was to raise money for SNCC,1.0
arc_lite,s41599-024-03182-3,Freedom houses,Student Nonviolent Coordinating Committee,associated_with,arc:lite,kcl,organisation,organisation,False,True,seed_discovered,0.8,second_pass,23,second_pass_doc_09_chunk_0023,"The third and ﬁnal case of SNCC’s onomastic tactics focuses on one of the most common practices of name changing during the Civil Rights Movement—applying the word “Freedom” to a wide range of places, institutions, organizations, and practices. These included Freedom schools...",0.0
arc_lite,s41599-024-03182-3,James Forman,Ruby Doris Smith Robinson,collaborated_with,arc:lite,kcl,person,person,True,False,seed_discovered,1.0,second_pass,21,second_pass_doc_09_chunk_0021,Robinson served as the administrative secretary to SNCC Executive Secretary Jim Forman,1.0
arc_lite,s41599-024-03182-3,James Forman,Student Nonviolent Coordinating Committee,leader_of,arc:lite,kcl,person,organisation,True,True,seed_seed,1.0,second_pass,16,second_pass_doc_09_chunk_0016,SNCC Executive Secretary Jim Forman’s mandate,1.0
arc_lite,s41599-024-03182-3,Julian Bond,Mary King,collaborated_with,arc:lite,kcl,person,person,False,False,discovered_discovered,1.0,second_pass,17,second_pass_doc_09_chunk_0017,Julian Bond and Mary King—who headed up SNCC’s telephone network,1.0
arc_lite,s41599-024-03182-3,Julian Bond,Student Nonviolent Coordinating Committee,member_of,arc:lite,kcl,person,organisation,False,True,seed_discovered,1.0,second_pass,17,second_pass_doc_09_chunk_0017,Julian Bond and Mary King—who headed up SNCC’s telephone network,1.0
arc_lite,s41599-024-03182-3,Ku Klux Klan,Student Nonviolent Coordinating Committee,opposed_to,arc:lite,kcl,organisation,organisation,False,True,seed_discovered,0.9,second_pass,16,second_pass_doc_09_chunk_0016,"the organization’s calls were routinely blocked or tapped by local white female switchboard operators conspiring with police, White Citizens Councils, or the Ku Klux Klan",1.0
arc_lite,s41599-024-03182-3,Martin Luther King Jr.,National Association for the Advancement of Colored People,associated_with,arc:lite,kcl,person,organisation,True,True,seed_seed,0.8,second_pass,10,second_pass_doc_09_chunk_0010,Street naming proposals—most coming from local chapters of the NAACP (National Association for Advancement of Colored People) and SCLC (Southern Christian Leadership Conference)... have placed immense value in memorializing King,0.0
arc_lite,s41599-024-03182-3,Martin Luther King Jr.,Southern Christian Leadership Conference,associated_with,arc:lite,kcl,person,organisation,True,True,seed_seed,0.8,second_pass,10,second_pass_doc_09_chunk_0010,Street naming proposals—most coming from local chapters of the NAACP (National Association for Advancement of Colored People) and SCLC (Southern Christian Leadership Conference)... have placed immense value in memorializing King,0.0
arc_lite,s41599-024-03182-3,Mary King,Student Nonviolent Coordinating Committee,member_of,arc:lite,kcl,person,organisation,False,True,seed_discovered,1.0,second_pass,17,second_pass_doc_09_chunk_0017,Julian Bond and Mary King—who headed up SNCC’s telephone network,1.0
arc_lite,s41599-024-03182-3,Mississippi Freedom Schools,Student Nonviolent Coordinating Committee,associated_with,arc:lite,kcl,organisation,organisation,False,True,seed_discovered,0.7333333333333334,second_pass,19; 23; 26,second_pass_doc_09_chunk_0019; second_pass_doc_09_chunk_0023; second_pass_doc_09_chunk_0026,"At the Greenwood, Mississippi Freedom house, SNCC staff members kept a cache of riﬂes and shotguns || The third and ﬁnal case of SNCC’s onomastic tactics focuses on one of the most common practices of name changing... For example, the 41 Mississippi Freedom Schools || the curriculum the organization helped develop for Mississippi Freedom Schools",0.6666666666666666
arc_lite,s41599-024-03182-3,Mississippi Freedom Summer,Student Nonviolent Coordinating Committee,associated_with,arc:lite,kcl,event,organisation,False,True,seed_discovered,0.8,second_pass,16,second_pass_doc_09_chunk_0016,Forman set up and staffed a WATS line in 1963 as part of the lead up to the 1964 Mississippi Freedom Summer.,1.0
arc_lite,s41599-024-03182-3,Montgomery Bus Boycott,Atlanta,located_in,arc:lite,kcl,event,place,True,False,seed_discovered,0.8,second_pass,34,second_pass_doc_09_chunk_0034,how 1960s civil rights activists built a motor ﬂeet out of their Atlanta headquarters,1.0
arc_lite,s41599-024-03182-3,Montgomery Bus Boycott,"Montgomery, Alabama",located_in,arc:lite,kcl,event,place,True,False,seed_discovered,1.0,second_pass,18,second_pass_doc_09_chunk_0018,"discussions of Montgomery, Alabama, and the bus boycott of 1955–56.",0.0
arc_lite,s41599-024-03182-3,Ruby Doris Smith Robinson,Alabama,located_in,arc:lite,kcl,person,place,False,False,discovered_discovered,1.0,second_pass,21,second_pass_doc_09_chunk_0021,"coordinated organizing efforts in Mississippi, Alabama, and Georgia",1.0
arc_lite,s41599-024-03182-3,Ruby Doris Smith Robinson,Atlanta,located_in,arc:lite,kcl,person,place,False,False,discovered_discovered,1.0,second_pass,21,second_pass_doc_09_chunk_0021,ran many ofﬁce and ﬁnancial operations in the Atlanta headquarters,1.0
arc_lite,s41599-024-03182-3,Ruby Doris Smith Robinson,Freedom Rides,participated_in,arc:lite,kcl,person,event,False,True,seed_discovered,1.0,second_pass,21,second_pass_doc_09_chunk_0021,Robinson was a founding member of SNCC and participated in the Freedom Rides of 1961,1.0
arc_lite,s41599-024-03182-3,Ruby Doris Smith Robinson,Sojourner Truth Motor Fleet,leader_of,arc:lite,kcl,person,organisation,False,False,discovered_discovered,0.95,second_pass,21; 22,second_pass_doc_09_chunk_0022; second_pass_prompt_fix_doc_09_chunk_0021,Black female activist Ruby Doris Smith Robinson established and shrewdly managed the car system || The decision of SNCC leaders such as Robinson to rename their subversive transportation system for Sojourner Truth,1.0
arc_lite,s41599-024-03182-3,Ruby Doris Smith Robinson,Student Nonviolent Coordinating Committee,member_of,arc:lite,kcl,person,organisation,False,True,seed_discovered,1.0,second_pass,21; 22,second_pass_doc_09_chunk_0021; second_pass_doc_09_chunk_0022,"Female colleagues in SNCC saw Ruby Doris Smith Robinson as tough, ﬁerce, and merciless. || Robinson was a founding member of SNCC",1.0
arc_lite,s41599-024-03182-3,Sojourner Truth Motor Fleet,Sojourner Truth,associated_with,arc:lite,kcl,organisation,person,False,False,discovered_discovered,1.0,second_pass,19; 20,second_pass_doc_09_chunk_0019; second_pass_doc_09_chunk_0020,"SNCC’s transport company, the Sojourner Motor Fleet, was named after the prominent 19th century African American freedom ﬁghter Sojourner Truth || the Sojourner Motor Fleet is instructive of a Black onomastic agency... Sojourner Truth’s name identiﬁed and participated in an antiracist mobility work",0.5
arc_lite,s41599-024-03182-3,Sojourner Truth Motor Fleet,Student Nonviolent Coordinating Committee,associated_with,arc:lite,kcl,organisation,organisation,False,True,seed_discovered,1.0,second_pass,22,second_pass_doc_09_chunk_0022,The decision of SNCC leaders such as Robinson to rename their subversive transportation system for Sojourner Truth,1.0
arc_lite,s41599-024-03182-3,Sojourner Truth Motor Fleet,Student Nonviolent Coordinating Committee,member_of,arc:lite,kcl,organisation,organisation,False,True,seed_discovered,1.0,second_pass,20,second_pass_doc_09_chunk_0020,SNCC’s named transport system signaled an attempt to transform the relationship between race and mobility in America,1.0
arc_lite,s41599-024-03182-3,Student Nonviolent Coordinating Committee,Alabama,located_in,arc:lite,kcl,organisation,place,True,False,seed_discovered,0.8,second_pass,13,second_pass_doc_09_chunk_0013,"SNCC articulated and con- ducted a youth-driven, bottom-up approach to mobilizing poor, rural Black communities in the Deep South (e.g., Alabama, Georgia, Mississippi)",1.0
arc_lite,s41599-024-03182-3,Student Nonviolent Coordinating Committee,Freedom Rides,participated_in,arc:lite,kcl,organisation,event,True,True,seed_seed,0.9,second_pass,13,second_pass_doc_09_chunk_0013,Throughout the 1960s SNCC was at the forefront of civil rights activism—from its early involvement in student sit-ins and freedom rides,1.0
arc_lite,s41599-024-03182-3,Student Nonviolent Coordinating Committee,Freedom Schools,organised,arc:lite,kcl,organisation,organisation,True,False,seed_discovered,0.8,second_pass,23,second_pass_prompt_fix_doc_09_chunk_0023,"SNCC’s onomastic tactics focuses on one of the most common practices of name changing during the Civil Rights Movement—applying the word “Freedom” to a wide range of places, institutions, organizations, and practices. These included Freedom schools",1.0
arc_lite,s41599-024-03182-3,Student Nonviolent Coordinating Committee,Freedom Summer,participated_in,arc:lite,kcl,organisation,event,True,False,seed_discovered,0.9,second_pass,13,second_pass_doc_09_chunk_0013,Throughout the 1960s SNCC was at the forefront of civil rights activism—from its early involvement in student sit-ins and freedom rides to Freedom Summer,1.0
arc_lite,s41599-024-03182-3,Student Nonviolent Coordinating Committee,Ku Klux Klan,opposed_to,arc:lite,kcl,organisation,organisation,True,False,seed_discovered,0.8,second_pass,20,second_pass_doc_09_chunk_0020,"To help outrun hostile law enforcement and the Ku Klux Klan, some SNCC workers increased the power of cars",1.0
arc_lite,s41599-024-03182-3,Student Nonviolent Coordinating Committee,Sojourner Truth Garage,organised,arc:lite,kcl,organisation,organisation,True,False,seed_discovered,1.0,second_pass,20,second_pass_prompt_fix_doc_09_chunk_0020,Establishing a ﬂeet of cars for activists in 1964 and a mechanic shop by 1965 (called Sojourner Truth Garage),1.0
arc_lite,s41599-024-03182-3,Student Nonviolent Coordinating Committee,Sojourner Truth Motor Fleet,organised,arc:lite,kcl,organisation,organisation,True,False,seed_discovered,1.0,second_pass,19; 20,second_pass_doc_09_chunk_0019; second_pass_doc_09_chunk_0020,"Establishing a ﬂeet of cars for activists in 1964 and a mechanic shop by 1965 (called Sojourner Truth Garage) was about more the political efﬁcacy of SNCC’s || SNCC’s transport company, the Sojourner Motor Fleet, was named after the prominent 19th century African American freedom ﬁghter Sojourner Truth",1.0
arc_lite,the-dark-and-sad-days-of-reconstruction-the-politics-of-memory-in-the-civil-rights-era,A. Philip Randolph,March on Washington for Jobs and Freedom,participated_in,arc:lite,kcl,person,event,True,True,seed_seed,1.0,second_pass,12,second_pass_doc_11_chunk_0012,"In his speech at the March on Washington in August 1963, John Lewis, the young leader of the Student Non Violent Coordinating Committee (SNCC), criticized President John F. Kennedy’s proposed civil rights bill...",0.0
arc_lite,the-dark-and-sad-days-of-reconstruction-the-politics-of-memory-in-the-civil-rights-era,John Lewis,March on Washington for Jobs and Freedom,participated_in,arc:lite,kcl,person,event,True,True,seed_seed,1.0,second_pass,12,second_pass_doc_11_chunk_0012,"In his speech at the March on Washington in August 1963, John Lewis...",0.0
arc_lite,the-dark-and-sad-days-of-reconstruction-the-politics-of-memory-in-the-civil-rights-era,John Lewis,Student Nonviolent Coordinating Committee,leader_of,arc:lite,kcl,person,organisation,True,True,seed_seed,1.0,second_pass,12,second_pass_doc_11_chunk_0012,"John Lewis, the young leader of the Student Non Violent Coordinating Committee (SNCC)",1.0
qwen_plus,A fight for racial equality in Florida,Alvin J. Bronstein,Civil Rights Act 1964,participated_in,qwen-plus,qwen,person,law,False,False,discovered_discovered,0.9,second_pass,22,second_pass_doc_01_chunk_0022,The Civil Rights Act promised a breakout from confinement within the black community and offered the vision of equality.,1.0
qwen_plus,A fight for racial equality in Florida,Alvin J. Bronstein,Civil Rights Movement,associated_with,qwen-plus,qwen,person,movement,False,False,discovered_discovered,0.95,second_pass,25,second_pass_doc_01_chunk_0025,"By helping to make the law applicable to St Augustine, Bronstein earned the gratitude of the movement there.",1.0
qwen_plus,A fight for racial equality in Florida,Alvin J. Bronstein,Congress of Racial Equality,member_of,qwen-plus,qwen,person,organisation,False,True,seed_discovered,0.95,second_pass,23,second_pass_doc_01_chunk_0023,he served for nearly half a decade as general counsel to the Brooklyn branch of CORE,1.0
qwen_plus,A fight for racial equality in Florida,Alvin J. Bronstein,Freedom Rides,associated_with,qwen-plus,qwen,person,event,False,True,seed_discovered,0.7,second_pass,12,second_pass_doc_01_chunk_0012,Simon and two other Miami attorneys assisted Rachlin.,1.0
qwen_plus,A fight for racial equality in Florida,Alvin J. Bronstein,Freedom Rides,participated_in,qwen-plus,qwen,person,event,False,True,seed_discovered,0.95,second_pass,23,second_pass_doc_01_chunk_0023,"In 1961, when some of the Brooklyn members were arrested as Freedom Riders, Bronstein went to Mississippi to defend them",1.0
qwen_plus,A fight for racial equality in Florida,Alvin J. Bronstein,Ku Klux Klan,opposed_to,qwen-plus,qwen,person,organisation,False,False,discovered_discovered,0.95,second_pass,22,second_pass_doc_01_chunk_0022,The judge even encouraged Bronstein to sue both the Klan and the National States Rights Party in order to stymie their members from trying to violate the new law.,1.0
qwen_plus,A fight for racial equality in Florida,Alvin J. Bronstein,Southern Christian Leadership Conference,associated_with,qwen-plus,qwen,person,organisation,False,True,seed_discovered,0.8,second_pass,18,second_pass_doc_01_chunk_0018,"his education was complete. He was even willing to violate judicial propriety by asking Alvin Bronstein to file legal claims against the white extremists. In addition to Simon, who worked pro bono for the SCLC",1.0
qwen_plus,A fight for racial equality in Florida,Alvin J. Bronstein,Southern Christian Leadership Conference,collaborated_with,qwen-plus,qwen,person,organisation,False,True,seed_discovered,0.925,second_pass,17; 23,second_pass_doc_01_chunk_0017; second_pass_doc_01_chunk_0023,"In August 1964 he filed lawsuits on behalf of the SCLC because biracial negotiations broke down || In attracting lawyers like Kunstler and Alvin J. Bronstein to assist Simon, the SCLC campaign contributed noticeably to the education of a judge named Bryan Simpson",1.0
qwen_plus,A fight for racial equality in Florida,Alvin J. Bronstein,St Augustine,located_in,qwen-plus,qwen,person,place,False,False,discovered_discovered,0.9,second_pass,22; 23; 25,second_pass_doc_01_chunk_0022; second_pass_doc_01_chunk_0023; second_pass_doc_01_chunk_0025,"By helping to make the law applicable to St Augustine, Bronstein earned the gratitude of the movement there. || He spent nights in a black home and ate in a black-owned diner that lacked air conditioning. || He targeted fifteen motels and restaurants in the St Augustine area and continued to monitor their compliance",0.6666666666666666
qwen_plus,A fight for racial equality in Florida,Alvin J. Bronstein,St Augustine,participated_in,qwen-plus,qwen,person,place,False,False,discovered_discovered,0.9,second_pass,1,second_pass_doc_01_chunk_0001,outside attorneys like Alvin J. Bronstein to protect the rights of protestors,1.0
qwen_plus,A fight for racial equality in Florida,Alvin J. Bronstein,Tobias Simon,associated_with,qwen-plus,qwen,person,person,False,False,discovered_discovered,0.7,second_pass,23,second_pass_doc_01_chunk_0023,Tobias Simon (aliases: Tobias Simon) is listed in the entity list alongside Alvin Bronstein but no direct relationship is stated in the text,0.0
qwen_plus,A fight for racial equality in Florida,Andrew Young,Southern Christian Leadership Conference,member_of,qwen-plus,qwen,person,organisation,True,True,seed_seed,0.95,second_pass,24,second_pass_doc_01_chunk_0024,a waitress had poured hot coffee on a biracial group that included Reverend Andrew Young of the SCLC,1.0
qwen_plus,A fight for racial equality in Florida,Andrew Young,St Augustine,participated_in,qwen-plus,qwen,person,place,True,False,seed_discovered,0.95,second_pass,24,second_pass_doc_01_chunk_0024,a waitress had poured hot coffee on a biracial group that included Reverend Andrew Young of the SCLC,1.0
qwen_plus,A fight for racial equality in Florida,Carl Rachlin,Congress of Racial Equality,member_of,qwen-plus,qwen,person,organisation,False,True,seed_discovered,0.95,second_pass,12,second_pass_doc_01_chunk_0012,in 1963 attorney Carl Rachlin of CORE argued his case before the Supreme Court,1.0
qwen_plus,A fight for racial equality in Florida,Civil Rights Act 1964,St Augustine,connected_to,qwen-plus,qwen,law,place,False,False,discovered_discovered,0.95,second_pass,1,second_pass_doc_01_chunk_0001,the crisis in St Augustine that spring and summer served as the inescapable backdrop for the passage of the Civil Rights Act (1964),1.0
qwen_plus,A fight for racial equality in Florida,Civil Rights Movement,Tobias Simon,associated_with,qwen-plus,qwen,movement,person,False,False,discovered_discovered,0.95,second_pass,25,second_pass_doc_01_chunk_0025,"Congress debated in the shadow of the ‘troubles’ in St Augustine. Without the inclusion of that provision, the Civil Rights Movement promised further protests.",0.0
qwen_plus,A fight for racial equality in Florida,Congress of Racial Equality,Tobias Simon,associated_with,qwen-plus,qwen,organisation,person,True,False,seed_discovered,0.95,second_pass,11,second_pass_doc_01_chunk_0011,"August Meier and Elliott Rudwick, CORE: A Study of the Civil Rights Movement, 1942–1968 (New York and Oxford: Oxford University Press 1973), 283.",1.0
qwen_plus,A fight for racial equality in Florida,Florida,Jim Crow regime,associated_with,qwen-plus,qwen,place,campaign,False,False,discovered_discovered,0.9,second_pass,3,second_pass_doc_01_chunk_0003,Entrenched rural resistance to modern urban life meant a commitment to Jim Crow.,1.0
qwen_plus,A fight for racial equality in Florida,Florida,National Association for the Advancement of Colored People,opposed_to,qwen-plus,qwen,place,organisation,False,True,seed_discovered,0.95,second_pass,3,second_pass_doc_01_chunk_0003,"Tallahassee yearned to acquire the membership lists of the National Association for the Advancement of Colored People (NAACP). The state’s transparent purpose was to weaken, if not destroy, a civil rights organization that the legislature deemed ‘subversive’.",1.0
qwen_plus,A fight for racial equality in Florida,Israel S. (Sy) Dresner,Freedom Rides,participated_in,qwen-plus,qwen,person,event,False,True,seed_discovered,0.95,second_pass,12,second_pass_doc_01_chunk_0012,The Interfaith Freedom Riders nevertheless got ready to fly home when they faced trouble at the airport.,1.0
qwen_plus,A fight for racial equality in Florida,Israel S. (Sy) Dresner,Martin Luther King Jr.,associated_with,qwen-plus,qwen,person,person,False,True,seed_discovered,0.9,second_pass,12,second_pass_doc_01_chunk_0012,"Rabbi Israel Dresner, civil rights champion who befriended King",1.0
qwen_plus,A fight for racial equality in Florida,Israel S. (Sy) Dresner,Martin Luther King Jr.,collaborated_with,qwen-plus,qwen,person,person,False,True,seed_discovered,0.96,second_pass,14,second_pass_doc_01_chunk_0014,"King sent a letter to Dresner, asking him to recruit his colleagues to come to the city to heighten public attention to the struggle",1.0
qwen_plus,A fight for racial equality in Florida,Israel S. (Sy) Dresner,St Augustine,participated_in,qwen-plus,qwen,person,place,False,False,discovered_discovered,0.95,second_pass,14,second_pass_doc_01_chunk_0014,"On 18 June, Dresner and fifteen other rabbis arrived",1.0
qwen_plus,A fight for racial equality in Florida,Martin Luther King Jr.,Monson Motor Lodge,participated_in,qwen-plus,qwen,person,event,True,False,seed_discovered,0.915,second_pass,13; 14,second_pass_doc_01_chunk_0013; second_pass_doc_01_chunk_0014,"On 11 June 1964 he was arrested trying to desegregate the restaurant of the Monson Motor Lodge || someone with a shotgun fired a dozen shots into the beach home where Martin Luther King, Jr, was staying",1.0
qwen_plus,A fight for racial equality in Florida,Martin Luther King Jr.,Southern Christian Leadership Conference,leader_of,qwen-plus,qwen,person,organisation,True,True,seed_seed,0.965,second_pass,14; 20,second_pass_doc_01_chunk_0014; second_pass_doc_01_chunk_0020,SCLC faked the attack || SCLC’s rights of assembly,1.0
qwen_plus,A fight for racial equality in Florida,Martin Luther King Jr.,St Augustine,located_in,qwen-plus,qwen,person,place,True,False,seed_discovered,0.96,second_pass,14; 17,second_pass_doc_01_chunk_0014; second_pass_doc_01_chunk_0017,"Dan R. Warren, If It Takes All Summer: Martin Luther King, the KKK, and States’ Rights in St Augustine, 1964 || King called a ‘rule of terror’ once made the front page of the Soviet Union’s major government newspaper, Izvestia",1.0
qwen_plus,A fight for racial equality in Florida,Martin Luther King Jr.,St Augustine,participated_in,qwen-plus,qwen,person,place,True,False,seed_discovered,0.9333333333333332,second_pass,13; 19; 20,second_pass_doc_01_chunk_0013; second_pass_doc_01_chunk_0019; second_pass_doc_01_chunk_0020,"Martin Luther King and 17 others jailed trying to integrate St Augustine restaurant (May 1964) || someone with a shotgun fired a dozen shots into the beach home where Martin Luther King, Jr, was staying",0.3333333333333333
qwen_plus,A fight for racial equality in Florida,Monson Motor Lodge,St Augustine,located_in,qwen-plus,qwen,event,place,False,False,discovered_discovered,0.95,second_pass,13,second_pass_doc_01_chunk_0013,The manager of the Monson Motor Lodge was James Brock... in St Augustine,0.0
qwen_plus,A fight for racial equality in Florida,Reconstruction,St Augustine,connected_to,qwen-plus,qwen,movement,place,False,False,discovered_discovered,0.6,second_pass,18,second_pass_doc_01_chunk_0018,The justification for removal would be based on an 1866 law that the Radical Republicans had passed during Reconstruction.,0.0
qwen_plus,A fight for racial equality in Florida,Roy Wilkins,National Association for the Advancement of Colored People,leader_of,qwen-plus,qwen,person,organisation,False,True,seed_discovered,0.98,second_pass,3,second_pass_doc_01_chunk_0003,Executive secretary Roy Wilkins feared that ‘the civil rights movement in Florida and the entire Southeast’ would be imperilled if the NAACP lost.,1.0
qwen_plus,A fight for racial equality in Florida,Southern Christian Leadership Conference,Martin Luther King Jr.,member_of,qwen-plus,qwen,organisation,person,True,True,seed_seed,0.95,second_pass,19,second_pass_doc_01_chunk_0019,Martin Luther King and 17 others jailed trying to integrate St Augustine restaurant (May 1964),0.0
qwen_plus,A fight for racial equality in Florida,Southern Christian Leadership Conference,St Augustine,organised,qwen-plus,qwen,organisation,place,True,False,seed_discovered,0.9199999999999999,second_pass,1; 13; 17; 19; 20,second_pass_doc_01_chunk_0001; second_pass_doc_01_chunk_0013; second_pass_doc_01_chunk_0017; second_pass_doc_01_chunk_0019; second_pass_doc_01_chunk_0020,"SCLC protests were nonviolent || the SCLC campaign contributed noticeably to the education of a judge named Bryan Simpson || the SCLC sought to sustain the momentum by organizing night marches || the Southern Christian Leadership Conference (SCLC) campaigned there to desegregate dining and lodging facilities || the Southern Christian Leadership Conference under Martin Luther King, Jr picked St Augustine to highlight the persistence of legally enforced white supremacy",0.8
qwen_plus,A fight for racial equality in Florida,Southern Christian Leadership Conference,Tobias Simon,associated_with,qwen-plus,qwen,organisation,person,True,False,seed_discovered,0.9,second_pass,18,second_pass_doc_01_chunk_0018,"In addition to Simon, who worked pro bono for the SCLC",1.0
qwen_plus,A fight for racial equality in Florida,Southern Christian Leadership Conference,Tobias Simon,collaborated_with,qwen-plus,qwen,organisation,person,True,False,seed_discovered,0.8833333333333333,second_pass,17; 19; 20,second_pass_doc_01_chunk_0017; second_pass_doc_01_chunk_0019; second_pass_doc_01_chunk_0020,"In attracting lawyers like Kunstler and Alvin J. Bronstein to assist Simon, the SCLC campaign contributed noticeably to the education of a judge named Bryan Simpson || Simon told the judge that King himself graciously preferred Harris to simply recant his perjured testimony || Simpson called such conditions nothing less than ‘raw ugliness, studied and cynical brutality’. Accepting the pleas of Kunstler and Simon, the judge ordered bonds for the defendants.",0.6666666666666666
qwen_plus,A fight for racial equality in Florida,Southern Christian Leadership Conference,night marches,organised,qwen-plus,qwen,organisation,event,True,False,seed_discovered,0.95,second_pass,19,second_pass_prompt_fix_doc_01_chunk_0019,the SCLC sought to sustain the momentum by organizing night marches,1.0
qwen_plus,A fight for racial equality in Florida,St Augustine,Civil Rights Act 1964,influenced_by,qwen-plus,qwen,place,law,False,False,discovered_discovered,0.9,second_pass,24,second_pass_doc_01_chunk_0024,"A key feature of the new law was its public accommodations section (Title II), which Congress debated in the shadow of the 'troubles' in St Augustine",0.0
qwen_plus,A fight for racial equality in Florida,St Augustine,Civil Rights Movement,participated_in,qwen-plus,qwen,place,movement,False,False,discovered_discovered,0.95,second_pass,24,second_pass_doc_01_chunk_0024,the 'troubles' in St Augustine,0.0
qwen_plus,A fight for racial equality in Florida,St Augustine,Southern Christian Leadership Conference,participated_in,qwen-plus,qwen,place,organisation,False,True,seed_discovered,0.7,second_pass,18,second_pass_doc_01_chunk_0018,"The transformation of Simpson’s sympathies did not occur immediately, however. Judge Charles Mathis, Jr of St Augustine enforced local ordinances by imposing high bail and heavy fines on the demonstrators, and thus backed up Sheriff Davis’s harassment.",1.0
qwen_plus,A fight for racial equality in Florida,Tobias Simon,Freedom Rides,participated_in,qwen-plus,qwen,person,event,False,True,seed_discovered,0.85,second_pass,12,second_pass_doc_01_chunk_0012,Simon and two other Miami attorneys assisted Rachlin.,1.0
qwen_plus,A fight for racial equality in Florida,Tobias Simon,St Augustine,located_in,qwen-plus,qwen,person,place,False,False,discovered_discovered,0.9,second_pass,25,second_pass_doc_01_chunk_0025,"Congress debated in the shadow of the ‘troubles’ in St Augustine. ... By helping to make the law applicable to St Augustine, Bronstein earned the gratitude of the movement there.",0.0
qwen_plus,A fight for racial equality in Florida,Tobias Simon,St Augustine,participated_in,qwen-plus,qwen,person,place,False,False,discovered_discovered,0.8666666666666667,second_pass,1; 19; 20,second_pass_doc_01_chunk_0001; second_pass_doc_01_chunk_0019; second_pass_doc_01_chunk_0020,"Accepting the pleas of Kunstler and Simon, the judge ordered bonds for the defendants. || Simon quickly challenged the ban || drew in the Miami-based Tobias Simon, a key lawyer for progressive causes in the state",1.0
qwen_plus,Brian-Purnell_Freedom-North-Studies-the-Long-Civil-Rights-Movement-and-Twentieth-Century-Liberalism-in-American-Cities,Bayard Rustin,Black Power,opposed_to,qwen-plus,qwen,person,movement,True,False,seed_discovered,0.95,second_pass,10,second_pass_doc_02_chunk_0010,a fierce critic of Black Power and Black Nationalism,1.0
qwen_plus,Brian-Purnell_Freedom-North-Studies-the-Long-Civil-Rights-Movement-and-Twentieth-Century-Liberalism-in-American-Cities,Bayard Rustin,Black Power Movement,opposed_to,qwen-plus,qwen,person,movement,True,False,seed_discovered,0.95,second_pass,10,second_pass_doc_02_chunk_0010,a fierce critic of Black Power and Black Nationalism,1.0
qwen_plus,Brian-Purnell_Freedom-North-Studies-the-Long-Civil-Rights-Movement-and-Twentieth-Century-Liberalism-in-American-Cities,Bayard Rustin,Freedom Budget for All Americans,organised,qwen-plus,qwen,person,campaign,True,False,seed_discovered,0.95,second_pass,10,second_pass_doc_02_chunk_0010,Rustin championed a Freedom Budget for All Americans in October 1966,0.0
qwen_plus,Brian-Purnell_Freedom-North-Studies-the-Long-Civil-Rights-Movement-and-Twentieth-Century-Liberalism-in-American-Cities,Bayard Rustin,New York City school strikes,participated_in,qwen-plus,qwen,person,event,True,False,seed_discovered,0.9,second_pass,10,second_pass_doc_02_chunk_0010,"During the New York City school strikes of the late 1960s, Rustin’s steadfast belief in strong labor unions put him on the side of the mostly white United Federation of Teachers",1.0
qwen_plus,Brian-Purnell_Freedom-North-Studies-the-Long-Civil-Rights-Movement-and-Twentieth-Century-Liberalism-in-American-Cities,Bayard Rustin,Student Nonviolent Coordinating Committee,associated_with,qwen-plus,qwen,person,organisation,True,True,seed_seed,0.85,second_pass,10,second_pass_doc_02_chunk_0010,Rustin’s life did intersect with them,0.0
qwen_plus,Brian-Purnell_Freedom-North-Studies-the-Long-Civil-Rights-Movement-and-Twentieth-Century-Liberalism-in-American-Cities,Bayard Rustin,United Federation of Teachers,associated_with,qwen-plus,qwen,person,organisation,True,False,seed_discovered,0.9,second_pass,10,second_pass_doc_02_chunk_0010,Rustin’s steadfast belief in strong labor unions put him on the side of the mostly white United Federation of Teachers,1.0
qwen_plus,Brian-Purnell_Freedom-North-Studies-the-Long-Civil-Rights-Movement-and-Twentieth-Century-Liberalism-in-American-Cities,Martin Luther King Jr.,Chicago,located_in,qwen-plus,qwen,person,place,True,False,seed_discovered,0.9,second_pass,9,second_pass_doc_02_chunk_0009,"Martin Luther King, Jr., tried to launch an open housing movement in Chicago and failed.",1.0
qwen_plus,Brian-Purnell_Freedom-North-Studies-the-Long-Civil-Rights-Movement-and-Twentieth-Century-Liberalism-in-American-Cities,Martin Luther King Jr.,open housing movement,organised,qwen-plus,qwen,person,campaign,True,False,seed_discovered,0.9,second_pass,9,second_pass_doc_02_chunk_0009,"Martin Luther King, Jr., tried to launch an open housing movement in Chicago and failed.",1.0
qwen_plus,Hughes,A. Philip Randolph,March on Washington for Jobs and Freedom,organised,qwen-plus,qwen,person,event,True,True,seed_seed,0.95,second_pass,17,second_pass_doc_03_chunk_0017,"The images associated with the conventional narrative of the movement, plus duplications from the primary source packet, meant that only about 12 per cent of the images provided by the students in Group B represented new selections that reflected a more revisionist interpretation of the movement. These images included photographs of such figures as A. Philip Randolph, Bayard Rustin, Richard Nixon and J. Edgar Hoover, as well as references to abolitionism, the 13th Amendment, race riots in 1919, and 2014 protests about the police shooting in Ferguson, Missouri.",1.0
qwen_plus,Hughes,Bayard Rustin,Civil Rights Movement,associated_with,qwen-plus,qwen,person,movement,True,False,seed_discovered,0.9,second_pass,5,second_pass_doc_03_chunk_0005,Focusing on what Bayard Rustin (1971: 111) identified as the ‘classical phase’ of the movement,1.0
qwen_plus,Hughes,Bayard Rustin,March on Washington for Jobs and Freedom,organised,qwen-plus,qwen,person,event,True,True,seed_seed,0.95,second_pass,17,second_pass_doc_03_chunk_0017,"The images associated with the conventional narrative of the movement, plus duplications from the primary source packet, meant that only about 12 per cent of the images provided by the students in Group B represented new selections that reflected a more revisionist interpretation of the movement. These images included photographs of such figures as A. Philip Randolph, Bayard Rustin, Richard Nixon and J. Edgar Hoover, as well as references to abolitionism, the 13th Amendment, race riots in 1919, and 2014 protests about the police shooting in Ferguson, Missouri.",1.0
qwen_plus,Hughes,Brown v. Board of Education,Civil Rights Movement,connected_to,qwen-plus,qwen,law,movement,False,False,discovered_discovered,0.95,second_pass,5; 14,second_pass_doc_03_chunk_0005; second_pass_doc_03_chunk_0014,framed by legal victories such as Brown v. Board of Education (1954) and the Voting Rights Act 1965 || photographs meant to symbolise the US Supreme Court ruling in Plessy v. Ferguson (1896). Other figures... Brown v. Board of Education (1954),0.5
qwen_plus,Hughes,Brown v. Board of Education,Civil Rights Movement,participated_in,qwen-plus,qwen,law,movement,False,False,discovered_discovered,0.95,second_pass,16,second_pass_doc_03_chunk_0016,"The Brown v. Board of Education US Supreme Court case was depicted in 11 images, with multiple students also selecting images of King, Rosa Parks, the Little Rock Nine, the Freedom Rides and the Civil Rights Act 1964.",1.0
qwen_plus,Hughes,Civil Rights Act 1964,Civil Rights Movement,participated_in,qwen-plus,qwen,law,movement,False,False,discovered_discovered,0.95,second_pass,16,second_pass_doc_03_chunk_0016,"The Brown v. Board of Education US Supreme Court case was depicted in 11 images, with multiple students also selecting images of King, Rosa Parks, the Little Rock Nine, the Freedom Rides and the Civil Rights Act 1964.",1.0
qwen_plus,Hughes,Civil Rights Act 1964,Lyndon Johnson,associated_with,qwen-plus,qwen,law,person,False,False,discovered_discovered,0.95,second_pass,14,second_pass_doc_03_chunk_0014,President Lyndon Johnson and the 1964 Civil Rights Act,1.0
qwen_plus,Hughes,Civil Rights Act 1964,March on Washington for Jobs and Freedom,associated_with,qwen-plus,qwen,law,event,False,True,seed_discovered,0.85,second_pass,17,second_pass_doc_03_chunk_0017,"Three of the four teacher candidates who used the 1964 Civil Rights Act failed to mention its later importance in terms of gender equality (even though the included excerpt made a specific reference to sex), and only three of the seven teacher candidates who referenced the March on Washington for Jobs and Freedom discussed the emphasis that the event placed on jobs and economic justice.",1.0
qwen_plus,Hughes,Federal Bureau of Investigation,Martin Luther King Jr.,opposed_to,qwen-plus,qwen,organisation,person,False,True,seed_discovered,0.9,second_pass,16,second_pass_doc_03_chunk_0016,"the FBI letter to King (Box 3, Source 5)",1.0
qwen_plus,Hughes,Freedom Rides,Civil Rights Movement,participated_in,qwen-plus,qwen,event,movement,True,False,seed_discovered,0.95,second_pass,16,second_pass_doc_03_chunk_0016,"The Brown v. Board of Education US Supreme Court case was depicted in 11 images, with multiple students also selecting images of King, Rosa Parks, the Little Rock Nine, the Freedom Rides and the Civil Rights Act 1964.",1.0
qwen_plus,Hughes,Martin Luther King Jr.,Beyond Vietnam,organised,qwen-plus,qwen,person,publication,True,False,seed_discovered,0.85,second_pass,16,second_pass_doc_03_chunk_0016,"King’s speech about Vietnam (Box 3, Source 2)",1.0
qwen_plus,Hughes,Martin Luther King Jr.,Civil Rights Movement,participated_in,qwen-plus,qwen,person,movement,True,False,seed_discovered,0.95,second_pass,16,second_pass_doc_03_chunk_0016,"The Brown v. Board of Education US Supreme Court case was depicted in 11 images, with multiple students also selecting images of King, Rosa Parks, the Little Rock Nine, the Freedom Rides and the Civil Rights Act 1964.",1.0
qwen_plus,Hughes,Martin Luther King Jr.,March on Washington for Jobs and Freedom,participated_in,qwen-plus,qwen,person,event,True,True,seed_seed,0.95,second_pass,14,second_pass_doc_03_chunk_0014,15 chose photographs of King at the 1963 March on Washington for Jobs and Freedom,1.0
qwen_plus,Hughes,Martin Luther King Jr.,National Association for the Advancement of Colored People,associated_with,qwen-plus,qwen,person,organisation,True,True,seed_seed,0.85,second_pass,5,second_pass_doc_03_chunk_0005,"Reverend Martin Luther King, Jr, and the relationship between prominent organisations, such as the National Association for the Advancement of Colored People (NAACP) and the Southern Christian Leadership Conference (SCLC)",1.0
qwen_plus,Hughes,Martin Luther King Jr.,Southern Christian Leadership Conference,leader_of,qwen-plus,qwen,person,organisation,True,True,seed_seed,0.95,second_pass,5; 14,second_pass_doc_03_chunk_0005; second_pass_doc_03_chunk_0014,"Martin Luther King and the Southern Christian Leadership Conference || Reverend Martin Luther King, Jr, and the relationship between prominent organisations, such as the National Association for the Advancement of Colored People (NAACP) and the Southern Christian Leadership Conference (SCLC)",1.0
qwen_plus,Hughes,Rosa Parks,Civil Rights Movement,participated_in,qwen-plus,qwen,person,movement,True,False,seed_discovered,0.95,second_pass,14; 16,second_pass_doc_03_chunk_0014; second_pass_doc_03_chunk_0016,"10 of the narratives included various images of Rosa Parks || The Brown v. Board of Education US Supreme Court case was depicted in 11 images, with multiple students also selecting images of King, Rosa Parks, the Little Rock Nine, the Freedom Rides and the Civil Rights Act 1964.",1.0
qwen_plus,Hughes,Student Nonviolent Coordinating Committee,lunch counter sit-ins,organised,qwen-plus,qwen,organisation,campaign,True,False,seed_discovered,0.95,second_pass,14,second_pass_doc_03_chunk_0014,Student Nonviolent Coordinating Committee and lunch counter sit-ins,1.0
qwen_plus,Intergenerational movement memoirs and the emotional costs of activist commitment,Black Power,Patricia Stephens Due,associated_with,qwen-plus,qwen,movement,person,False,False,discovered_discovered,0.875,second_pass,4; 5,second_pass_doc_04_chunk_0004; second_pass_doc_04_chunk_0005,"Patricia Stephens Due, another CORE organizer who also worked with the Southern Christian Leadership Conference (SCLC), SNCC, the National Association for the Advancement of Colored People (NAACP) and Black Power",0.0
qwen_plus,Intergenerational movement memoirs and the emotional costs of activist commitment,Charles Billups,Birmingham,located_in,qwen-plus,qwen,person,place,False,False,discovered_discovered,0.95,second_pass,6,second_pass_doc_04_chunk_0006,warning Bull Connor that if he turned police dogs [...] on demonstrators as he had on black children two days earlier,0.0
qwen_plus,Intergenerational movement memoirs and the emotional costs of activist commitment,Charles Billups,Chicago,located_in,qwen-plus,qwen,person,place,False,False,discovered_discovered,1.0,second_pass,6,second_pass_doc_04_chunk_0006,Reverend Billups was murdered by an unknown gunman in Chicago in 1968,1.0
qwen_plus,Intergenerational movement memoirs and the emotional costs of activist commitment,Charles Billups,Martin Luther King Jr.,associated_with,qwen-plus,qwen,person,person,False,True,seed_discovered,0.9,second_pass,6,second_pass_doc_04_chunk_0006,My Life with Charles Billups and Martin Luther King: Trauma and the Civil Rights Movement,1.0
qwen_plus,Intergenerational movement memoirs and the emotional costs of activist commitment,Charles Billups,Southern Christian Leadership Conference,member_of,qwen-plus,qwen,person,organisation,False,True,seed_discovered,0.95,second_pass,6; 17,second_pass_doc_04_chunk_0006; second_pass_doc_04_chunk_0017,belonged to King’s inner circle in the SCLC || the family left Birmingham for Chicago in 1966 when Billups joined the SCLC’s Operation Breadbasket project,1.0
qwen_plus,Intergenerational movement memoirs and the emotional costs of activist commitment,Cleveland Sellers,Student Nonviolent Coordinating Committee,member_of,qwen-plus,qwen,person,organisation,False,True,seed_discovered,0.95,second_pass,9,second_pass_doc_04_chunk_0009,"Cleveland Sellers with Robert Terrell, The River of No Return: The Autobiography of a Black Militant and the Life and Death of SNCC",1.0
qwen_plus,Intergenerational movement memoirs and the emotional costs of activist commitment,Congress of Racial Equality,Council of Federated Organizations,associated_with,qwen-plus,qwen,organisation,organisation,True,False,seed_discovered,0.9,second_pass,1,second_pass_doc_04_chunk_0001,"Congress of Racial Equality (CORE), Council of Federated Organizations (COFO)",1.0
qwen_plus,Intergenerational movement memoirs and the emotional costs of activist commitment,Congress of Racial Equality,Freedom Rides,organised,qwen-plus,qwen,organisation,event,True,True,seed_seed,0.95,second_pass,3,second_pass_doc_04_chunk_0003,Congress of Racial Equality's (CORE) David Dennis,0.0
qwen_plus,Intergenerational movement memoirs and the emotional costs of activist commitment,Congress of Racial Equality,National Association for the Advancement of Colored People,associated_with,qwen-plus,qwen,organisation,organisation,True,True,seed_seed,0.9,second_pass,1,second_pass_doc_04_chunk_0001,"Congress of Racial Equality (CORE), National Association for the Advancement of Colored People (NAACP)",0.0
qwen_plus,Intergenerational movement memoirs and the emotional costs of activist commitment,Congress of Racial Equality,Southern Christian Leadership Conference,associated_with,qwen-plus,qwen,organisation,organisation,True,True,seed_seed,0.9,second_pass,1,second_pass_doc_04_chunk_0001,"Congress of Racial Equality (CORE), Southern Christian Leadership Conference (SCLC)",0.0
qwen_plus,Intergenerational movement memoirs and the emotional costs of activist commitment,Congress of Racial Equality,Student Nonviolent Coordinating Committee,associated_with,qwen-plus,qwen,organisation,organisation,True,True,seed_seed,0.9,second_pass,1,second_pass_doc_04_chunk_0001,"Congress of Racial Equality (CORE), Student Nonviolent Coordinating Committee (SNCC)",0.0
qwen_plus,Intergenerational movement memoirs and the emotional costs of activist commitment,Council of Federated Organizations,Mississippi Freedom Summer,organised,qwen-plus,qwen,organisation,campaign,False,False,discovered_discovered,0.95,second_pass,3,second_pass_doc_04_chunk_0003,COFO's Mississippi Freedom Summer campaign,0.0
qwen_plus,Intergenerational movement memoirs and the emotional costs of activist commitment,Council of Federated Organizations,National Association for the Advancement of Colored People,associated_with,qwen-plus,qwen,organisation,organisation,False,True,seed_discovered,0.9,second_pass,1,second_pass_doc_04_chunk_0001,"Council of Federated Organizations (COFO), National Association for the Advancement of Colored People (NAACP)",0.0
qwen_plus,Intergenerational movement memoirs and the emotional costs of activist commitment,Council of Federated Organizations,Southern Christian Leadership Conference,associated_with,qwen-plus,qwen,organisation,organisation,False,True,seed_discovered,0.9,second_pass,1,second_pass_doc_04_chunk_0001,"Council of Federated Organizations (COFO), Southern Christian Leadership Conference (SCLC)",0.0
qwen_plus,Intergenerational movement memoirs and the emotional costs of activist commitment,Council of Federated Organizations,Student Nonviolent Coordinating Committee,associated_with,qwen-plus,qwen,organisation,organisation,False,True,seed_discovered,0.9,second_pass,1,second_pass_doc_04_chunk_0001,"Council of Federated Organizations (COFO), Student Nonviolent Coordinating Committee (SNCC)",0.0
qwen_plus,Intergenerational movement memoirs and the emotional costs of activist commitment,Dave Dennis,Congress of Racial Equality,member_of,qwen-plus,qwen,person,organisation,False,True,seed_discovered,0.9416666666666665,second_pass,3; 4; 8; 9; 10; 20,second_pass_doc_04_chunk_0003; second_pass_doc_04_chunk_0004; second_pass_doc_04_chunk_0008; second_pass_doc_04_chunk_0009; second_pass_doc_04_chunk_0010; second_pass_doc_04_chunk_0020,"After leaving CORE, he recognized a volunteer with whom police in Natchez had played Russian roulette. || David Dennis often features in civil rights histories as a Freedom Rider in 1961 and as an organizer in Louisiana and Mississippi with CORE and COFO until 1965 || he was slated to accompany Chaney and Schwerner to investigate the burning of a black church in Longdale || notes, in the personnel papers of CORE’s Southern Regional Office || the Congress of Racial Equality's (CORE) David Dennis",0.6666666666666666
qwen_plus,Intergenerational movement memoirs and the emotional costs of activist commitment,Dave Dennis,Council of Federated Organizations,leader_of,qwen-plus,qwen,person,organisation,False,False,discovered_discovered,0.95,second_pass,3; 4,second_pass_doc_04_chunk_0003; second_pass_doc_04_chunk_0004,"COFO's Mississippi Freedom Summer campaign, which he co-led",0.0
qwen_plus,Intergenerational movement memoirs and the emotional costs of activist commitment,Dave Dennis,Council of Federated Organizations,member_of,qwen-plus,qwen,person,organisation,False,False,discovered_discovered,0.95,second_pass,8,second_pass_doc_04_chunk_0008,David Dennis often features in civil rights histories as a Freedom Rider in 1961 and as an organizer in Louisiana and Mississippi with CORE and COFO until 1965,1.0
qwen_plus,Intergenerational movement memoirs and the emotional costs of activist commitment,Dave Dennis,Freedom Rides,participated_in,qwen-plus,qwen,person,event,False,True,seed_discovered,0.925,second_pass,9; 10,second_pass_doc_04_chunk_0009; second_pass_doc_04_chunk_0010,"Raymond Arsenault, Freedom Riders: 1961 and the Struggle for Racial Justice || The decision to undertake a Freedom Ride in 1961, as Dennis did",1.0
qwen_plus,Intergenerational movement memoirs and the emotional costs of activist commitment,Dave Dennis,James Chaney,associated_with,qwen-plus,qwen,person,person,False,False,discovered_discovered,0.97,second_pass,14,second_pass_doc_04_chunk_0014,Asked to speak at Chaney’s funeral [...] Dennis could see causes but no cure,0.0
qwen_plus,Intergenerational movement memoirs and the emotional costs of activist commitment,Dave Dennis,James Chaney,collaborated_with,qwen-plus,qwen,person,person,False,False,discovered_discovered,0.95,second_pass,20,second_pass_doc_04_chunk_0020,"I remember my last words with Chaney, Goodman, and Schwerner, the day before they were killed in Neshoba County",1.0
qwen_plus,Intergenerational movement memoirs and the emotional costs of activist commitment,Dave Dennis,James Chaney,participated_in,qwen-plus,qwen,person,person,False,False,discovered_discovered,0.95,second_pass,21,second_pass_doc_04_chunk_0021,I hadn’t even considered if Medgar or James screamed for their mommas.,1.0
qwen_plus,Intergenerational movement memoirs and the emotional costs of activist commitment,Dave Dennis,Medgar Evers,collaborated_with,qwen-plus,qwen,person,person,False,True,seed_discovered,0.95,second_pass,20,second_pass_doc_04_chunk_0020,"I remember my last words with my friend Medgar, just one hour before he was gunned down in his yard",1.0
qwen_plus,Intergenerational movement memoirs and the emotional costs of activist commitment,Dave Dennis,Medgar Evers,participated_in,qwen-plus,qwen,person,person,False,True,seed_discovered,0.95,second_pass,21,second_pass_doc_04_chunk_0021,I hadn’t even considered if Medgar or James screamed for their mommas.,1.0
qwen_plus,Intergenerational movement memoirs and the emotional costs of activist commitment,Dave Dennis,National Association for the Advancement of Colored People,member_of,qwen-plus,qwen,person,organisation,False,True,seed_discovered,0.9,second_pass,8,second_pass_doc_04_chunk_0008,he wrote a NAACP newsletter in his hometown of Shreveport. Louisiana,1.0
qwen_plus,Intergenerational movement memoirs and the emotional costs of activist commitment,Dave Dennis,Schwerner,collaborated_with,qwen-plus,qwen,person,person,False,False,discovered_discovered,0.95,second_pass,20,second_pass_doc_04_chunk_0020,"I remember my last words with Chaney, Goodman, and Schwerner, the day before they were killed in Neshoba County",1.0
qwen_plus,Intergenerational movement memoirs and the emotional costs of activist commitment,Fannie Lou Hamer,Mennonite House,located_in,qwen-plus,qwen,person,organisation,True,False,seed_discovered,0.9,second_pass,8,second_pass_doc_04_chunk_0008,she spent time in the Mennonite House,1.0
qwen_plus,Intergenerational movement memoirs and the emotional costs of activist commitment,Fannie Lou Hamer,Student Nonviolent Coordinating Committee,member_of,qwen-plus,qwen,person,organisation,True,True,seed_seed,0.95,second_pass,8,second_pass_doc_04_chunk_0008,"SNCC’s Fannie Lou Hamer was severely injured in jail in Winona, Mississippi in 1963",1.0
qwen_plus,Intergenerational movement memoirs and the emotional costs of activist commitment,Harry Belafonte,Student Nonviolent Coordinating Committee,associated_with,qwen-plus,qwen,person,organisation,False,True,seed_discovered,0.95,second_pass,2,second_pass_doc_04_chunk_0002,Harry Belafonte wrote of activist members of the Student Nonviolent Coordinating Committee (SNCC),1.0
qwen_plus,Intergenerational movement memoirs and the emotional costs of activist commitment,James Chaney,Congress of Racial Equality,member_of,qwen-plus,qwen,person,organisation,False,True,seed_discovered,0.925,second_pass,20; 21,second_pass_doc_04_chunk_0020; second_pass_doc_04_chunk_0021,"Arsenault, Freedom Riders, 261 || James Chaney, who joined CORE in October 1963",1.0
qwen_plus,Intergenerational movement memoirs and the emotional costs of activist commitment,James Chaney,Freedom Rides,participated_in,qwen-plus,qwen,person,event,False,True,seed_discovered,0.9,second_pass,10,second_pass_doc_04_chunk_0010,"Seth Cagin and Philip Dray, We Are Not Afraid: The Story of Goodman, Schwerner and Chaney",1.0
qwen_plus,Intergenerational movement memoirs and the emotional costs of activist commitment,Jeanne Theoharis,Julian Bond,collaborated_with,qwen-plus,qwen,person,person,False,False,discovered_discovered,0.95,second_pass,6,second_pass_doc_04_chunk_0006,"Theoharis credits her mentor, SNCC’s Julian Bond, for encouraging her not to omit the emotional harm that Parks suffered",1.0
qwen_plus,Intergenerational movement memoirs and the emotional costs of activist commitment,Jeanne Theoharis,Student Nonviolent Coordinating Committee,associated_with,qwen-plus,qwen,person,organisation,False,True,seed_discovered,0.85,second_pass,5,second_pass_doc_04_chunk_0005,"Theoharis credits her mentor, SNCC’s Jul",1.0
qwen_plus,Intergenerational movement memoirs and the emotional costs of activist commitment,Julian Bond,Student Nonviolent Coordinating Committee,member_of,qwen-plus,qwen,person,organisation,False,True,seed_discovered,0.975,second_pass,6; 10,second_pass_doc_04_chunk_0006; second_pass_doc_04_chunk_0010,Julian Bond described organizers as a ‘protective barrier’ in ‘SNCC: What we did’ || SNCC’s Julian Bond,1.0
qwen_plus,Intergenerational movement memoirs and the emotional costs of activist commitment,Len Holt,Freedom Rides,organised,qwen-plus,qwen,person,event,False,True,seed_discovered,0.9,second_pass,9,second_pass_doc_04_chunk_0009,"Preparing groups intent on challenging the patchy desegregation of interstate travel, movement lawyer Len Holt warned",0.0
qwen_plus,Intergenerational movement memoirs and the emotional costs of activist commitment,Medgar Evers,Mississippi Goddamn,associated_with,qwen-plus,qwen,person,publication,True,False,seed_discovered,0.8,second_pass,17,second_pass_doc_04_chunk_0017,Jonathan Norton’s play Mississippi Goddamn (2018) is an exception in its depiction of Medgar and Myrlie Evers’s neighbours offering them more than their house is worth to move away because they disagree with their activism and are fearful of it.,1.0
qwen_plus,Intergenerational movement memoirs and the emotional costs of activist commitment,Medgar Evers,National Association for the Advancement of Colored People,member_of,qwen-plus,qwen,person,organisation,True,True,seed_seed,0.99,second_pass,14,second_pass_doc_04_chunk_0014,"the murder of his friend and mentor Medgar Evers, the NAACP’s representative in Mis",1.0
qwen_plus,Intergenerational movement memoirs and the emotional costs of activist commitment,National Association for the Advancement of Colored People,Civil Rights Movement,participated_in,qwen-plus,qwen,organisation,movement,True,False,seed_discovered,0.98,second_pass,2,second_pass_doc_04_chunk_0002,"ion for the Advancement of Colored People (NAACP), 1960s civil rights activism, oral histories, Southern Christian Leadership Conference (SCLC), Student Nonviolent Coordinating Committee (SNCC), trauma and burnout",1.0
qwen_plus,Intergenerational movement memoirs and the emotional costs of activist commitment,National Association for the Advancement of Colored People,Southern Christian Leadership Conference,associated_with,qwen-plus,qwen,organisation,organisation,True,True,seed_seed,0.9,second_pass,1,second_pass_doc_04_chunk_0001,"National Association for the Advancement of Colored People (NAACP), Southern Christian Leadership Conference (SCLC)",0.0
qwen_plus,Intergenerational movement memoirs and the emotional costs of activist commitment,National Association for the Advancement of Colored People,Student Nonviolent Coordinating Committee,associated_with,qwen-plus,qwen,organisation,organisation,True,True,seed_seed,0.9,second_pass,1,second_pass_doc_04_chunk_0001,"National Association for the Advancement of Colored People (NAACP), Student Nonviolent Coordinating Committee (SNCC)",0.0
qwen_plus,Intergenerational movement memoirs and the emotional costs of activist commitment,Patricia Stephens Due,Congress of Racial Equality,member_of,qwen-plus,qwen,person,organisation,False,True,seed_discovered,0.95,second_pass,4; 5,second_pass_doc_04_chunk_0004; second_pass_doc_04_chunk_0005,"Patricia Stephens Due, another CORE organizer",1.0
qwen_plus,Intergenerational movement memoirs and the emotional costs of activist commitment,Patricia Stephens Due,National Association for the Advancement of Colored People,member_of,qwen-plus,qwen,person,organisation,False,True,seed_discovered,0.95,second_pass,4; 5,second_pass_doc_04_chunk_0004; second_pass_doc_04_chunk_0005,"Patricia Stephens Due, another CORE organizer who also worked with the Southern Christian Leadership Conference (SCLC), SNCC, the National Association for the Advancement of Colored People (NAACP)",0.0
qwen_plus,Intergenerational movement memoirs and the emotional costs of activist commitment,Patricia Stephens Due,Southern Christian Leadership Conference,member_of,qwen-plus,qwen,person,organisation,False,True,seed_discovered,0.95,second_pass,4; 5,second_pass_doc_04_chunk_0004; second_pass_doc_04_chunk_0005,"Patricia Stephens Due, another CORE organizer who also worked with the Southern Christian Leadership Conference (SCLC)",1.0
qwen_plus,Intergenerational movement memoirs and the emotional costs of activist commitment,Patricia Stephens Due,Student Nonviolent Coordinating Committee,member_of,qwen-plus,qwen,person,organisation,False,True,seed_discovered,0.95,second_pass,4; 5,second_pass_doc_04_chunk_0004; second_pass_doc_04_chunk_0005,"Patricia Stephens Due, another CORE organizer who also worked with the Southern Christian Leadership Conference (SCLC), SNCC",1.0
qwen_plus,Intergenerational movement memoirs and the emotional costs of activist commitment,Rosa Parks,Montgomery Bus Boycott,participated_in,qwen-plus,qwen,person,event,True,True,seed_seed,1.0,second_pass,6,second_pass_doc_04_chunk_0006,being made the symbol of the Montgomery Bus Boycott,1.0
qwen_plus,Intergenerational movement memoirs and the emotional costs of activist commitment,Schwerner,Congress of Racial Equality,member_of,qwen-plus,qwen,person,organisation,False,True,seed_discovered,0.98,second_pass,21,second_pass_doc_04_chunk_0021,Jonathan Eig refers to Schwerner as a member of CORE,1.0
qwen_plus,Intergenerational movement memoirs and the emotional costs of activist commitment,Schwerner,Freedom Rides,participated_in,qwen-plus,qwen,person,event,False,True,seed_discovered,0.9,second_pass,10,second_pass_doc_04_chunk_0010,"Seth Cagin and Philip Dray, We Are Not Afraid: The Story of Goodman, Schwerner and Chaney",1.0
qwen_plus,Intergenerational movement memoirs and the emotional costs of activist commitment,Southern Christian Leadership Conference,Civil Rights Movement,participated_in,qwen-plus,qwen,organisation,movement,True,False,seed_discovered,0.98,second_pass,2,second_pass_doc_04_chunk_0002,"ion for the Advancement of Colored People (NAACP), 1960s civil rights activism, oral histories, Southern Christian Leadership Conference (SCLC), Student Nonviolent Coordinating Committee (SNCC), trauma and burnout",1.0
qwen_plus,Intergenerational movement memoirs and the emotional costs of activist commitment,Southern Christian Leadership Conference,Student Nonviolent Coordinating Committee,associated_with,qwen-plus,qwen,organisation,organisation,True,True,seed_seed,0.9,second_pass,1,second_pass_doc_04_chunk_0001,"Southern Christian Leadership Conference (SCLC), Student Nonviolent Coordinating Committee (SNCC)",1.0
qwen_plus,Intergenerational movement memoirs and the emotional costs of activist commitment,Student Nonviolent Coordinating Committee,Civil Rights Movement,participated_in,qwen-plus,qwen,organisation,movement,True,False,seed_discovered,0.98,second_pass,2,second_pass_doc_04_chunk_0002,News footage that makes up the standard montage of the Civil Rights Movement in the 1960s suggests that activists with unassailable principles demonstrated remarkable personal control,0.0
qwen_plus,Intergenerational movement memoirs and the emotional costs of activist commitment,Student Nonviolent Coordinating Committee,John Lewis,member_of,qwen-plus,qwen,organisation,person,True,True,seed_seed,0.95,second_pass,3,second_pass_doc_04_chunk_0003,SNCC's John Lewis,1.0
qwen_plus,JAS - MLK teaching UK schools,A. Philip Randolph,March on Washington for Jobs and Freedom,organised,qwen-plus,qwen,person,event,True,True,seed_seed,0.98,second_pass,28,second_pass_doc_05_chunk_0028,"the March, co-organized by eminent labour leader A. Philip Randolph and socialist intellectual Bayard Rustin",1.0
qwen_plus,JAS - MLK teaching UK schools,Bayard Rustin,March on Washington for Jobs and Freedom,organised,qwen-plus,qwen,person,event,True,True,seed_seed,0.98,second_pass,28,second_pass_doc_05_chunk_0028,"the March, co-organized by eminent labour leader A. Philip Randolph and socialist intellectual Bayard Rustin",1.0
qwen_plus,JAS - MLK teaching UK schools,Bristol Bus Boycott,Martin Luther King Jr.,associated_with,qwen-plus,qwen,event,person,False,True,seed_discovered,0.85,second_pass,33,second_pass_doc_05_chunk_0033,"she draws attention to concurrent but largely forgotten events in the UK that echoed King’s rhetoric and tactics, such as the 1963 Bristol Bus Boycott",0.0
qwen_plus,JAS - MLK teaching UK schools,Civil Rights Act 1964,Lyndon Johnson,associated_with,qwen-plus,qwen,law,person,False,False,discovered_discovered,0.9,second_pass,24,second_pass_doc_05_chunk_0024,days after Lyndon Johnson signed the 1965 Voting Rights Act,0.0
qwen_plus,JAS - MLK teaching UK schools,Civil Rights Movement,Montgomery Bus Boycott,associated_with,qwen-plus,qwen,movement,event,False,True,seed_discovered,0.9,second_pass,29,second_pass_doc_05_chunk_0029,"‘Dress Modestly, Neatly … as if You Were Going to Church’: Respectability, Class and Gender in the Montgomery Bus Boycott and the Early Civil Rights Movement",1.0
qwen_plus,JAS - MLK teaching UK schools,Federal Bureau of Investigation,Martin Luther King Jr.,opposed_to,qwen-plus,qwen,organisation,person,False,True,seed_discovered,0.95,second_pass,24,second_pass_doc_05_chunk_0024,"For the FBI campaigns against King see Kenneth O’Reilly, Racial Matters: The FBI’s Secret File on Black America",1.0
qwen_plus,JAS - MLK teaching UK schools,Lyndon Johnson,Martin Luther King Jr.,opposed_to,qwen-plus,qwen,person,person,False,True,seed_discovered,0.9,second_pass,24,second_pass_doc_05_chunk_0024,"For the split with Johnson see Sylvia Ellis, Freedom’s Pragmatist: Lyndon Johnson and Civil Rights",1.0
qwen_plus,JAS - MLK teaching UK schools,Martin Luther King Jr.,Black Panther Party,opposed_to,qwen-plus,qwen,person,organisation,True,False,seed_discovered,0.9,second_pass,23,second_pass_doc_05_chunk_0023,"some, including the Black Panther Party, doubted the effectiveness of King’s nonviolent philosophy",0.0
qwen_plus,JAS - MLK teaching UK schools,Martin Luther King Jr.,Black Power,opposed_to,qwen-plus,qwen,person,movement,True,False,seed_discovered,0.85,second_pass,24,second_pass_doc_05_chunk_0024,often works to cast King as the “moderate” voice – simultaneously downplaying his radicalism and relegating black power to a reactionary and damaging deterioration of the “true” movement,0.0
qwen_plus,JAS - MLK teaching UK schools,Martin Luther King Jr.,Bristol Bus Boycott,influenced_by,qwen-plus,qwen,person,event,True,False,seed_discovered,0.85,second_pass,33,second_pass_doc_05_chunk_0033,"she draws attention to concurrent but largely forgotten events in the UK that echoed King’s rhetoric and tactics, such as the 1963 Bristol Bus Boycott",0.0
qwen_plus,JAS - MLK teaching UK schools,Martin Luther King Jr.,Federal Bureau of Investigation,opposed_to,qwen-plus,qwen,person,organisation,True,False,seed_discovered,0.95,second_pass,23,second_pass_doc_05_chunk_0023,"He was also subject to increasing scrutiny and harassment from the FBI, which had wiretapped his phones since 1963.",0.0
qwen_plus,JAS - MLK teaching UK schools,Martin Luther King Jr.,Lyndon Johnson,opposed_to,qwen-plus,qwen,person,person,True,False,seed_discovered,0.9,second_pass,23,second_pass_doc_05_chunk_0023,King’s vexed but often productive relationship with President Lyndon Johnson had deteriorated.,1.0
qwen_plus,JAS - MLK teaching UK schools,Martin Luther King Jr.,Mahatma Gandhi,influenced_by,qwen-plus,qwen,person,person,True,False,seed_discovered,0.9333333333333332,second_pass,15; 16,second_pass_doc_05_chunk_0015; second_pass_doc_05_chunk_0016,King “had neither the time nor the inclination to attend to the Indic elements of Gandhi’s thought.” || King’s “openhearted reception of the theory and practice of nonviolent resistance from Gandhi” || a crucial influence on King’s understanding of nonviolent protest.,0.3333333333333333
qwen_plus,JAS - MLK teaching UK schools,Martin Luther King Jr.,Malcolm X,opposed_to,qwen-plus,qwen,person,person,True,True,seed_seed,0.8,second_pass,29,second_pass_doc_05_chunk_0029,"Nowhere is this more evident than in the representation of Malcolm X, whose major role in the development of African American political thought and protest usually serves only to highlight King’s putative moderation",1.0
qwen_plus,JAS - MLK teaching UK schools,Martin Luther King Jr.,March on Washington for Jobs and Freedom,participated_in,qwen-plus,qwen,person,event,True,True,seed_seed,0.95,second_pass,28; 29; 33; 41,second_pass_doc_05_chunk_0028; second_pass_doc_05_chunk_0029; second_pass_doc_05_chunk_0033; second_pass_doc_05_chunk_0041,"None of the textbooks assessed for this article afford the March on Washington its full title – the March on Washington for Jobs and Freedom. Martin Luther King, “I Have a Dream,” 28 Aug. 1963 || Recalling King’s speech at the 1963 March on Washington for Jobs and Freedom || connections between the Montgomery bus boycott, the March on Washington and the Bristol bus boycott || the March on Washington for Jobs and Freedom in August 1963, became the central image and soundtrack of this vision of King",0.25
qwen_plus,JAS - MLK teaching UK schools,Martin Luther King Jr.,Montgomery,located_in,qwen-plus,qwen,person,place,True,False,seed_discovered,0.9,second_pass,28,second_pass_doc_05_chunk_0028,"In Montgomery, as in many campaigns during the late 1950s and early 1960s, King’s image of respectability was consciously crafted",0.0
qwen_plus,JAS - MLK teaching UK schools,Martin Luther King Jr.,Montgomery Bus Boycott,participated_in,qwen-plus,qwen,person,event,True,True,seed_seed,0.95,second_pass,41,second_pass_doc_05_chunk_0041,"connections between the Montgomery bus boycott, the March on Washington and the Bristol bus boycott",1.0
qwen_plus,JAS - MLK teaching UK schools,Martin Luther King Jr.,National Association for the Advancement of Colored People,associated_with,qwen-plus,qwen,person,organisation,True,True,seed_seed,0.85,second_pass,23,second_pass_doc_05_chunk_0023,"Erstwhile civil rights allies, such as Roy Wilkins of the NAACP",1.0
qwen_plus,JAS - MLK teaching UK schools,Martin Luther King Jr.,Newcastle upon Tyne,located_in,qwen-plus,qwen,person,place,True,False,seed_discovered,0.9,second_pass,41,second_pass_doc_05_chunk_0041,King’s visit to Newcastle,1.0
qwen_plus,JAS - MLK teaching UK schools,Martin Luther King Jr.,Poor People's Campaign,organised,qwen-plus,qwen,person,campaign,True,False,seed_discovered,0.95,second_pass,24,second_pass_doc_05_chunk_0024,"Sylvie Laurent, King and the Other America: The Poor People’s Campaign and the Quest for Economic Equality",1.0
qwen_plus,JAS - MLK teaching UK schools,Martin Luther King Jr.,Rosa Parks,associated_with,qwen-plus,qwen,person,person,True,True,seed_seed,0.8,second_pass,16,second_pass_doc_05_chunk_0016,"a black woman, who had paid for her ticket on the bus, was told to give up her seat to a white man.",1.0
qwen_plus,JAS - MLK teaching UK schools,Martin Luther King Jr.,Roy Wilkins,associated_with,qwen-plus,qwen,person,person,True,False,seed_discovered,0.9,second_pass,23,second_pass_doc_05_chunk_0023,"Erstwhile civil rights allies, such as Roy Wilkins of the NAACP",1.0
qwen_plus,JAS - MLK teaching UK schools,Martin Luther King Jr.,Southern Christian Leadership Conference,leader_of,qwen-plus,qwen,person,organisation,True,True,seed_seed,0.95,second_pass,24,second_pass_doc_05_chunk_0024,"Adam Fairclough, To Redeem the Soul of America: The Southern Christian Leadership Conference and Martin Luther King, Jr.",1.0
qwen_plus,JAS - MLK teaching UK schools,Martin Luther King Jr.,Watts,participated_in,qwen-plus,qwen,person,place,True,False,seed_discovered,0.8,second_pass,24,second_pass_doc_05_chunk_0024,What was the impact of Watts upon Martin Luther King?,1.0
qwen_plus,JAS - MLK teaching UK schools,Martin Luther King Jr.,Whitney Young,associated_with,qwen-plus,qwen,person,person,True,False,seed_discovered,0.9,second_pass,23,second_pass_doc_05_chunk_0023,"Erstwhile civil rights allies, such as Roy Wilkins of the NAACP and Whitney Young of the National Urban League",1.0
qwen_plus,M12_Frost,Civil Rights Act 1964,Civil Rights Movement,connected_to,qwen-plus,qwen,law,movement,False,False,discovered_discovered,0.95,second_pass,2,second_pass_doc_06_chunk_0002,as evidenced by the Civil Rights Acts 1964 and 1965,1.0
qwen_plus,M12_Frost,Civil Rights Movement,Julian Bond,associated_with,qwen-plus,qwen,movement,person,False,False,discovered_discovered,0.9,second_pass,2,second_pass_doc_06_chunk_0002,"Charles Payne’s 'The View from the Trenches,' which quotes Julian Bond’s version of the master narrative of the Civil Rights Movement",0.0
qwen_plus,M12_Frost,Civil Rights Movement,Lyndon Johnson,associated_with,qwen-plus,qwen,movement,person,False,False,discovered_discovered,0.9,second_pass,2,second_pass_doc_06_chunk_0002,"aided by a sympathetic federal government, most notably the Kennedy brothers and a born-again Lyndon Johnson",1.0
qwen_plus,M12_Frost,Ella Baker,Civil Rights Movement,participated_in,qwen-plus,qwen,person,movement,True,False,seed_discovered,0.98,second_pass,5,second_pass_doc_06_chunk_0005,"long-time activist Ella Baker contended, “Martin didn’t make the movement, the movement made Martin.”",1.0
qwen_plus,M12_Frost,Ella Baker,Martin Luther King Jr.,collaborated_with,qwen-plus,qwen,person,person,True,True,seed_seed,0.95,second_pass,5,second_pass_doc_06_chunk_0005,"Martin didn’t make the movement, the movement made Martin.",1.0
qwen_plus,M12_Frost,Freedom Rides,Civil Rights Movement,participated_in,qwen-plus,qwen,event,movement,True,False,seed_discovered,0.95,second_pass,2,second_pass_doc_06_chunk_0002,"in form of sit-ins, bus boycotts, and freedom rides",1.0
qwen_plus,M12_Frost,Martin Luther King Jr.,Civil Rights Movement,leader_of,qwen-plus,qwen,person,movement,True,False,seed_discovered,0.95,second_pass,2,second_pass_doc_06_chunk_0002,"The protest movement, led by the brilliant and eloquent Dr. Martin Luther King",1.0
qwen_plus,M12_Frost,Martin Luther King Jr.,Civil Rights Movement,participated_in,qwen-plus,qwen,person,movement,True,False,seed_discovered,0.98,second_pass,5,second_pass_doc_06_chunk_0005,"“Martin didn’t make the movement, the movement made Martin.”",1.0
qwen_plus,M12_Frost,Montgomery Bus Boycott,Civil Rights Movement,participated_in,qwen-plus,qwen,event,movement,True,False,seed_discovered,0.95,second_pass,2,second_pass_doc_06_chunk_0002,"in form of sit-ins, bus boycotts, and freedom rides",1.0
qwen_plus,M12_Frost,sit-in movement,Civil Rights Movement,participated_in,qwen-plus,qwen,campaign,movement,False,False,discovered_discovered,0.95,second_pass,2,second_pass_doc_06_chunk_0002,"in form of sit-ins, bus boycotts, and freedom rides",1.0
qwen_plus,Modjeska Monteith Simkins and black female leadership  propriety  politics  place and periodization in the African American freedom struggle,Black Power,Modjeska Monteith Simkins,associated_with,qwen-plus,qwen,movement,person,False,False,discovered_discovered,0.9,second_pass,1,second_pass_doc_07_chunk_0001,"Ward’s article uses Simkins’s career as activist and broadcaster to revisit the complexities of black female leadership in the South, particularly during the transition from the nominally ‘civil rights’ to the nominally ‘black power’ phase of the freedom struggle.",1.0
qwen_plus,Modjeska Monteith Simkins and black female leadership  propriety  politics  place and periodization in the African American freedom struggle,Modjeska Monteith Simkins,Jim Crow regime,opposed_to,qwen-plus,qwen,person,campaign,False,False,discovered_discovered,0.9,second_pass,14,second_pass_doc_07_chunk_0014,she condemned SCSC as an embarrassing Jim Crow institution,0.0
qwen_plus,Modjeska Monteith Simkins and black female leadership  propriety  politics  place and periodization in the African American freedom struggle,Modjeska Monteith Simkins,NAACP Richland County Citizens Committee,associated_with,qwen-plus,qwen,person,organisation,False,False,discovered_discovered,0.95,second_pass,17; 21,second_pass_doc_07_chunk_0017; second_pass_doc_07_chunk_0021,"RCCC Radio Programme, 7 June 1972, 1: Simkins Papers, Topical Papers: NAACP Richland County Citizens Committee, June–September 1972. || Simkins Papers, Topical Papers: NAACP Richland County Citizens Committee, April–June 1967",1.0
qwen_plus,Modjeska Monteith Simkins and black female leadership  propriety  politics  place and periodization in the African American freedom struggle,Modjeska Monteith Simkins,NAACP Richland County Citizens Committee,leader_of,qwen-plus,qwen,person,organisation,False,False,discovered_discovered,0.9,second_pass,13; 24,second_pass_doc_07_chunk_0013; second_pass_doc_07_chunk_0024,Simkins announced that the RCCC intended to 'emphasize the importance of increased voter registration' || her broadcasts to promote weekly RCCC meetings at the Zion Baptist Church,0.5
qwen_plus,Modjeska Monteith Simkins and black female leadership  propriety  politics  place and periodization in the African American freedom struggle,Modjeska Monteith Simkins,NAACP Richland County Citizens Committee,member_of,qwen-plus,qwen,person,organisation,False,False,discovered_discovered,0.9499999999999998,second_pass,11; 12; 13; 14; 17; 20; 22; 23; 24,second_pass_doc_07_chunk_0011; second_pass_doc_07_chunk_0012; second_pass_doc_07_chunk_0013; second_pass_doc_07_chunk_0014; second_pass_doc_07_chunk_0017; second_pass_doc_07_chunk_0020; second_pass_doc_07_chunk_0022; second_pass_doc_07_chunk_0023; second_pass_doc_07_chunk_0024,"It was as a representative of the RCCC that Simkins first began to appear regularly on WOIC || RCCC Radio Programme, 7 June 1976, 1–2: Simkins Papers, Topical Papers: NAACP Richland County Citizens Committee, November–December 1973–1974 || Simkins Papers, Topical Papers, Richland County Council, 1949–1990 and no date || Simkins Papers, Topical Papers: NAACP Richland County Citizens Committee || Simkins Papers, Topical Papers: NAACP Richland County Citizens Committee, 1966–1971 || Simkins Papers, Topical Papers: NAACP Richland County Citizens Committee, 1973–1974 || Simkins Papers, Topical Papers: NAACP Richland County Citizens Committee, April–June 1967 || Simkins Papers, Topical Papers: NAACP Richland County Citizens Committee, October–December 1967 || her stress on black autonomy was still framed by deference to a federal authority that she, unlike some Black Power ideologues, saw as legitimate",0.7777777777777778
qwen_plus,Modjeska Monteith Simkins and black female leadership  propriety  politics  place and periodization in the African American freedom struggle,Modjeska Monteith Simkins,National Association for the Advancement of Colored People,member_of,qwen-plus,qwen,person,organisation,False,True,seed_discovered,0.9499999999999998,second_pass,6; 9; 10,second_pass_doc_07_chunk_0006; second_pass_doc_07_chunk_0009; second_pass_doc_07_chunk_0010,"By the late 1930s, she was serving on the Executive Committee of the Columbia NAACP and in 1941 she became the Association’s state secretary. || During the late 1950s, however Simkins fell steadily out of favour with important factions within the state NAACP leadership. || her mother Rachel was an elementary school teacher who helped found the Columbia branch of the National Association for the Advancement of Colored People (NAACP), thereby establishing an early and proximate model of female activism for young Modjeska, who began attending local NAACP meetings in her teens.",0.6666666666666666
qwen_plus,Modjeska Monteith Simkins and black female leadership  propriety  politics  place and periodization in the African American freedom struggle,Modjeska Monteith Simkins,National Association for the Advancement of Colored People,participated_in,qwen-plus,qwen,person,organisation,False,True,seed_discovered,0.95,second_pass,9,second_pass_doc_07_chunk_0009,"During the 1940s and early 1950s, Simkins participated in every major NAACP initiative in South Carolina",0.0
qwen_plus,Modjeska Monteith Simkins and black female leadership  propriety  politics  place and periodization in the African American freedom struggle,Modjeska Monteith Simkins,Rachel,associated_with,qwen-plus,qwen,person,person,False,False,discovered_discovered,0.9,second_pass,6,second_pass_doc_07_chunk_0006,Her mother Rachel was an elementary school teacher who helped found the Columbia branch of the National Association for the Advancement of Colored People (NAACP),1.0
qwen_plus,Modjeska Monteith Simkins and black female leadership  propriety  politics  place and periodization in the African American freedom struggle,Modjeska Monteith Simkins,Rev. I. De Quincy Newman,opposed_to,qwen-plus,qwen,person,person,False,False,discovered_discovered,0.95,second_pass,23,second_pass_doc_07_chunk_0023,"old adversaries like Rev. I. De Quincy Newman, who succeeded her as the NAACP Secretary of the State Conference of Branches, were lampooned on WOIC as craven lackies",1.0
qwen_plus,Modjeska Monteith Simkins and black female leadership  propriety  politics  place and periodization in the African American freedom struggle,Modjeska Monteith Simkins,Richland County Citizens Committee,associated_with,qwen-plus,qwen,person,organisation,False,False,discovered_discovered,0.95,second_pass,21,second_pass_doc_07_chunk_0021,"RCCC Radio Programme, 21 June 1972, 1: Simkins Papers, Topical Papers: Richland County Citizens Committee, June–September 1972.",1.0
qwen_plus,Modjeska Monteith Simkins and black female leadership  propriety  politics  place and periodization in the African American freedom struggle,Modjeska Monteith Simkins,Richland County Citizens Committee,member_of,qwen-plus,qwen,person,organisation,False,False,discovered_discovered,0.965,second_pass,10; 22,second_pass_doc_07_chunk_0010; second_pass_doc_07_chunk_0022,"RCCC Radio Programme, 7 June 1976, 1–2: Simkins Papers, Topical Papers: NAACP Richland County Citizens Committee, November–December 1973–1974 || she served as director of publicity for the Richland County Citizens Committee (RCCC), which she had helped to found in 1944",0.5
qwen_plus,Modjeska Monteith Simkins and black female leadership  propriety  politics  place and periodization in the African American freedom struggle,Modjeska Monteith Simkins,Richland County Citizens Committee,organised,qwen-plus,qwen,person,organisation,False,False,discovered_discovered,0.98,second_pass,10,second_pass_doc_07_chunk_0010,"she served as director of publicity for the Richland County Citizens Committee (RCCC), which she had helped to found in 1944",0.0
qwen_plus,Modjeska Monteith Simkins and black female leadership  propriety  politics  place and periodization in the African American freedom struggle,Modjeska Monteith Simkins,Roy Wilkins,collaborated_with,qwen-plus,qwen,person,person,False,False,discovered_discovered,0.9,second_pass,11,second_pass_doc_07_chunk_0011,"Letter from Modjeska Simkins to Roy Wilkins, 6 February 1956",1.0
qwen_plus,Modjeska Monteith Simkins and black female leadership  propriety  politics  place and periodization in the African American freedom struggle,NAACP Richland County Citizens Committee,Richland County Citizens Committee,associated_with,qwen-plus,qwen,organisation,organisation,False,False,discovered_discovered,0.9,second_pass,10,second_pass_doc_07_chunk_0010,NAACP Richland County Citizens Committee,0.0
qwen_plus,Modjeska Monteith Simkins and black female leadership  propriety  politics  place and periodization in the African American freedom struggle,Rev. I. De Quincy Newman,NAACP Richland County Citizens Committee,member_of,qwen-plus,qwen,person,organisation,False,False,discovered_discovered,0.9,second_pass,23,second_pass_doc_07_chunk_0023,who succeeded her as the NAACP Secretary of the State Conference of Branches,1.0
qwen_plus,MorrisAnnRev1999CRM,A. Philip Randolph,Civil Rights Movement,participated_in,qwen-plus,qwen,person,movement,True,False,seed_discovered,0.95,second_pass,27,second_pass_doc_08_chunk_0027,"Black leaders from previous movements played important roles in the civil rights movement. The expertise of leaders such as Ella Baker, A Philip Randolph, Bayard Rustin, and Septima Clark supplied the movement with vision and technical knowledge pertaining to collective action.",1.0
qwen_plus,MorrisAnnRev1999CRM,A. Philip Randolph,Jim Crow regime,opposed_to,qwen-plus,qwen,person,campaign,True,False,seed_discovered,0.9,second_pass,5,second_pass_doc_08_chunk_0005,anization organized specifically to attack the Jim Crow regime and racial inequality.,1.0
qwen_plus,MorrisAnnRev1999CRM,A. Philip Randolph,March on Washington Movement,leader_of,qwen-plus,qwen,person,movement,True,False,seed_discovered,0.95,second_pass,10,second_pass_doc_08_chunk_0010,A Philip Randolph's March On Washington Movement (MOWM),0.0
qwen_plus,MorrisAnnRev1999CRM,A. Philip Randolph,March on Washington Movement,organised,qwen-plus,qwen,person,movement,True,False,seed_discovered,0.95,second_pass,5; 6,second_pass_doc_08_chunk_0005; second_pass_doc_08_chunk_0006,In the early 1940s A Philip Randolph organized the March on Washington Movement (MOWM).,1.0
qwen_plus,MorrisAnnRev1999CRM,A. Philip Randolph,National Association for the Advancement of Colored People,associated_with,qwen-plus,qwen,person,organisation,True,True,seed_seed,0.85,second_pass,6,second_pass_doc_08_chunk_0006,"Randolph, Black leaders, and organizers across America worked to build a Black nonviolent direct action movement... In the Brown case the NAACP won a major Supreme Court ruling...",0.0
qwen_plus,MorrisAnnRev1999CRM,"Albany, Georgia",Southern Christian Leadership Conference,participated_in,qwen-plus,qwen,place,organisation,False,True,seed_discovered,0.9,second_pass,22,second_pass_doc_08_chunk_0022,"Albany, Georgia in 1962 when the movement failed to reach its goals because of the conflict between SCLC and SNCC",1.0
qwen_plus,MorrisAnnRev1999CRM,"Albany, Georgia",Student Nonviolent Coordinating Committee,participated_in,qwen-plus,qwen,place,organisation,False,True,seed_discovered,0.9,second_pass,22,second_pass_doc_08_chunk_0022,"Albany, Georgia in 1962 when the movement failed to reach its goals because of the conflict between SCLC and SNCC",1.0
qwen_plus,MorrisAnnRev1999CRM,Bayard Rustin,Civil Rights Movement,participated_in,qwen-plus,qwen,person,movement,True,False,seed_discovered,0.95,second_pass,27,second_pass_doc_08_chunk_0027,"Black leaders from previous movements played important roles in the civil rights movement. The expertise of leaders such as Ella Baker, A Philip Randolph, Bayard Rustin, and Septima Clark supplied the movement with vision and technical knowledge pertaining to collective action.",1.0
qwen_plus,MorrisAnnRev1999CRM,Bayard Rustin,Solidarity movement,collaborated_with,qwen-plus,qwen,person,movement,True,False,seed_discovered,0.9,second_pass,18,second_pass_doc_08_chunk_0018,"in the early days of the Solidarity movement in Poland, Bayard Rustin, a major tactician of the civil rights movement, was summoned to Poland to give a series of colloquia and speeches on how nonviolent direct action worked in the civil rights movement",0.0
qwen_plus,MorrisAnnRev1999CRM,Brown v. Board of Education,Jim Crow regime,opposed_to,qwen-plus,qwen,law,campaign,False,False,discovered_discovered,0.9,second_pass,6,second_pass_doc_08_chunk_0006,This ruling literally swept away the legal grounds on which Jim Crow stood.,1.0
qwen_plus,MorrisAnnRev1999CRM,Brown v. Board of Education,National Association for the Advancement of Colored People,organised,qwen-plus,qwen,law,organisation,False,True,seed_discovered,0.95,second_pass,6,second_pass_doc_08_chunk_0006,In the Brown case the NAACP won a major Supreme Court ruling that declared racially segregated schools unconstitutional.,0.0
qwen_plus,MorrisAnnRev1999CRM,Civil Rights Act 1964,Jim Crow regime,opposed_to,qwen-plus,qwen,law,campaign,False,False,discovered_discovered,0.95,second_pass,14,second_pass_doc_08_chunk_0014,The 1964 Civil Rights Act and the 1965 Voting Rights Bill brought the formal regime of Jim Crow to a close.,1.0
qwen_plus,MorrisAnnRev1999CRM,Civil Rights Movement,Congress of Racial Equality,associated_with,qwen-plus,qwen,movement,organisation,False,True,seed_discovered,0.95,second_pass,16,second_pass_doc_08_chunk_0016,"Organizations like SCLC, NAACP, CORE and SNCC were very visible in the civil rights movement",0.0
qwen_plus,MorrisAnnRev1999CRM,Civil Rights Movement,Intifadah Movement,influenced_by,qwen-plus,qwen,movement,movement,False,False,discovered_discovered,0.9,second_pass,18,second_pass_doc_08_chunk_0018,"Mubarak Awad, one of the central leaders of the Intifadah Movement on the West Bank, conveyed that they absorbed the lessons of America's nonviolent direct action civil rights movement",0.0
qwen_plus,MorrisAnnRev1999CRM,Civil Rights Movement,Jim Crow regime,opposed_to,qwen-plus,qwen,movement,campaign,False,False,discovered_discovered,0.98,second_pass,14,second_pass_doc_08_chunk_0014,"By overthrowing Jim Crow in a matter of ten years, the civil rights movement had taught the nation and the world an important lesson...",0.0
qwen_plus,MorrisAnnRev1999CRM,Civil Rights Movement,Mahatma Gandhi,influenced_by,qwen-plus,qwen,movement,person,False,False,discovered_discovered,0.9,second_pass,17,second_pass_doc_08_chunk_0017,"Ghandi's use of nonviolence was important to the civil rights movement because some key leaders of the civil rights movement—James Farmer, Bayard Rustin, James Lawson and Glenn Smiley—had studied Gandhi's movement",0.0
qwen_plus,MorrisAnnRev1999CRM,Civil Rights Movement,National Association for the Advancement of Colored People,associated_with,qwen-plus,qwen,movement,organisation,False,True,seed_discovered,0.925,second_pass,16; 27,second_pass_doc_08_chunk_0016; second_pass_doc_08_chunk_0027,"By the time of the modern civil rights movement, the NAACP had developed a sophisticated legal strategy to attack racial segregation. This strategy became one of the central features of the nonviolent direct action movement. || Organizations like SCLC, NAACP, CORE and SNCC were very visible in the civil rights movement",0.0
qwen_plus,MorrisAnnRev1999CRM,Civil Rights Movement,Solidarity movement,influenced_by,qwen-plus,qwen,movement,movement,False,False,discovered_discovered,0.9,second_pass,18,second_pass_doc_08_chunk_0018,"in the early days of the Solidarity movement in Poland, Bayard Rustin, a major tactician of the civil rights movement, was summoned to Poland to give a series of colloquia and speeches on how nonviolent direct action worked in the civil rights movement",0.0
qwen_plus,MorrisAnnRev1999CRM,Civil Rights Movement,Southern Christian Leadership Conference,associated_with,qwen-plus,qwen,movement,organisation,False,True,seed_discovered,0.95,second_pass,16,second_pass_doc_08_chunk_0016,"Organizations like SCLC, NAACP, CORE and SNCC were very visible in the civil rights movement",0.0
qwen_plus,MorrisAnnRev1999CRM,Civil Rights Movement,Student Nonviolent Coordinating Committee,associated_with,qwen-plus,qwen,movement,organisation,False,True,seed_discovered,0.95,second_pass,16,second_pass_doc_08_chunk_0016,"Organizations like SCLC, NAACP, CORE and SNCC were very visible in the civil rights movement",0.0
qwen_plus,MorrisAnnRev1999CRM,Civil Rights Movement,sit-in movement,organised,qwen-plus,qwen,movement,campaign,False,False,discovered_discovered,0.95,second_pass,22,second_pass_doc_08_chunk_0022,"the widespread use and development of nonviolent direct action tactics is one of the crowning achievements of the civil rights movement... especially the sit-in, which the civil rights movement utilized and made famous",0.0
qwen_plus,MorrisAnnRev1999CRM,Congress of Racial Equality,Student Nonviolent Coordinating Committee,associated_with,qwen-plus,qwen,organisation,organisation,True,True,seed_seed,0.9,second_pass,12,second_pass_doc_08_chunk_0012,"This organization increased the formal organizational base of the movement, which already included the Southern Christian Leadership Conference (SCLC), the Congress of Racial Equality (CORE), the NAACP, and numerous local movement organizations",0.0
qwen_plus,MorrisAnnRev1999CRM,Diane Nash,Montgomery Bus Boycott,participated_in,qwen-plus,qwen,person,event,True,True,seed_seed,0.8,second_pass,26,second_pass_doc_08_chunk_0026,"Parks' resistance and civil rights activity were not unlike those of countless Black women such as Ella Baker, Septima Clark, Fannie Lou Hamer, and Diane Nash",0.0
qwen_plus,MorrisAnnRev1999CRM,Diane Nash,Rosa Parks,associated_with,qwen-plus,qwen,person,person,True,True,seed_seed,0.85,second_pass,26,second_pass_doc_08_chunk_0026,"Parks' resistance and civil rights activity were not unlike those of countless Black women such as Ella Baker, Septima Clark, Fannie Lou Hamer, and Diane Nash",0.0
qwen_plus,MorrisAnnRev1999CRM,Ella Baker,Civil Rights Movement,participated_in,qwen-plus,qwen,person,movement,True,False,seed_discovered,0.8999999999999999,second_pass,25; 27,second_pass_doc_08_chunk_0025; second_pass_doc_08_chunk_0027,"Black leaders from previous movements played important roles in the civil rights movement. The expertise of leaders such as Ella Baker, A Philip Randolph, Bayard Rustin, and Septima Clark supplied the movement with vision and technical knowledge pertaining to collective action. || Parks' resistance and civil rights activity were not unlike those of countless Black women such as Ella Baker, Septima Clark, Fannie Lou Hamer",0.5
qwen_plus,MorrisAnnRev1999CRM,Ella Baker,Montgomery Bus Boycott,participated_in,qwen-plus,qwen,person,event,True,True,seed_seed,0.8,second_pass,26,second_pass_doc_08_chunk_0026,"Parks' resistance and civil rights activity were not unlike those of countless Black women such as Ella Baker, Septima Clark, Fannie Lou Hamer, and Diane Nash",0.0
qwen_plus,MorrisAnnRev1999CRM,Ella Baker,Rosa Parks,associated_with,qwen-plus,qwen,person,person,True,True,seed_seed,0.85,second_pass,26,second_pass_doc_08_chunk_0026,"Parks' resistance and civil rights activity were not unlike those of countless Black women such as Ella Baker, Septima Clark, Fannie Lou Hamer, and Diane Nash",0.0
qwen_plus,MorrisAnnRev1999CRM,Fannie Lou Hamer,Civil Rights Movement,participated_in,qwen-plus,qwen,person,movement,True,False,seed_discovered,0.85,second_pass,25,second_pass_doc_08_chunk_0025,"Parks' resistance and civil rights activity were not unlike those of countless Black women such as Ella Baker, Septima Clark, Fannie Lou Hamer",0.0
qwen_plus,MorrisAnnRev1999CRM,Fannie Lou Hamer,Montgomery Bus Boycott,participated_in,qwen-plus,qwen,person,event,True,True,seed_seed,0.8,second_pass,26,second_pass_doc_08_chunk_0026,"Parks' resistance and civil rights activity were not unlike those of countless Black women such as Ella Baker, Septima Clark, Fannie Lou Hamer, and Diane Nash",0.0
qwen_plus,MorrisAnnRev1999CRM,Fannie Lou Hamer,Rosa Parks,associated_with,qwen-plus,qwen,person,person,True,True,seed_seed,0.85,second_pass,26,second_pass_doc_08_chunk_0026,"Parks' resistance and civil rights activity were not unlike those of countless Black women such as Ella Baker, Septima Clark, Fannie Lou Hamer, and Diane Nash",0.0
qwen_plus,MorrisAnnRev1999CRM,James Lawson,Civil Rights Movement,participated_in,qwen-plus,qwen,person,movement,True,False,seed_discovered,0.9,second_pass,14,second_pass_doc_08_chunk_0014,"James Lawson captured it best when he concluded, 'Many people, when they are suffering and they see their people suffering, they want direct participation...'",0.0
qwen_plus,MorrisAnnRev1999CRM,James Lawson,Martin Luther King Jr.,collaborated_with,qwen-plus,qwen,person,person,True,True,seed_seed,0.95,second_pass,12,second_pass_doc_08_chunk_0012,"As James Lawson put it, 'Any time King went to a movement, immediately the focus of the nation was on that community'",0.0
qwen_plus,MorrisAnnRev1999CRM,Mahatma Gandhi,Bayard Rustin,influenced_by,qwen-plus,qwen,person,person,False,True,seed_discovered,0.95,second_pass,17,second_pass_doc_08_chunk_0017,"some key leaders of the civil rights movement—James Farmer, Bayard Rustin, James Lawson and Glenn Smiley—had studied Gandhi's movement and became convinced that nonviolence could be used by African Americans.",0.0
qwen_plus,MorrisAnnRev1999CRM,Mahatma Gandhi,James Lawson,influenced_by,qwen-plus,qwen,person,person,False,True,seed_discovered,0.95,second_pass,17,second_pass_doc_08_chunk_0017,"some key leaders of the civil rights movement—James Farmer, Bayard Rustin, James Lawson and Glenn Smiley—had studied Gandhi's movement and became convinced that nonviolence could be used by African Americans.",0.0
qwen_plus,MorrisAnnRev1999CRM,Mahatma Gandhi,Martin Luther King Jr.,influenced_by,qwen-plus,qwen,person,person,False,True,seed_discovered,0.95,second_pass,17; 18,second_pass_doc_08_chunk_0017; second_pass_doc_08_chunk_0018,Gandhi became a hero and a source of inspiration for Martin Luther King Jr. || my first encounter with the concept of nonviolence was in high school when I read about Martin Luther King Jr. and Mahatma Gandhi,1.0
qwen_plus,MorrisAnnRev1999CRM,Martin Luther King Jr.,Intifadah Movement,influenced_by,qwen-plus,qwen,person,movement,True,False,seed_discovered,0.95,second_pass,18,second_pass_doc_08_chunk_0018,"Mubarak Awad, one of the central leaders of the Intifadah Movement on the West Bank, conveyed that they absorbed the lessons of America's nonviolent direct action civil rights movement by acquiring films on the Black movement and Martin Luther King, and showing them on Jordanian television",0.0
qwen_plus,MorrisAnnRev1999CRM,Martin Luther King Jr.,Montgomery Improvement Association,leader_of,qwen-plus,qwen,person,organisation,True,False,seed_discovered,0.98,second_pass,11,second_pass_doc_08_chunk_0011,"A young Black minister, Martin Luther King, Jr., who came to personify the role of charismatic leader, was chosen to lead the movement.",1.0
qwen_plus,MorrisAnnRev1999CRM,Martin Luther King Jr.,Southern Christian Leadership Conference,leader_of,qwen-plus,qwen,person,organisation,True,True,seed_seed,0.98,second_pass,12,second_pass_doc_08_chunk_0012,"By this time Martin Luther King Jr. had become a national and international charismatic figure. As James Lawson put it, 'Any time King went to a movement, immediately the focus of the nation was on that community'",0.0
qwen_plus,MorrisAnnRev1999CRM,Montgomery Bus Boycott,Jim Crow regime,opposed_to,qwen-plus,qwen,event,campaign,True,False,seed_discovered,0.9299999999999999,second_pass,10; 11,second_pass_doc_08_chunk_0010; second_pass_doc_08_chunk_0011,"It was clear, however, that the ruling was in response to Black protest and that Jim Crow could be defeated if the lessons of the Montgomery movement could be applied in movements across the South which targeted all aspects of racial segregation. || struggle to desegregate Alabama buses",0.5
qwen_plus,MorrisAnnRev1999CRM,Montgomery Bus Boycott,Martin Luther King Jr.,participated_in,qwen-plus,qwen,event,person,True,True,seed_seed,0.97,second_pass,11,second_pass_doc_08_chunk_0011,"A young Black minister, Martin Luther King, Jr., who came to personify the role of charismatic leader, was chosen to lead the movement.",1.0
qwen_plus,MorrisAnnRev1999CRM,Montgomery Bus Boycott,Montgomery Improvement Association,organised,qwen-plus,qwen,event,organisation,True,False,seed_discovered,0.95,second_pass,11,second_pass_doc_08_chunk_0011,"Out of Montgomery came the Montgomery Improvement Association (MIA), the first highly visible social movement organization (SMO) of direct action protests.",0.0
qwen_plus,MorrisAnnRev1999CRM,Montgomery Bus Boycott,"Montgomery, Alabama",located_in,qwen-plus,qwen,event,place,True,False,seed_discovered,0.95,second_pass,10,second_pass_doc_08_chunk_0010,"1955 Montgomery, Alabama, year-long mass-based bus boycott",1.0
qwen_plus,MorrisAnnRev1999CRM,National Association for the Advancement of Colored People,Jim Crow regime,opposed_to,qwen-plus,qwen,organisation,campaign,True,False,seed_discovered,0.95,second_pass,4,second_pass_doc_08_chunk_0004,the NAACP was the first national protest organization organized specifically to attack the Jim Crow regime and racial inequality,1.0
qwen_plus,MorrisAnnRev1999CRM,National Association for the Advancement of Colored People,Student Nonviolent Coordinating Committee,associated_with,qwen-plus,qwen,organisation,organisation,True,True,seed_seed,0.9,second_pass,12,second_pass_doc_08_chunk_0012,"This organization increased the formal organizational base of the movement, which already included the Southern Christian Leadership Conference (SCLC), the Congress of Racial Equality (CORE), the NAACP, and numerous local movement organizations",0.0
qwen_plus,MorrisAnnRev1999CRM,Rosa Parks,Montgomery Bus Boycott,participated_in,qwen-plus,qwen,person,event,True,True,seed_seed,0.95,second_pass,25; 26,second_pass_doc_08_chunk_0025; second_pass_doc_08_chunk_0026,"her refusal to give a white man her seat on a segregated bus sparked the Montgomery, Alabama bus boycott || o give a white man her seat on a segregated bus sparked the Montgomery, Alabama bus boycott.",0.0
qwen_plus,MorrisAnnRev1999CRM,Rosa Parks,"Montgomery, Alabama",located_in,qwen-plus,qwen,person,place,True,False,seed_discovered,0.9,second_pass,25,second_pass_doc_08_chunk_0025,"her refusal to give a white man her seat on a segregated bus sparked the Montgomery, Alabama bus boycott",0.0
qwen_plus,MorrisAnnRev1999CRM,Rosa Parks,Septima Clark,associated_with,qwen-plus,qwen,person,person,True,False,seed_discovered,0.85,second_pass,26,second_pass_doc_08_chunk_0026,"Parks' resistance and civil rights activity were not unlike those of countless Black women such as Ella Baker, Septima Clark, Fannie Lou Hamer, and Diane Nash",0.0
qwen_plus,MorrisAnnRev1999CRM,Septima Clark,Civil Rights Movement,participated_in,qwen-plus,qwen,person,movement,False,False,discovered_discovered,0.8999999999999999,second_pass,25; 27,second_pass_doc_08_chunk_0025; second_pass_doc_08_chunk_0027,"Black leaders from previous movements played important roles in the civil rights movement. The expertise of leaders such as Ella Baker, A Philip Randolph, Bayard Rustin, and Septima Clark supplied the movement with vision and technical knowledge pertaining to collective action. || Parks' resistance and civil rights activity were not unlike those of countless Black women such as Ella Baker, Septima Clark, Fannie Lou Hamer",0.5
qwen_plus,MorrisAnnRev1999CRM,Septima Clark,Montgomery Bus Boycott,participated_in,qwen-plus,qwen,person,event,False,True,seed_discovered,0.8,second_pass,26,second_pass_doc_08_chunk_0026,"Parks' resistance and civil rights activity were not unlike those of countless Black women such as Ella Baker, Septima Clark, Fannie Lou Hamer, and Diane Nash",0.0
qwen_plus,MorrisAnnRev1999CRM,Southern Christian Leadership Conference,Student Nonviolent Coordinating Committee,associated_with,qwen-plus,qwen,organisation,organisation,True,True,seed_seed,0.9,second_pass,12,second_pass_doc_08_chunk_0012,"This organization increased the formal organizational base of the movement, which already included the Southern Christian Leadership Conference (SCLC), the Congress of Racial Equality (CORE), the NAACP, and numerous local movement organizations",0.0
qwen_plus,MorrisAnnRev1999CRM,Southern Christian Leadership Conference,Student Nonviolent Coordinating Committee,opposed_to,qwen-plus,qwen,organisation,organisation,True,True,seed_seed,0.95,second_pass,22,second_pass_doc_08_chunk_0022,the conflict between SCLC and SNCC,1.0
qwen_plus,MorrisAnnRev1999CRM,sit-in movement,Student Nonviolent Coordinating Committee,organised,qwen-plus,qwen,movement,organisation,False,True,seed_discovered,0.95,second_pass,12,second_pass_doc_08_chunk_0012,The sit-in tactic was innovative because other tactics spun off of it... The sit-in movement was also critical because it led to the formation of the Student Nonviolent Coordination Committee (SNCC),0.0
qwen_plus,MorrisAnnRev1999CRM,sit-in movement,lunch counter sit-ins,participated_in,qwen-plus,qwen,movement,event,False,False,discovered_discovered,0.97,second_pass,12,second_pass_doc_08_chunk_0012,The 1960 student sit-ins at segregated lunch counters were especially important because within a month these protests had become a mass movement,0.0
qwen_plus,s41599-024-03182-3,Council of Federated Organizations,Freedom houses,associated_with,qwen-plus,qwen,organisation,campaign,False,False,discovered_discovered,0.85,second_pass,25,second_pass_doc_09_chunk_0025,These houses populated the Deep South communities in which SNCC and allied organizations such as COFO (Council of Federated Organizations) organized and worked,1.0
qwen_plus,s41599-024-03182-3,Ella Baker,Ruby Doris Smith Robinson,collaborated_with,qwen-plus,qwen,person,person,True,False,seed_discovered,0.9,second_pass,21,second_pass_doc_09_chunk_0021,Mentored by civil rights icon Ella Baker,1.0
qwen_plus,s41599-024-03182-3,Ella Baker,Student Nonviolent Coordinating Committee,leader_of,qwen-plus,qwen,person,organisation,True,True,seed_seed,0.95,second_pass,13,second_pass_doc_09_chunk_0013,SNCC was heavily influenced by the political philosophy of its founder and advisor Ella Baker,0.0
qwen_plus,s41599-024-03182-3,Ella Baker,Student Nonviolent Coordinating Committee,member_of,qwen-plus,qwen,person,organisation,True,True,seed_seed,0.95,second_pass,22,second_pass_doc_09_chunk_0022,"unlike other more male-dominated civil rights organizations at the time, women played a key role in SNCC’s founding and operation",0.0
qwen_plus,s41599-024-03182-3,Fannie Lou Hamer,Student Nonviolent Coordinating Committee,member_of,qwen-plus,qwen,person,organisation,True,True,seed_seed,0.95,second_pass,22,second_pass_doc_09_chunk_0022,"unlike other more male-dominated civil rights organizations at the time, women played a key role in SNCC’s founding and operation",0.0
qwen_plus,s41599-024-03182-3,Freedom Rides,Student Nonviolent Coordinating Committee,associated_with,qwen-plus,qwen,event,organisation,True,True,seed_seed,0.8,second_pass,23,second_pass_doc_09_chunk_0023,"Freedom rides (Arsenault, 2006)",0.0
qwen_plus,s41599-024-03182-3,Freedom Singers,Student Nonviolent Coordinating Committee,member_of,qwen-plus,qwen,organisation,organisation,False,True,seed_discovered,0.95,second_pass,24,second_pass_doc_09_chunk_0024,While ostensibly the job of the Freedom Singers was to raise money for SNCC and educate the public of its grassroots campaigns for civil rights,1.0
qwen_plus,s41599-024-03182-3,Freedom houses,Freedom Summer,participated_in,qwen-plus,qwen,campaign,event,False,False,discovered_discovered,0.9,second_pass,25,second_pass_doc_09_chunk_0025,"over the span of 10 weeks during the Freedom Summer of 1964, approximately seventy homes and community centers were bombed—including some Freedom houses—",1.0
qwen_plus,s41599-024-03182-3,Freedom houses,Jim Crow regime,opposed_to,qwen-plus,qwen,campaign,campaign,False,False,discovered_discovered,0.97,second_pass,26,second_pass_doc_09_chunk_0026,owners of Freedom houses practiced the long-standing tradition of Black self-defense in the face of Jim Crow,1.0
qwen_plus,s41599-024-03182-3,Freedom houses,Student Nonviolent Coordinating Committee,associated_with,qwen-plus,qwen,campaign,organisation,False,True,seed_discovered,0.85,second_pass,24,second_pass_doc_09_chunk_0024,"SNCC’s freedom naming practices— when viewed as part of a larger assemblage of diverse elements constituting activism—worked to frame the affective environment in which civil rights struggles developed and were sustained. living rooms, “Freedom houses”",1.0
qwen_plus,s41599-024-03182-3,Freedom houses,Student Nonviolent Coordinating Committee,member_of,qwen-plus,qwen,campaign,organisation,False,True,seed_discovered,0.85,second_pass,27,second_pass_doc_09_chunk_0027,Freedom houses were indicative of the new kind of place that SNCC wished to create,1.0
qwen_plus,s41599-024-03182-3,Freedom houses,Student Nonviolent Coordinating Committee,organised,qwen-plus,qwen,campaign,organisation,False,True,seed_discovered,0.95,second_pass,27,second_pass_doc_09_chunk_0027,Freedom houses were indicative of the new kind of place that SNCC wished to create,1.0
qwen_plus,s41599-024-03182-3,Julian Bond,Mary King,collaborated_with,qwen-plus,qwen,person,person,False,False,discovered_discovered,0.95,second_pass,17,second_pass_doc_09_chunk_0017,Julian Bond and Mary King—who headed up SNCC’s telephone network—Communication Department,0.0
qwen_plus,s41599-024-03182-3,Julian Bond,Student Nonviolent Coordinating Committee,member_of,qwen-plus,qwen,person,organisation,False,True,seed_discovered,0.95,second_pass,17,second_pass_doc_09_chunk_0017,Julian Bond and Mary King—who headed up SNCC’s telephone network—Communication Department,0.0
qwen_plus,s41599-024-03182-3,Martin Luther King Jr.,National Association for the Advancement of Colored People,associated_with,qwen-plus,qwen,person,organisation,True,True,seed_seed,0.85,second_pass,10,second_pass_doc_09_chunk_0010,street naming proposals—most coming from local chapters of the NAACP (National Association for Advancement of Colored People) and SCLC (Southern Christian Leadership Conference) and various other Black-led community initiatives—have placed immense value in memorializing King as a metonym of the successes and sacriﬁces of the Movement.,1.0
qwen_plus,s41599-024-03182-3,Martin Luther King Jr.,Southern Christian Leadership Conference,leader_of,qwen-plus,qwen,person,organisation,True,True,seed_seed,0.95,second_pass,10,second_pass_doc_09_chunk_0010,street naming proposals—most coming from local chapters of the NAACP (National Association for Advancement of Colored People) and SCLC (Southern Christian Leadership Conference) and various other Black-led community initiatives—have placed immense value in memorializing King as a metonym of the successes and sacriﬁces of the Movement.,1.0
qwen_plus,s41599-024-03182-3,Mary King,Student Nonviolent Coordinating Committee,member_of,qwen-plus,qwen,person,organisation,False,True,seed_discovered,0.95,second_pass,17,second_pass_doc_09_chunk_0017,Julian Bond and Mary King—who headed up SNCC’s telephone network—Communication Department,0.0
qwen_plus,s41599-024-03182-3,Montgomery Bus Boycott,Civil Rights Movement,participated_in,qwen-plus,qwen,event,movement,True,False,seed_discovered,0.95,second_pass,19,second_pass_doc_09_chunk_0019,marks for a larger portion of the public the formal beginning of the Civil Rights Movement,1.0
qwen_plus,s41599-024-03182-3,Montgomery Bus Boycott,"Montgomery, Alabama",located_in,qwen-plus,qwen,event,place,True,False,seed_discovered,0.95,second_pass,18; 19,second_pass_doc_09_chunk_0018; second_pass_doc_09_chunk_0019,"discussions of Montgomery, Alabama, and the bus boycott of 1955–56 || the bus boycott of 1955–56... in Montgomery",0.0
qwen_plus,s41599-024-03182-3,Montgomery Bus Boycott,Student Nonviolent Coordinating Committee,associated_with,qwen-plus,qwen,event,organisation,True,True,seed_seed,0.7,second_pass,18,second_pass_doc_09_chunk_0018,WATS Reports [...] were the basis for news stories distributed to the press and Movement supporters around the country,0.0
qwen_plus,s41599-024-03182-3,National Association for the Advancement of Colored People,Southern Christian Leadership Conference,collaborated_with,qwen-plus,qwen,organisation,organisation,True,True,seed_seed,0.9,second_pass,10,second_pass_doc_09_chunk_0010,street naming proposals—most coming from local chapters of the NAACP (National Association for Advancement of Colored People) and SCLC (Southern Christian Leadership Conference) and various other Black-led community initiatives—have placed immense value in memorializing King as a metonym of the successes and sacriﬁces of the Movement.,1.0
qwen_plus,s41599-024-03182-3,Ruby Doris Smith Robinson,Alabama,located_in,qwen-plus,qwen,person,place,False,False,discovered_discovered,0.9,second_pass,21,second_pass_doc_09_chunk_0021,"coordinated organizing efforts in Mississippi, Alabama, and Georgia",1.0
qwen_plus,s41599-024-03182-3,Ruby Doris Smith Robinson,Atlanta,located_in,qwen-plus,qwen,person,place,False,False,discovered_discovered,0.9,second_pass,21,second_pass_doc_09_chunk_0021,ran many office and financial operations in the Atlanta headquarters,0.0
qwen_plus,s41599-024-03182-3,Ruby Doris Smith Robinson,Freedom Rides,participated_in,qwen-plus,qwen,person,event,False,True,seed_discovered,0.95,second_pass,21,second_pass_doc_09_chunk_0021,Robinson participated in the Freedom Rides of 1961,0.0
qwen_plus,s41599-024-03182-3,Ruby Doris Smith Robinson,Sojourner Truth,influenced_by,qwen-plus,qwen,person,person,False,False,discovered_discovered,0.85,second_pass,21,second_pass_doc_09_chunk_0021,the naming of the Motor Fleet reflected the kinship that Ruby Doris Smith Robinson and other women activists in SNCC felt with the early feminist praxis of Sojourner Truth,0.0
qwen_plus,s41599-024-03182-3,Ruby Doris Smith Robinson,Sojourner Truth Motor Fleet,organised,qwen-plus,qwen,person,event,False,False,discovered_discovered,0.935,second_pass,21; 22,second_pass_doc_09_chunk_0022; second_pass_prompt_fix_doc_09_chunk_0021,Black female activist Ruby Doris Smith Robinson established and shrewdly managed the car system || The decision of SNCC leaders such as Robinson to rename their subversive transportation system for Sojourner Truth,1.0
qwen_plus,s41599-024-03182-3,Ruby Doris Smith Robinson,Student Nonviolent Coordinating Committee,member_of,qwen-plus,qwen,person,organisation,False,True,seed_discovered,0.95,second_pass,21; 22,second_pass_doc_09_chunk_0021; second_pass_doc_09_chunk_0022,"Female colleagues in SNCC saw Ruby Doris Smith Robinson as tough, ﬁerce, and merciless. || Robinson was a founding member of SNCC",1.0
qwen_plus,s41599-024-03182-3,Sojourner Truth,Sojourner Truth Motor Fleet,associated_with,qwen-plus,qwen,person,organisation,False,False,discovered_discovered,0.94,second_pass,21,second_pass_prompt_fix_doc_09_chunk_0021,SNCC invoked the name of Sojourner Truth when one notes that Black female activist Ruby Doris Smith Robinson established and shrewdly managed the car system,1.0
qwen_plus,s41599-024-03182-3,Sojourner Truth,Student Nonviolent Coordinating Committee,influenced_by,qwen-plus,qwen,person,organisation,False,True,seed_discovered,0.9,second_pass,19,second_pass_doc_09_chunk_0019,"SNCC’s transport company, the Sojourner Motor Fleet, was named after the prominent 19th century African American freedom fighter Sojourner Truth",0.0
qwen_plus,s41599-024-03182-3,Sojourner Truth Motor Fleet,Sojourner Truth,associated_with,qwen-plus,qwen,organisation,person,False,False,discovered_discovered,0.95,second_pass,20; 22,second_pass_doc_09_chunk_0020; second_pass_doc_09_chunk_0022,The decision of SNCC leaders such as Robinson to rename their subversive transportation system for Sojourner Truth represented an honoring of prominent Black women freedom fighters || the Sojourner Motor Fleet is instructive of a Black onomastic agency long before the current renaming moment garnered attention,0.5
qwen_plus,s41599-024-03182-3,Sojourner Truth Motor Fleet,Student Nonviolent Coordinating Committee,associated_with,qwen-plus,qwen,organisation,organisation,False,True,seed_discovered,0.85,second_pass,18,second_pass_doc_09_chunk_0018,"Sojourner Motor Fleet, Subaltern Transportation, and the Women of the Movement",1.0
qwen_plus,s41599-024-03182-3,Sojourner Truth Motor Fleet,Student Nonviolent Coordinating Committee,member_of,qwen-plus,qwen,organisation,organisation,False,True,seed_discovered,0.95,second_pass,19,second_pass_doc_09_chunk_0019,"SNCC’s transport company, the Sojourner Motor Fleet",1.0
qwen_plus,s41599-024-03182-3,Sojourner Truth Motor Fleet,Student Nonviolent Coordinating Committee,organised,qwen-plus,qwen,organisation,organisation,False,True,seed_discovered,0.95,second_pass,21,second_pass_prompt_fix_doc_09_chunk_0021,SNCC staff carried out highly meaningful and sometimes violently contested movements for the sake of causes such as voter education and registration. The motor fleet’s name is part the wider assemblage of people and movements it marked and empowered.,0.0
qwen_plus,s41599-024-03182-3,Student Nonviolent Coordinating Committee,"Albany, Georgia",located_in,qwen-plus,qwen,organisation,place,True,False,seed_discovered,0.85,second_pass,23,second_pass_doc_09_chunk_0023,"Freedom Alley in Albany, Georgia. Christened in 1961... where hundreds of arrested civil rights workers awaited booking",0.0
qwen_plus,s41599-024-03182-3,Student Nonviolent Coordinating Committee,Civil Rights Movement,participated_in,qwen-plus,qwen,organisation,movement,True,False,seed_discovered,0.9633333333333333,second_pass,1; 4; 26,second_pass_doc_09_chunk_0001; second_pass_doc_09_chunk_0004; second_pass_doc_09_chunk_0026,"SNCC workers receiving gunfire while inside or on the porches of Freedom houses || SNCC's onomastic tactics to tell a story of the Civil Rights Movement || our work in critical place naming studies. Our paper illustrates relationships between naming and a history of “Black livingness,” the process of asserting Black humanity, creating present and future Black worlds, and narrating Black stories in the face of oppression (McKittrick, 2021). We then offer a glimpse into the seldom investigated role of naming as tactical, freedom-making practices in the Civil Rights Movement. Speciﬁcally, we examine how workers in the 1960s organization SNCC (Student Non-Violent Coordinating Committee) deployed a (re)naming of places, people, and initiatives as tools in their mobilization",0.6666666666666666
qwen_plus,s41599-024-03182-3,Student Nonviolent Coordinating Committee,Ella Baker,influenced_by,qwen-plus,qwen,organisation,person,True,True,seed_seed,0.95,second_pass,13,second_pass_doc_09_chunk_0013,SNCC was heavily influenced by the political philosophy of its founder and advisor Ella Baker,0.0
qwen_plus,s41599-024-03182-3,Student Nonviolent Coordinating Committee,Freedom Rides,participated_in,qwen-plus,qwen,organisation,campaign,True,True,seed_seed,0.95,second_pass,13,second_pass_doc_09_chunk_0013,its early involvement in student sit-ins and freedom rides,1.0
qwen_plus,s41599-024-03182-3,Student Nonviolent Coordinating Committee,Freedom Singers,organised,qwen-plus,qwen,organisation,organisation,True,False,seed_discovered,0.95,second_pass,24,second_pass_doc_09_chunk_0024,The formation of the Freedom Singers in 1962 reﬂected SNCC’s recognition of the power of music as a mobilization tool,1.0
qwen_plus,s41599-024-03182-3,Student Nonviolent Coordinating Committee,Freedom Summer,participated_in,qwen-plus,qwen,organisation,campaign,True,False,seed_discovered,0.95,second_pass,13; 25,second_pass_doc_09_chunk_0013; second_pass_doc_09_chunk_0025,"over the span of 10 weeks during the Freedom Summer of 1964, approximately seventy homes and community centers were bombed—including some Freedom houses—and thirty-ﬁve churches were burned in the state of Mississippi || to Freedom Summer and leading campaigns for voting rights, desegregation, emancipatory education, and economic justice",0.5
qwen_plus,s41599-024-03182-3,Student Nonviolent Coordinating Committee,Freedom houses,organised,qwen-plus,qwen,organisation,campaign,True,False,seed_discovered,0.95,second_pass,25; 26,second_pass_doc_09_chunk_0025; second_pass_doc_09_chunk_0026,SNCC activists devoted to non-violence lived and ate under their roofs || SNCC used the name Freedom house to refer to: (1) structures rented to house civil rights workers as well as serve as mobilization and organizational headquarters; and (2) homes of Black families in mobilized communities who opened their doors to and cared for visiting SNCC activists,1.0
qwen_plus,s41599-024-03182-3,Student Nonviolent Coordinating Committee,Jim Crow regime,opposed_to,qwen-plus,qwen,organisation,campaign,True,False,seed_discovered,0.96,second_pass,20,second_pass_doc_09_chunk_0020,it was also a source of anxiety and inequality given the violence and discrimination encountered on Jim Crow roads,1.0
qwen_plus,s41599-024-03182-3,Student Nonviolent Coordinating Committee,Ku Klux Klan,opposed_to,qwen-plus,qwen,organisation,organisation,True,False,seed_discovered,0.9500000000000001,second_pass,16; 20; 26,second_pass_doc_09_chunk_0016; second_pass_doc_09_chunk_0020; second_pass_doc_09_chunk_0026,"To help outrun hostile law enforcement and the Ku Klux Klan, some SNCC workers increased the power of cars from the Sojourner Motor Fleet || stood guard over Freedom houses and sleeping civil rights workers against the Klan || the organization’s calls were routinely blocked or tapped by local white female switchboard operators conspiring with police, White Citizens Councils, or the Ku Klux Klan",1.0
qwen_plus,s41599-024-03182-3,Student Nonviolent Coordinating Committee,Mississippi Freedom Summer,organised,qwen-plus,qwen,organisation,campaign,True,False,seed_discovered,0.9,second_pass,16; 17,second_pass_doc_09_chunk_0016; second_pass_doc_09_chunk_0017,Forman set up and staffed a WATS line in 1963 as part of the lead up to the 1964 Mississippi Freedom Summer || Mississippi Freedom Summer. Wide Area Telephone Service (WATS) lines allowed organizations to make unlimited long-distance calls for a flat monthly fee. Civil rights workers in the field used the WATS line...,0.5
qwen_plus,s41599-024-03182-3,Student Nonviolent Coordinating Committee,Sojourner Truth Motor Fleet,organised,qwen-plus,qwen,organisation,organisation,True,False,seed_discovered,0.945,second_pass,19; 20; 22; 35,second_pass_doc_09_chunk_0019; second_pass_doc_09_chunk_0020; second_pass_doc_09_chunk_0022; second_pass_doc_09_chunk_0035,"Establishing a ﬂeet of cars for activists in 1964 and a mechanic shop by 1965 (called Sojourner Truth Garage) was about more the political efﬁcacy of SNCC’s || SNCC Legacy Project (nd) Sojourner Motor Fleet. In: SNCC Digital Gateway. https://snccdigital.org/inside-sncc/sncc-national-office/ || SNCC’s transport company, the Sojourner Motor Fleet, was named after the prominent 19th century African American freedom fighter Sojourner Truth || The decision of SNCC leaders such as Robinson to rename their subversive transportation system for Sojourner Truth",0.5
qwen_plus,s41599-024-03182-3,Student Nonviolent Coordinating Committee,WATS Reports,associated_with,qwen-plus,qwen,organisation,publication,True,False,seed_discovered,0.95,second_pass,16,second_pass_doc_09_chunk_0016,Forman set up and staffed a WATS line in 1963 as part of the lead up to the 1964 Mississippi Freedom Summer,1.0
qwen_plus,s41599-024-03182-3,Student Nonviolent Coordinating Committee,lunch counter sit-ins,participated_in,qwen-plus,qwen,organisation,campaign,True,False,seed_discovered,0.95,second_pass,13,second_pass_doc_09_chunk_0013,its early involvement in student sit-ins and freedom rides,1.0
qwen_plus,s41599-024-03182-3,WATS Reports,Ku Klux Klan,opposed_to,qwen-plus,qwen,publication,organisation,False,False,discovered_discovered,0.9,second_pass,18,second_pass_doc_09_chunk_0018,quickly receiving and getting word out about mobilization centers under attack by Klan nightriders,1.0
qwen_plus,s41599-024-03182-3,WATS Reports,Student Nonviolent Coordinating Committee,organised,qwen-plus,qwen,publication,organisation,False,True,seed_discovered,0.95,second_pass,18,second_pass_doc_09_chunk_0018,"WATS Reports, which summarized racist incidents and antiracist protests reported by SNCC at all hours of the day",1.0
qwen_plus,the-dark-and-sad-days-of-reconstruction-the-politics-of-memory-in-the-civil-rights-era,A. Philip Randolph,Brown v. Board of Education,associated_with,qwen-plus,qwen,person,law,True,False,seed_discovered,0.8,second_pass,12,second_pass_doc_11_chunk_0012,"For him, one relevant comparison was the view that the present-day attitude to civil rights, “like the one which set in during Reconstruction,” could result in the nullification of the Brown decision.",1.0
qwen_plus,the-dark-and-sad-days-of-reconstruction-the-politics-of-memory-in-the-civil-rights-era,A. Philip Randolph,March on Washington for Jobs and Freedom,participated_in,qwen-plus,qwen,person,event,True,True,seed_seed,0.95,second_pass,12,second_pass_doc_11_chunk_0012,"In his speech at the March on Washington in August 1963, John Lewis, the young leader of the Student Non Violent Coordinating Committee (SNCC), criticized President John F. Kennedy’s proposed civil rights bill... A. Philip Randolph, “Freedom Is Not Free,” New York Age, May 24, 1958",0.0
qwen_plus,the-dark-and-sad-days-of-reconstruction-the-politics-of-memory-in-the-civil-rights-era,A. Philip Randolph,Reconstruction,associated_with,qwen-plus,qwen,person,event,True,False,seed_discovered,0.9,second_pass,13,second_pass_doc_11_chunk_0013,"A. Philip Randolph, “Freedom Is Not Free,” New York Age, May 24, 1958, 17, 30",1.0
qwen_plus,the-dark-and-sad-days-of-reconstruction-the-politics-of-memory-in-the-civil-rights-era,A. Philip Randolph,Reconstruction,influenced_by,qwen-plus,qwen,person,movement,True,False,seed_discovered,0.85,second_pass,12,second_pass_doc_11_chunk_0012,"For him, one relevant comparison was the view that the present-day attitude to civil rights, “like the one which set in during Reconstruction,” could result in the nullification of the Brown decision.",1.0
qwen_plus,the-dark-and-sad-days-of-reconstruction-the-politics-of-memory-in-the-civil-rights-era,John Lewis,Student Nonviolent Coordinating Committee,leader_of,qwen-plus,qwen,person,organisation,True,True,seed_seed,0.98,second_pass,12,second_pass_doc_11_chunk_0012,"In his speech at the March on Washington in August 1963, John Lewis, the young leader of the Student Non Violent Coordinating Committee (SNCC), criticized President John F. Kennedy’s proposed civil rights bill",1.0
qwen_plus,the-dark-and-sad-days-of-reconstruction-the-politics-of-memory-in-the-civil-rights-era,Martin Luther King Jr.,Reconstruction,influenced_by,qwen-plus,qwen,person,event,True,False,seed_discovered,0.85,second_pass,13,second_pass_doc_11_chunk_0013,"Martin Luther King Jr., the pre-eminent leader of the civil rights movement, “rarely discussed Reconstruction,” although King did note in a 1957 article that when “Reconstruction ruled,” Black people “had a brief period of eminence and political power.”",1.0
