model,document,source,target,relation,model_name,provider,source_type,target_type,source_is_seed,target_is_seed,edge_scope,mean_confidence,passes,chunks,chunk_ids,evidence,evidence_match_rate,edge_key,model_count,models,occurrences
arc_apex,Brian-Purnell_Freedom-North-Studies-the-Long-Civil-Rights-Movement-and-Twentieth-Century-Liberalism-in-American-Cities,Civil Rights Movement,Jeanne Theoharis,associated_with,arc:apex,kcl,movement,person,False,False,discovered_discovered,0.8,second_pass,2,second_pass_doc_02_chunk_0002,the influential anthology edited by Jeanne Theoharis and Komozi Woodard,1.0,Civil Rights Movement | associated_with | Jeanne Theoharis,1,arc_apex,3
arc_apex,Hughes,Civil Rights Movement,Jeanne Theoharis,associated_with,arc:apex,kcl,movement,person,False,False,discovered_discovered,0.8,second_pass,7,second_pass_doc_03_chunk_0007,"As historian Jeanne Theoharis (2018: xiv) contends, how we conceptualise the history of the civil rights movement",1.0,Civil Rights Movement | associated_with | Jeanne Theoharis,1,arc_apex,3
arc_apex,JAS - MLK teaching UK schools,Civil Rights Movement,Jeanne Theoharis,associated_with,arc:apex,kcl,movement,person,False,False,discovered_discovered,0.9,second_pass,26,second_pass_doc_05_chunk_0026,"Jeanne Theoharis, ""Hidden in Plain Sight: The Civil Rights Movement outside the South""",0.0,Civil Rights Movement | associated_with | Jeanne Theoharis,1,arc_apex,3
arc_apex,A fight for racial equality in Florida,Brooklyn,Congress of Racial Equality,associated_with,arc:apex,kcl,place,organisation,False,True,seed_discovered,0.9,second_pass,23,second_pass_doc_01_chunk_0023,the Brooklyn branch of CORE,1.0,Brooklyn | associated_with | Congress of Racial Equality,1,arc_apex,2
arc_apex,Brian-Purnell_Freedom-North-Studies-the-Long-Civil-Rights-Movement-and-Twentieth-Century-Liberalism-in-American-Cities,Brooklyn,Congress of Racial Equality,associated_with,arc:apex,kcl,place,organisation,False,True,seed_discovered,0.825,second_pass,12; 13,second_pass_doc_02_chunk_0012; second_pass_doc_02_chunk_0013,The Congress of Racial Equality in Brooklyn,1.0,Brooklyn | associated_with | Congress of Racial Equality,1,arc_apex,2
arc_apex,Hughes,Black Power Movement,Civil Rights Movement,associated_with,arc:apex,kcl,movement,movement,False,False,discovered_discovered,0.7,second_pass,8,second_pass_doc_03_chunk_0008,the positive contributions of the Black Power movement,1.0,Black Power Movement | associated_with | Civil Rights Movement,1,arc_apex,2
arc_apex,Hughes,I Have a Dream speech,Martin Luther King Jr.,associated_with,arc:apex,kcl,publication,person,False,True,seed_discovered,0.9,second_pass,14,second_pass_case_merge_fix_doc_03_chunk_0014,King's 'I have a dream' speech in 1963,0.0,I Have a Dream speech | associated_with | Martin Luther King Jr.,1,arc_apex,2
arc_apex,Hughes,Martin Luther King Jr.,Poor People's Campaign,associated_with,arc:apex,kcl,person,campaign,True,False,seed_discovered,0.7,second_pass,26,second_pass_doc_03_chunk_0026,King and the Other America: The poor people's campaign and the quest for economic equality,1.0,Martin Luther King Jr. | associated_with | Poor People's Campaign,1,arc_apex,2
arc_apex,JAS - MLK teaching UK schools,Black Panther Party,Black Power Movement,associated_with,arc:apex,kcl,organisation,movement,False,False,discovered_discovered,0.8,second_pass,25,second_pass_doc_05_chunk_0025,"Black Power is often reduced to symbols associated with its advocacy of self-defense (i.e., the Black Panthers)",0.0,Black Panther Party | associated_with | Black Power Movement,1,arc_apex,2
arc_apex,JAS - MLK teaching UK schools,Civil Rights Movement,Rosa Parks,associated_with,arc:apex,kcl,movement,person,False,True,seed_discovered,0.75,second_pass,16,second_pass_doc_05_chunk_0016,That even Rosa Parks remains unnamed in this summary exemplifies not only a wider pattern of neglecting or marginalizing the role of women in histories of the movement,0.0,Civil Rights Movement | associated_with | Rosa Parks,1,arc_apex,2
arc_apex,JAS - MLK teaching UK schools,I Have a Dream speech,Martin Luther King Jr.,associated_with,arc:apex,kcl,publication,person,False,True,seed_discovered,0.95,second_pass,10,second_pass_case_merge_fix_doc_05_chunk_0010,"King's seventeen-minute ""I Have a Dream"" speech attracts far more attention",1.0,I Have a Dream speech | associated_with | Martin Luther King Jr.,1,arc_apex,2
arc_apex,JAS - MLK teaching UK schools,Martin Luther King Jr.,Poor People's Campaign,associated_with,arc:apex,kcl,person,campaign,True,False,seed_discovered,0.7,second_pass,24,second_pass_doc_05_chunk_0024,King and the Other America: The Poor People's Campaign and the Quest for Economic Equality,1.0,Martin Luther King Jr. | associated_with | Poor People's Campaign,1,arc_apex,2
arc_apex,M12_Frost,Civil Rights Movement,Ella Baker,associated_with,arc:apex,kcl,movement,person,False,True,seed_discovered,0.825,second_pass,5; 8,second_pass_doc_06_chunk_0005; second_pass_doc_06_chunk_0008,"including other individual figures such as Du Bois, Booker T. Washington and Ella Baker instead of just King alone || long-time activist Ella Baker",1.0,Civil Rights Movement | associated_with | Ella Baker,1,arc_apex,2
arc_apex,MorrisAnnRev1999CRM,Civil Rights Movement,Ella Baker,associated_with,arc:apex,kcl,movement,person,False,True,seed_discovered,0.825,second_pass,25; 26,second_pass_doc_08_chunk_0025; second_pass_doc_08_chunk_0026,"civil rights activity were not unlike those of countless Black women such as Ella Baker || countless Black women such as Ella Baker, Septima Clark, Fannie Lou Hammer",1.0,Civil Rights Movement | associated_with | Ella Baker,1,arc_apex,2
arc_apex,MorrisAnnRev1999CRM,Civil Rights Movement,Rosa Parks,associated_with,arc:apex,kcl,movement,person,False,True,seed_discovered,0.875,second_pass,25; 26,second_pass_doc_08_chunk_0025; second_pass_doc_08_chunk_0026,Parks' resistance and civil rights activity || Rosa Parks is known as the mother of the civil rights movement,0.5,Civil Rights Movement | associated_with | Rosa Parks,1,arc_apex,2
arc_apex,The Black Power Movement  A historiographical understanding of how scholarship has shaped the legacy of the Black Power Movement,Black Panther Party,Black Power Movement,associated_with,arc:apex,kcl,organisation,movement,False,False,discovered_discovered,0.75,second_pass,5; 8; 9,second_pass_doc_10_chunk_0005; second_pass_doc_10_chunk_0008; second_pass_doc_10_chunk_0009,"Black Power Movement groups were demonized using imagery that portrayed Black characters as radical || legacy of ""radicaliz- ing"" groups such as the BPP, Nation of Islam (NOI), and the Black Liberation Army (BLA)... helps explain the legacies left behind from the Black Power movement || the pattern of Panther activity is designed to undermine our institution",0.6666666666666666,Black Panther Party | associated_with | Black Power Movement,1,arc_apex,2
arc_apex,The Black Power Movement  A historiographical understanding of how scholarship has shaped the legacy of the Black Power Movement,Black Power Movement,Civil Rights Movement,associated_with,arc:apex,kcl,movement,movement,False,False,discovered_discovered,0.7000000000000001,second_pass,2; 5; 8,second_pass_doc_10_chunk_0002; second_pass_doc_10_chunk_0005; second_pass_doc_10_chunk_0008,"This is contrary to the mainstream narrative of scholarship surrounding the Civil Rights Movement || a legacy of the Black Power Movement, which was more apt to use violence and force to create change in contrast to the civil rights protests || describing it as an extension of the Civil Rights Movement",1.0,Black Power Movement | associated_with | Civil Rights Movement,1,arc_apex,2
arc_apex,A fight for racial equality in Florida,Alvin J. Bronstein,Congress of Racial Equality,associated_with,arc:apex,kcl,person,organisation,False,True,seed_discovered,0.95,second_pass,23,second_pass_doc_01_chunk_0023,he served for nearly half a decade as general counsel to the Brooklyn branch of CORE,1.0,Alvin J. Bronstein | associated_with | Congress of Racial Equality,1,arc_apex,1
arc_apex,A fight for racial equality in Florida,Alvin J. Bronstein,Simpson,associated_with,arc:apex,kcl,person,person,False,False,discovered_discovered,0.85,second_pass,22,second_pass_doc_01_chunk_0022,He met privately with Bronstein and told him that he would 'allow attorneys' fees in any case brought under the Civil Rights Act',0.0,Alvin J. Bronstein | associated_with | Simpson,1,arc_apex,1
arc_apex,A fight for racial equality in Florida,Carl Rachlin,Congress of Racial Equality,associated_with,arc:apex,kcl,person,organisation,False,True,seed_discovered,0.9,second_pass,12,second_pass_doc_01_chunk_0012,attorney Carl Rachlin of CORE,1.0,Carl Rachlin | associated_with | Congress of Racial Equality,1,arc_apex,1
arc_apex,A fight for racial equality in Florida,Carl Rachlin,Israel S. (Sy) Dresner,associated_with,arc:apex,kcl,person,person,False,False,discovered_discovered,0.85,second_pass,12,second_pass_doc_01_chunk_0012,attorney Carl Rachlin of CORE argued his case before the Supreme Court in Dresner v. City of Tallahassee,1.0,Carl Rachlin | associated_with | Israel S. (Sy) Dresner,1,arc_apex,1
arc_apex,A fight for racial equality in Florida,Civil Rights Movement,St Augustine,associated_with,arc:apex,kcl,movement,place,False,False,discovered_discovered,0.85,second_pass,25,second_pass_doc_01_chunk_0025,"Congress debated in the shadow of the 'troubles' in St Augustine. Without the inclusion of that provision, the Civil Rights Movement promised further protests.",0.0,Civil Rights Movement | associated_with | St Augustine,1,arc_apex,1
arc_apex,A fight for racial equality in Florida,Florida,Tobias Simon,associated_with,arc:apex,kcl,place,person,False,False,discovered_discovered,0.8,second_pass,9; 25,second_pass_doc_01_chunk_0009; second_pass_doc_01_chunk_0025,"In Florida and elsewhere in the region, attorneys like Simon helped amplify the consent of the governed || Wherever civil rights and civil liberties were under assault in Florida, one Miami attorney was ubiquitous",0.5,Florida | associated_with | Tobias Simon,1,arc_apex,1
arc_apex,A fight for racial equality in Florida,Howard Zinn,St Augustine,associated_with,arc:apex,kcl,person,place,False,False,discovered_discovered,0.9,second_pass,15,second_pass_doc_01_chunk_0015,"Other signatories included the historians Oscar Handlin, Arthur M. Schlesinger, Sr and Howard Zinn",1.0,Howard Zinn | associated_with | St Augustine,1,arc_apex,1
arc_apex,A fight for racial equality in Florida,Martin Luther King Jr.,Monson Motor Lodge,associated_with,arc:apex,kcl,person,place,True,False,seed_discovered,0.95,second_pass,14,second_pass_doc_01_chunk_0014,he was arrested trying to desegregate the restaurant of the Monson Motor Lodge,1.0,Martin Luther King Jr. | associated_with | Monson Motor Lodge,1,arc_apex,1
arc_apex,A fight for racial equality in Florida,Martin Luther King Jr.,Tobias Simon,associated_with,arc:apex,kcl,person,person,True,False,seed_discovered,0.8,second_pass,20,second_pass_doc_01_chunk_0020,Simon told the judge that King himself graciously preferred Harris to simply recant his perjured testimony,0.0,Martin Luther King Jr. | associated_with | Tobias Simon,1,arc_apex,1
arc_apex,A fight for racial equality in Florida,Simpson,St Augustine,associated_with,arc:apex,kcl,person,place,False,False,discovered_discovered,0.8000000000000002,second_pass,1; 20; 23,second_pass_doc_01_chunk_0001; second_pass_doc_01_chunk_0020; second_pass_doc_01_chunk_0023,Judge Simpson ordered the governor as well as Attorney General James W. Kynes to appear || The conflict educated a federal judge named Bryan Simpson || no way for a white person from St Johns County to get a fair trial before Judge Simpson,1.0,Simpson | associated_with | St Augustine,1,arc_apex,1
arc_apex,A fight for racial equality in Florida,Simpson,Tobias Simon,associated_with,arc:apex,kcl,person,person,False,False,discovered_discovered,0.75,second_pass,20,second_pass_doc_01_chunk_0020,"Simon told the judge that King himself graciously preferred Harris to simply recant his perjured testimony in open court, and Simpson agreed",0.0,Simpson | associated_with | Tobias Simon,1,arc_apex,1
arc_apex,A fight for racial equality in Florida,St Augustine,Tobias Simon,associated_with,arc:apex,kcl,place,person,False,False,discovered_discovered,0.775,second_pass,16; 20; 21; 25,second_pass_doc_01_chunk_0016; second_pass_doc_01_chunk_0020; second_pass_doc_01_chunk_0021; second_pass_doc_01_chunk_0025,Kunstler and Simon filed their removal petitions to get their clients released on reasonable bail || Simon quickly challenged the ban || Toby Simon and civil rights attorney William M. Kunstler filed petitions for writs of habeas corpus on her behalf || Yet nowhere does the author mention either Toby Simon or Alvin Bronstein.,1.0,St Augustine | associated_with | Tobias Simon,1,arc_apex,1
arc_apex,Brian-Purnell_Freedom-North-Studies-the-Long-Civil-Rights-Movement-and-Twentieth-Century-Liberalism-in-American-Cities,Bayard Rustin,Freedom Budget for All Americans,associated_with,arc:apex,kcl,person,publication,True,False,seed_discovered,0.85,second_pass,10,second_pass_doc_02_chunk_0010,He championed a Freedom Budget for All Americans,1.0,Bayard Rustin | associated_with | Freedom Budget for All Americans,1,arc_apex,1
arc_apex,Brian-Purnell_Freedom-North-Studies-the-Long-Civil-Rights-Movement-and-Twentieth-Century-Liberalism-in-American-Cities,Bayard Rustin,New York City school strikes,associated_with,arc:apex,kcl,person,event,True,False,seed_discovered,0.8,second_pass,10,second_pass_doc_02_chunk_0010,"During the New York City school strikes of the late 1960s, Rustin's steadfast belief in strong labor unions put him on the side of the mostly white United Federation of Teachers",1.0,Bayard Rustin | associated_with | New York City school strikes,1,arc_apex,1
arc_apex,Brian-Purnell_Freedom-North-Studies-the-Long-Civil-Rights-Movement-and-Twentieth-Century-Liberalism-in-American-Cities,Black Panther Party,Chicago,associated_with,arc:apex,kcl,organisation,place,False,False,discovered_discovered,0.7,second_pass,12,second_pass_doc_02_chunk_0012,The Illinois Chapter of the Black Panther Party and Racial Coalition Politics in Chicago,1.0,Black Panther Party | associated_with | Chicago,1,arc_apex,1
arc_apex,Brian-Purnell_Freedom-North-Studies-the-Long-Civil-Rights-Movement-and-Twentieth-Century-Liberalism-in-American-Cities,Congress of Racial Equality,Seattle,associated_with,arc:apex,kcl,organisation,place,True,False,seed_discovered,0.7,second_pass,12,second_pass_doc_02_chunk_0012,Seattle in Black and White: The Congress of Racial Equality and the Fight for Equal Opportunity,1.0,Congress of Racial Equality | associated_with | Seattle,1,arc_apex,1
arc_apex,Hughes,Alabama,Black Power,associated_with,arc:apex,kcl,place,movement,False,False,discovered_discovered,0.6,second_pass,26,second_pass_doc_03_chunk_0026,Civil rights and Black Power in Alabama's Black Belt,1.0,Alabama | associated_with | Black Power,1,arc_apex,1
arc_apex,Hughes,Beyond Vietnam,Martin Luther King Jr.,associated_with,arc:apex,kcl,publication,person,False,True,seed_discovered,0.95,second_pass,12,second_pass_doc_03_chunk_0012,"Martin Luther King speech, 'Beyond Vietnam', 1967",0.0,Beyond Vietnam | associated_with | Martin Luther King Jr.,1,arc_apex,1
arc_apex,Hughes,Civil Rights Movement,Malcolm X,associated_with,arc:apex,kcl,movement,person,False,True,seed_discovered,0.85,second_pass,8,second_pass_doc_03_chunk_0008,"often juxtaposed with Malcolm X, as a proxy for the entire movement",1.0,Civil Rights Movement | associated_with | Malcolm X,1,arc_apex,1
arc_apex,Hughes,Civil Rights Movement,March,associated_with,arc:apex,kcl,movement,publication,False,False,discovered_discovered,0.9,second_pass,3,second_pass_doc_03_chunk_0003,his memoir of being an activist in the civil rights movement,1.0,Civil Rights Movement | associated_with | March,1,arc_apex,1
arc_apex,Hughes,Civil Rights Movement,March on Washington for Jobs and Freedom,associated_with,arc:apex,kcl,movement,event,False,True,seed_discovered,0.85,second_pass,6; 7,second_pass_doc_03_chunk_0006; second_pass_doc_03_chunk_0007,the March on Washington remains central to the tra || the March on Washington remains central to the traditional narrative,1.0,Civil Rights Movement | associated_with | March on Washington for Jobs and Freedom,1,arc_apex,1
arc_apex,Hughes,John Lewis,March,associated_with,arc:apex,kcl,person,publication,True,False,seed_discovered,0.95,second_pass,3,second_pass_doc_03_chunk_0003,"John Lewis's best-selling graphic novel trilogy, March",1.0,John Lewis | associated_with | March,1,arc_apex,1
arc_apex,Intergenerational movement memoirs and the emotional costs of activist commitment,Birmingham,Charles Billups,associated_with,arc:apex,kcl,place,person,False,False,discovered_discovered,0.85,second_pass,6; 17,second_pass_doc_04_chunk_0006; second_pass_doc_04_chunk_0017,The family left Birmingham for Chicago in 1966 || leading a ‘Miracle March’ in Birmingham,1.0,Birmingham | associated_with | Charles Billups,1,arc_apex,1
arc_apex,Intergenerational movement memoirs and the emotional costs of activist commitment,Congress of Racial Equality,Dave Dennis,associated_with,arc:apex,kcl,organisation,person,True,False,seed_discovered,0.7,second_pass,9,second_pass_doc_04_chunk_0009,"Notes on a biography of Dave Dennis, undated notes, in the personnel papers of CORE's Southern Regional Office",0.0,Congress of Racial Equality | associated_with | Dave Dennis,1,arc_apex,1
arc_apex,Intergenerational movement memoirs and the emotional costs of activist commitment,Dave Dennis,Freedom Summer,associated_with,arc:apex,kcl,person,campaign,False,False,discovered_discovered,0.8,second_pass,19,second_pass_doc_04_chunk_0019,he was debating the efficacy of having white students descend on Mississippi in the summer of 1964,1.0,Dave Dennis | associated_with | Freedom Summer,1,arc_apex,1
arc_apex,Intergenerational movement memoirs and the emotional costs of activist commitment,Dave Dennis,Mississippi Freedom Summer,associated_with,arc:apex,kcl,person,campaign,False,False,discovered_discovered,0.75,second_pass,5,second_pass_doc_04_chunk_0005,Unsung heroes of 1964 Mississippi Freedom Summer,1.0,Dave Dennis | associated_with | Mississippi Freedom Summer,1,arc_apex,1
arc_apex,Intergenerational movement memoirs and the emotional costs of activist commitment,Dave Dennis,Schwerner,associated_with,arc:apex,kcl,person,person,False,False,discovered_discovered,0.85,second_pass,20,second_pass_doc_04_chunk_0020,he was slated to accompany Chaney and Schwerner to investigate the burning of a black church,1.0,Dave Dennis | associated_with | Schwerner,1,arc_apex,1
arc_apex,Intergenerational movement memoirs and the emotional costs of activist commitment,Fannie Lou Hamer,Student Nonviolent Coordinating Committee,associated_with,arc:apex,kcl,person,organisation,True,True,seed_seed,0.7,second_pass,7,second_pass_doc_04_chunk_0007,After SNCC's Fannie Lou Hamer,1.0,Fannie Lou Hamer | associated_with | Student Nonviolent Coordinating Committee,1,arc_apex,1
arc_apex,Intergenerational movement memoirs and the emotional costs of activist commitment,Freedom Rides,Len Holt,associated_with,arc:apex,kcl,event,person,True,False,seed_discovered,0.6,second_pass,9,second_pass_doc_04_chunk_0009,"Preparing groups intent on challenging the patchy desegregation of interstate travel, movement lawyer Len Holt warned",0.0,Freedom Rides | associated_with | Len Holt,1,arc_apex,1
arc_apex,Intergenerational movement memoirs and the emotional costs of activist commitment,Jeanne Theoharis,Rosa Parks,associated_with,arc:apex,kcl,person,person,False,True,seed_discovered,0.8999999999999999,second_pass,5; 6,second_pass_doc_04_chunk_0005; second_pass_doc_04_chunk_0006,Rosa Parks's biographer Jeanne Theoharis || Theoharis... not to omit the emotional harm that Parks suffered,0.5,Jeanne Theoharis | associated_with | Rosa Parks,1,arc_apex,1
arc_apex,Intergenerational movement memoirs and the emotional costs of activist commitment,Julian Bond,Student Nonviolent Coordinating Committee,associated_with,arc:apex,kcl,person,organisation,False,True,seed_discovered,0.75,second_pass,10; 11,second_pass_doc_04_chunk_0010; second_pass_doc_04_chunk_0011,Julian Bond described organizers as a 'protective barrier' in 'SNCC: What we did',0.0,Julian Bond | associated_with | Student Nonviolent Coordinating Committee,1,arc_apex,1
arc_apex,JAS - MLK teaching UK schools,A. Philip Randolph,Martin Luther King Jr.,associated_with,arc:apex,kcl,person,person,True,True,seed_seed,0.85,second_pass,41,second_pass_doc_05_chunk_0041,"King attended independence celebrations in Ghana, along with Vice President Richard Nixon, Adam Clayton Powell, and A. Philip Randolph",1.0,A. Philip Randolph | associated_with | Martin Luther King Jr.,1,arc_apex,1
arc_apex,JAS - MLK teaching UK schools,Black Power,Martin Luther King Jr.,associated_with,arc:apex,kcl,movement,person,False,True,seed_discovered,0.85,second_pass,10,second_pass_doc_05_chunk_0010,"King applauded key tenets of black power, even as he rejected the slogan itself",1.0,Black Power | associated_with | Martin Luther King Jr.,1,arc_apex,1
arc_apex,JAS - MLK teaching UK schools,Black Power Movement,Stokely Carmichael,associated_with,arc:apex,kcl,movement,person,False,True,seed_discovered,0.7,second_pass,25,second_pass_doc_05_chunk_0025,"the rise of ""extremists"" such as Stokely Carmichael",1.0,Black Power Movement | associated_with | Stokely Carmichael,1,arc_apex,1
arc_apex,JAS - MLK teaching UK schools,Chicago campaign,Martin Luther King Jr.,associated_with,arc:apex,kcl,campaign,person,False,True,seed_discovered,0.8,second_pass,9,second_pass_doc_05_chunk_0009,critical in the development of King's own critique of American racism,0.0,Chicago campaign | associated_with | Martin Luther King Jr.,1,arc_apex,1
arc_apex,JAS - MLK teaching UK schools,Julian Bond,Martin Luther King Jr.,associated_with,arc:apex,kcl,person,person,False,True,seed_discovered,0.7,second_pass,27,second_pass_doc_05_chunk_0027,"As Julian Bond noted, King's last years were marked by changes in black America's demands and white America's response",1.0,Julian Bond | associated_with | Martin Luther King Jr.,1,arc_apex,1
arc_apex,JAS - MLK teaching UK schools,Martin Luther King Jr.,Montgomery,associated_with,arc:apex,kcl,person,place,True,False,seed_discovered,0.85,second_pass,28,second_pass_doc_05_chunk_0028,"In Montgomery, as in many campaigns during the late 1950s and early 1960s, King's image of respectability was consciously crafted",0.0,Martin Luther King Jr. | associated_with | Montgomery,1,arc_apex,1
arc_apex,JAS - MLK teaching UK schools,Martin Luther King Jr.,Montgomery Bus Boycott,associated_with,arc:apex,kcl,person,event,True,True,seed_seed,0.75,second_pass,7,second_pass_doc_05_chunk_0007,"King-centric narrative, in which the 1955 bus boycott in Montgomery, Alabama",0.0,Martin Luther King Jr. | associated_with | Montgomery Bus Boycott,1,arc_apex,1
arc_apex,JAS - MLK teaching UK schools,National Association for the Advancement of Colored People,Roy Wilkins,associated_with,arc:apex,kcl,organisation,person,True,False,seed_discovered,0.9,second_pass,23,second_pass_doc_05_chunk_0023,Roy Wilkins of the NAACP,1.0,National Association for the Advancement of Colored People | associated_with | Roy Wilkins,1,arc_apex,1
arc_apex,M12_Frost,Black Power,Civil Rights Movement,associated_with,arc:apex,kcl,movement,movement,False,False,discovered_discovered,0.85,second_pass,3,second_pass_doc_06_chunk_0003,"many African Americans, under the banner of Black Power, turned their backs on American society",1.0,Black Power | associated_with | Civil Rights Movement,1,arc_apex,1
arc_apex,M12_Frost,Ella Baker,Martin Luther King Jr.,associated_with,arc:apex,kcl,person,person,True,True,seed_seed,0.8,second_pass,5,second_pass_doc_06_chunk_0005,"Ella Baker contended, ""Martin didn't make the movement, the movement made Martin.""",1.0,Ella Baker | associated_with | Martin Luther King Jr.,1,arc_apex,1
arc_apex,Modjeska Monteith Simkins and black female leadership  propriety  politics  place and periodization in the African American freedom struggle,Civil Rights Movement,Modjeska Monteith Simkins,associated_with,arc:apex,kcl,movement,person,False,False,discovered_discovered,0.8250000000000001,second_pass,1; 2; 4; 7; 25; 26,second_pass_doc_07_chunk_0001; second_pass_doc_07_chunk_0002; second_pass_doc_07_chunk_0004; second_pass_doc_07_chunk_0007; second_pass_doc_07_chunk_0025; second_pass_doc_07_chunk_0026,"In the case of Modjeska Simkins, gender, class, generational, religious, political, ideological and personal factors combined with the changing circumstances in Richland County and South Carolina to fashion her leadership. || Modjeska Monteith Simkins was one of the most significant voices in the struggle for African American rights in South Carolina during the twentieth century || Simkins continued to promote tactics and values that had dominated the early southern Civil Rights Movement || Women in the Civil Rights Movement: Trailblazers & Torchbearers || finding an appropriate analytical framework in which to place someone like Modjeska Simkins remains challenging",0.8333333333333334,Civil Rights Movement | associated_with | Modjeska Monteith Simkins,1,arc_apex,1
arc_apex,Modjeska Monteith Simkins and black female leadership  propriety  politics  place and periodization in the African American freedom struggle,Modjeska Monteith Simkins,National Association for the Advancement of Colored People,associated_with,arc:apex,kcl,person,organisation,False,True,seed_discovered,0.78,second_pass,6; 7; 10; 11; 19,second_pass_doc_07_chunk_0006; second_pass_doc_07_chunk_0007; second_pass_doc_07_chunk_0010; second_pass_doc_07_chunk_0011; second_pass_doc_07_chunk_0019,"Modjeska Simkins and the South Carolina Conference of the NAACP || Modjeska Simkins and the South Carolina Conference of the NAACP, 1939–1957 || Simkins fell steadily out of favour with important factions within the state NAACP leadership || Woods, 'Modjeska Simkins and the South Carolina Conference of the NAACP', 102. || she began attending local NAACP meetings in her teens",0.6,Modjeska Monteith Simkins | associated_with | National Association for the Advancement of Colored People,1,arc_apex,1
arc_apex,Modjeska Monteith Simkins and black female leadership  propriety  politics  place and periodization in the African American freedom struggle,Modjeska Monteith Simkins,Roy Wilkins,associated_with,arc:apex,kcl,person,person,False,False,discovered_discovered,0.6,second_pass,11,second_pass_doc_07_chunk_0011,"Letter from Modjeska Simkins to Roy Wilkins, 6 February 1956",1.0,Modjeska Monteith Simkins | associated_with | Roy Wilkins,1,arc_apex,1
arc_apex,MorrisAnnRev1999CRM,Birmingham,Civil Rights Act 1964,associated_with,arc:apex,kcl,place,law,False,False,discovered_discovered,0.85,second_pass,14,second_pass_doc_08_chunk_0014,"Because of the Birmingham movement and its aftermath, the Federal government issued national legislation",0.0,Birmingham | associated_with | Civil Rights Act 1964,1,arc_apex,1
arc_apex,MorrisAnnRev1999CRM,Birmingham,Civil Rights Movement,associated_with,arc:apex,kcl,place,movement,False,False,discovered_discovered,0.8,second_pass,14,second_pass_doc_08_chunk_0014,the Birmingham movement,1.0,Birmingham | associated_with | Civil Rights Movement,1,arc_apex,1
arc_apex,MorrisAnnRev1999CRM,Civil Rights Movement,Diane Nash,associated_with,arc:apex,kcl,movement,person,False,True,seed_discovered,0.8,second_pass,26,second_pass_doc_08_chunk_0026,"civil rights activity were not unlike those of countless Black women such as Ella Baker, Septima Clark, Fannie Lou Hammer, and Diane Nash",1.0,Civil Rights Movement | associated_with | Diane Nash,1,arc_apex,1
arc_apex,MorrisAnnRev1999CRM,Civil Rights Movement,Fannie Lou Hamer,associated_with,arc:apex,kcl,movement,person,False,True,seed_discovered,0.825,second_pass,25; 26,second_pass_doc_08_chunk_0025; second_pass_doc_08_chunk_0026,"civil rights activity were not unlike those of countless Black women such as Ella Baker, Septima Clark, Fannie Lou Hammer, and Diane Nash || countless Black women such as Ella Baker, Septima Clark, Fannie Lou Hammer",1.0,Civil Rights Movement | associated_with | Fannie Lou Hamer,1,arc_apex,1
arc_apex,MorrisAnnRev1999CRM,Civil Rights Movement,March on Washington Movement,associated_with,arc:apex,kcl,movement,movement,False,False,discovered_discovered,0.75,second_pass,10,second_pass_doc_08_chunk_0010,"With the exception of the Garvey Movement and A Philip Randolph's March On Washington Movement (MOWM), the mass base of the prior protests was too restricted to threaten the Jim Crow order.",0.0,Civil Rights Movement | associated_with | March on Washington Movement,1,arc_apex,1
arc_apex,MorrisAnnRev1999CRM,Civil Rights Movement,Selma,associated_with,arc:apex,kcl,movement,place,False,False,discovered_discovered,0.8,second_pass,14,second_pass_doc_08_chunk_0014,the Selma confrontations outraged the nation,1.0,Civil Rights Movement | associated_with | Selma,1,arc_apex,1
arc_apex,MorrisAnnRev1999CRM,Civil Rights Movement,Septima Clark,associated_with,arc:apex,kcl,movement,person,False,False,discovered_discovered,0.825,second_pass,25; 26,second_pass_doc_08_chunk_0025; second_pass_doc_08_chunk_0026,"civil rights activity were not unlike those of countless Black women such as Ella Baker, Septima Clark || countless Black women such as Ella Baker, Septima Clark, Fannie Lou Hammer",1.0,Civil Rights Movement | associated_with | Septima Clark,1,arc_apex,1
arc_apex,MorrisAnnRev1999CRM,Civil Rights Movement,lunch counter sit-ins,associated_with,arc:apex,kcl,movement,campaign,False,False,discovered_discovered,0.8,second_pass,11,second_pass_doc_08_chunk_0011,The 1960 student sit-ins at segregated lunch coun,0.0,Civil Rights Movement | associated_with | lunch counter sit-ins,1,arc_apex,1
arc_apex,MorrisAnnRev1999CRM,Civil Rights Movement,sit-in movement,associated_with,arc:apex,kcl,movement,movement,False,False,discovered_discovered,0.8666666666666667,second_pass,12; 22; 23,second_pass_doc_08_chunk_0012; second_pass_doc_08_chunk_0022; second_pass_doc_08_chunk_0023,"The sit-in movement and SNCC constituted the framework through which large numbers of white college students came to participate in the civil rights movement. || direct action and especially the sit-in, which the civil rights movement utilized and made famous around the globe || the sit-in, which the civil rights movement utilized and made famous around the globe",0.6666666666666666,Civil Rights Movement | associated_with | sit-in movement,1,arc_apex,1
arc_apex,MorrisAnnRev1999CRM,sit-in movement,Student Nonviolent Coordinating Committee,associated_with,arc:apex,kcl,movement,organisation,False,True,seed_discovered,0.9,second_pass,12,second_pass_doc_08_chunk_0012,The sit-in movement was also critical because it led to the formation of the Student Nonviolent Coordination Committee (SNCC),1.0,sit-in movement | associated_with | Student Nonviolent Coordinating Committee,1,arc_apex,1
arc_apex,s41599-024-03182-3,Alabama,Student Nonviolent Coordinating Committee,associated_with,arc:apex,kcl,place,organisation,False,True,seed_discovered,0.8,second_pass,13,second_pass_doc_09_chunk_0013,"mobilizing poor, rural Black communities in the Deep South (e.g., Alabama, Georgia, Mississippi)",1.0,Alabama | associated_with | Student Nonviolent Coordinating Committee,1,arc_apex,1
arc_apex,s41599-024-03182-3,"Albany, Georgia",Civil Rights Movement,associated_with,arc:apex,kcl,place,movement,False,False,discovered_discovered,0.8,second_pass,23,second_pass_doc_09_chunk_0023,Albany's Freedom Alley was a holding spot near the city jail where hundreds of arrested civil rights workers awaited booking,0.0,"Albany, Georgia | associated_with | Civil Rights Movement",1,arc_apex,1
arc_apex,s41599-024-03182-3,Atlanta,Ruby Doris Smith Robinson,associated_with,arc:apex,kcl,place,person,False,False,discovered_discovered,0.75,second_pass,21,second_pass_doc_09_chunk_0021,ran many office and financial operations in the Atlanta headquarters,0.0,Atlanta | associated_with | Ruby Doris Smith Robinson,1,arc_apex,1
arc_apex,s41599-024-03182-3,Black Power,Student Nonviolent Coordinating Committee,associated_with,arc:apex,kcl,movement,organisation,False,True,seed_discovered,0.85,second_pass,27,second_pass_doc_09_chunk_0027,eventually leading to the expulsion of white staff and activists from the organization as it embraced a Black power ideology,1.0,Black Power | associated_with | Student Nonviolent Coordinating Committee,1,arc_apex,1
arc_apex,s41599-024-03182-3,Civil Rights Movement,Freedom Singers,associated_with,arc:apex,kcl,movement,organisation,False,False,discovered_discovered,0.7,second_pass,35,second_pass_doc_09_chunk_0035,The Freedom Singers of the Civil Rights Movement,1.0,Civil Rights Movement | associated_with | Freedom Singers,1,arc_apex,1
arc_apex,s41599-024-03182-3,Civil Rights Movement,Mississippi Freedom Schools,associated_with,arc:apex,kcl,movement,organisation,False,False,discovered_discovered,0.725,second_pass,23; 34,second_pass_doc_09_chunk_0023; second_pass_doc_09_chunk_0034,The Freedom Schools: Student activists in the Mississippi Civil Rights Movement || the 41 Mississippi Freedom Schools which taught nearly 2500 students in the summer of 1964,0.5,Civil Rights Movement | associated_with | Mississippi Freedom Schools,1,arc_apex,1
arc_apex,s41599-024-03182-3,Freedom Schools,Student Nonviolent Coordinating Committee,associated_with,arc:apex,kcl,organisation,organisation,False,True,seed_discovered,0.75,second_pass,23,second_pass_prompt_fix_doc_09_chunk_0023,"SNCC's onomastic tactics focuses on... applying the word 'Freedom' to a wide range of places, institutions, organizations, and practices. These included Freedom schools",0.0,Freedom Schools | associated_with | Student Nonviolent Coordinating Committee,1,arc_apex,1
arc_apex,s41599-024-03182-3,Freedom houses,Freedom Summer,associated_with,arc:apex,kcl,organisation,campaign,False,False,discovered_discovered,0.85,second_pass,25,second_pass_doc_09_chunk_0025,"during the Freedom Summer of 1964, approximately seventy homes and community centers were bombed—including some Freedom houses",1.0,Freedom houses | associated_with | Freedom Summer,1,arc_apex,1
arc_apex,s41599-024-03182-3,Ruby Doris Smith Robinson,Sojourner Truth,associated_with,arc:apex,kcl,person,person,False,False,discovered_discovered,0.8,second_pass,21,second_pass_doc_09_chunk_0021,the kinship that Ruby Doris Smith Robinson and other women activists in SNCC felt with the early feminist praxis of Sojourner Truth,1.0,Ruby Doris Smith Robinson | associated_with | Sojourner Truth,1,arc_apex,1
arc_apex,s41599-024-03182-3,Ruby Doris Smith Robinson,Sojourner Truth Motor Fleet,associated_with,arc:apex,kcl,person,organisation,False,False,discovered_discovered,0.9,second_pass,22,second_pass_doc_09_chunk_0022,SNCC leaders such as Robinson to rename their subversive transportation system... The example of the Sojourner Motor Fleet,0.0,Ruby Doris Smith Robinson | associated_with | Sojourner Truth Motor Fleet,1,arc_apex,1
arc_apex,s41599-024-03182-3,Sojourner Truth,Student Nonviolent Coordinating Committee,associated_with,arc:apex,kcl,person,organisation,False,True,seed_discovered,0.85,second_pass,21,second_pass_doc_09_chunk_0021,SNCC invoked the name of Sojourner Truth,1.0,Sojourner Truth | associated_with | Student Nonviolent Coordinating Committee,1,arc_apex,1
arc_apex,s41599-024-03182-3,Sojourner Truth Garage,Student Nonviolent Coordinating Committee,associated_with,arc:apex,kcl,organisation,organisation,False,True,seed_discovered,0.9,second_pass,20,second_pass_prompt_fix_doc_09_chunk_0020,Establishing a ﬂeet of cars for activists in 1964 and a mechanic shop by 1965 (called Sojourner Truth Garage),1.0,Sojourner Truth Garage | associated_with | Student Nonviolent Coordinating Committee,1,arc_apex,1
arc_apex,the-dark-and-sad-days-of-reconstruction-the-politics-of-memory-in-the-civil-rights-era,A. Philip Randolph,Civil Rights Movement,associated_with,arc:apex,kcl,person,movement,True,False,seed_discovered,0.7,second_pass,11,second_pass_doc_11_chunk_0011,the Black labor and civil rights leader A. Philip Randolph,1.0,A. Philip Randolph | associated_with | Civil Rights Movement,1,arc_apex,1
arc_apex,the-dark-and-sad-days-of-reconstruction-the-politics-of-memory-in-the-civil-rights-era,Alabama,Reconstruction,associated_with,arc:apex,kcl,place,event,False,False,discovered_discovered,0.6,second_pass,20,second_pass_doc_11_chunk_0020,Alabama was readmitted to the Union with a new progressive Constitution,1.0,Alabama | associated_with | Reconstruction,1,arc_apex,1
arc_apex,the-dark-and-sad-days-of-reconstruction-the-politics-of-memory-in-the-civil-rights-era,Civil Rights Movement,Reconstruction,associated_with,arc:apex,kcl,movement,movement,False,False,discovered_discovered,0.7875,second_pass,3; 7; 18; 19,second_pass_doc_11_chunk_0003; second_pass_doc_11_chunk_0007; second_pass_doc_11_chunk_0018; second_pass_doc_11_chunk_0019,"it has become common to associate the term with the civil rights movement of the 1950s and 1960s || recall the trauma of Reconstruction as a training ground for combatting the civil rights revolution of the 1960s || segregationists were among the first to analogize the Civil Rights movement to the First Reconstruction || the modern Civil Rights movement was a ""Second Reconstruction""",0.75,Civil Rights Movement | associated_with | Reconstruction,1,arc_apex,1
arc_apex,the-dark-and-sad-days-of-reconstruction-the-politics-of-memory-in-the-civil-rights-era,Jim Crow regime,Reconstruction,associated_with,arc:apex,kcl,law,event,False,False,discovered_discovered,0.8,second_pass,7,second_pass_doc_11_chunk_0007,"blaming Reconstructionists, rather than the Redeemers, for Jim Crow",1.0,Jim Crow regime | associated_with | Reconstruction,1,arc_apex,1
arc_apex,the-dark-and-sad-days-of-reconstruction-the-politics-of-memory-in-the-civil-rights-era,Ku Klux Klan,Reconstruction,associated_with,arc:apex,kcl,organisation,event,False,False,discovered_discovered,0.85,second_pass,7,second_pass_doc_11_chunk_0007,"it ""produced defiance, the Ku Klux Klan and general suffering""",0.0,Ku Klux Klan | associated_with | Reconstruction,1,arc_apex,1
arc_apex,the-dark-and-sad-days-of-reconstruction-the-politics-of-memory-in-the-civil-rights-era,Lyndon Johnson,Reconstruction,associated_with,arc:apex,kcl,person,event,False,False,discovered_discovered,0.7,second_pass,7,second_pass_doc_11_chunk_0007,"the Johnson administration ""wants to force the white man under black reconstruction rule""",0.0,Lyndon Johnson | associated_with | Reconstruction,1,arc_apex,1
arc_apex,the-dark-and-sad-days-of-reconstruction-the-politics-of-memory-in-the-civil-rights-era,Martin Luther King Jr.,Reconstruction,associated_with,arc:apex,kcl,person,event,True,False,seed_discovered,0.7,second_pass,7,second_pass_doc_11_chunk_0007,"""Martin Luther King wants to bring back reconstruction days""",0.0,Martin Luther King Jr. | associated_with | Reconstruction,1,arc_apex,1
arc_apex,A fight for racial equality in Florida,Carl Rachlin,Tobias Simon,collaborated_with,arc:apex,kcl,person,person,False,False,discovered_discovered,0.9,second_pass,12,second_pass_doc_01_chunk_0012,Simon and two other Miami attorneys assisted Rachlin,1.0,Carl Rachlin | collaborated_with | Tobias Simon,1,arc_apex,1
arc_apex,A fight for racial equality in Florida,Congress of Racial Equality,Tobias Simon,collaborated_with,arc:apex,kcl,organisation,person,True,False,seed_discovered,0.95,second_pass,10,second_pass_doc_01_chunk_0010,Simon quickly became one of the South's extremely few white lawyers willing to help CORE.,1.0,Congress of Racial Equality | collaborated_with | Tobias Simon,1,arc_apex,1
arc_apex,Intergenerational movement memoirs and the emotional costs of activist commitment,Black Power,Patricia Stephens Due,collaborated_with,arc:apex,kcl,movement,person,False,False,discovered_discovered,0.85,second_pass,4,second_pass_doc_04_chunk_0004,and Black Power,1.0,Black Power | collaborated_with | Patricia Stephens Due,1,arc_apex,1
arc_apex,Intergenerational movement memoirs and the emotional costs of activist commitment,National Association for the Advancement of Colored People,Patricia Stephens Due,collaborated_with,arc:apex,kcl,organisation,person,True,False,seed_discovered,0.9,second_pass,4; 5,second_pass_doc_04_chunk_0004; second_pass_doc_04_chunk_0005,also worked with... the National Association for the Advancement of Colored People (NAACP) || worked with... the National Association for the Advancement of Colored People (NAACP),0.0,National Association for the Advancement of Colored People | collaborated_with | Patricia Stephens Due,1,arc_apex,1
arc_apex,Intergenerational movement memoirs and the emotional costs of activist commitment,Patricia Stephens Due,Southern Christian Leadership Conference,collaborated_with,arc:apex,kcl,person,organisation,False,True,seed_discovered,0.9,second_pass,4; 5,second_pass_doc_04_chunk_0004; second_pass_doc_04_chunk_0005,also worked with the Southern Christian Leadership Conference (SCLC) || worked with the Southern Christian Leadership Conference (SCLC),1.0,Patricia Stephens Due | collaborated_with | Southern Christian Leadership Conference,1,arc_apex,1
arc_apex,Intergenerational movement memoirs and the emotional costs of activist commitment,Patricia Stephens Due,Student Nonviolent Coordinating Committee,collaborated_with,arc:apex,kcl,person,organisation,False,True,seed_discovered,0.9,second_pass,4; 5,second_pass_doc_04_chunk_0004; second_pass_doc_04_chunk_0005,also worked with... SNCC || worked with... SNCC,0.0,Patricia Stephens Due | collaborated_with | Student Nonviolent Coordinating Committee,1,arc_apex,1
arc_apex,s41599-024-03182-3,Council of Federated Organizations,Student Nonviolent Coordinating Committee,collaborated_with,arc:apex,kcl,organisation,organisation,False,True,seed_discovered,0.95,second_pass,25,second_pass_doc_09_chunk_0025,SNCC and allied organizations such as COFO (Council of Federated Organizations) organized and worked,1.0,Council of Federated Organizations | collaborated_with | Student Nonviolent Coordinating Committee,1,arc_apex,1
arc_apex,JAS - MLK teaching UK schools,Martin Luther King Jr.,Newcastle upon Tyne,connected_to,arc:apex,kcl,person,place,True,False,seed_discovered,0.9166666666666666,second_pass,22; 41; 46,second_pass_doc_05_chunk_0022; second_pass_doc_05_chunk_0041; second_pass_doc_05_chunk_0046,King's 1967 visit to Newcastle upon Tyne || King's visit to Newcastle || Newcastle University's award of an honorary doctorate to Martin Luther King in November 1967,0.3333333333333333,Martin Luther King Jr. | connected_to | Newcastle upon Tyne,1,arc_apex,2
arc_apex,Modjeska Monteith Simkins and black female leadership  propriety  politics  place and periodization in the African American freedom struggle,Martin Luther King Jr.,Newcastle upon Tyne,connected_to,arc:apex,kcl,person,place,True,False,seed_discovered,0.7,second_pass,28,second_pass_doc_07_chunk_0028,Martin Luther King in Newcastle upon Tyne: The African American Freedom Struggle and Race Relations in the North East of England,1.0,Martin Luther King Jr. | connected_to | Newcastle upon Tyne,1,arc_apex,2
arc_apex,MorrisAnnRev1999CRM,Civil Rights Movement,Reconstruction,connected_to,arc:apex,kcl,movement,event,False,False,discovered_discovered,0.4,second_pass,3,second_pass_doc_08_chunk_0003,between the end of Reconstruction and the modern civil rights era,1.0,Civil Rights Movement | connected_to | Reconstruction,1,arc_apex,2
arc_apex,the-dark-and-sad-days-of-reconstruction-the-politics-of-memory-in-the-civil-rights-era,Civil Rights Movement,Reconstruction,connected_to,arc:apex,kcl,movement,movement,False,False,discovered_discovered,0.6,second_pass,40,second_pass_doc_11_chunk_0040,from the Reconstruction era through the Civil Rights movement,1.0,Civil Rights Movement | connected_to | Reconstruction,1,arc_apex,2
arc_apex,A fight for racial equality in Florida,Andrew Young,St Augustine,connected_to,arc:apex,kcl,person,place,True,False,seed_discovered,0.7,second_pass,24,second_pass_doc_01_chunk_0024,a biracial group that included Reverend Andrew Young of the SCLC,1.0,Andrew Young | connected_to | St Augustine,1,arc_apex,1
arc_apex,A fight for racial equality in Florida,Civil Rights Movement,Florida,connected_to,arc:apex,kcl,movement,place,False,False,discovered_discovered,0.85,second_pass,3,second_pass_doc_01_chunk_0003,Florida a tempting target for the Civil Rights Movement,1.0,Civil Rights Movement | connected_to | Florida,1,arc_apex,1
arc_apex,A fight for racial equality in Florida,Freedom Rides,"Montgomery, Alabama",connected_to,arc:apex,kcl,event,place,True,False,seed_discovered,0.85,second_pass,16,second_pass_doc_01_chunk_0016,Three years earlier Coffin had been arrested as a Freedom Rider in Montgomery,1.0,"Freedom Rides | connected_to | Montgomery, Alabama",1,arc_apex,1
arc_apex,A fight for racial equality in Florida,Simpson,St Augustine,connected_to,arc:apex,kcl,person,place,False,False,discovered_discovered,0.7749999999999999,second_pass,21; 22,second_pass_doc_01_chunk_0021; second_pass_doc_01_chunk_0022,Simpson directed the St Augustine counsel,1.0,Simpson | connected_to | St Augustine,1,arc_apex,1
arc_apex,A fight for racial equality in Florida,Southern Christian Leadership Conference,St Augustine,connected_to,arc:apex,kcl,organisation,place,True,False,seed_discovered,0.8,second_pass,17,second_pass_doc_01_chunk_0017,the SCLC campaign,1.0,Southern Christian Leadership Conference | connected_to | St Augustine,1,arc_apex,1
arc_apex,Brian-Purnell_Freedom-North-Studies-the-Long-Civil-Rights-Movement-and-Twentieth-Century-Liberalism-in-American-Cities,Birmingham,Civil Rights Movement,connected_to,arc:apex,kcl,place,movement,False,False,discovered_discovered,0.85,second_pass,1; 2,second_pass_doc_02_chunk_0001; second_pass_doc_02_chunk_0002,"well-known southern cities, such as Birmingham, Montgomery, Jackson, and Memphis as important sites for civil rights movement history",1.0,Birmingham | connected_to | Civil Rights Movement,1,arc_apex,1
arc_apex,Brian-Purnell_Freedom-North-Studies-the-Long-Civil-Rights-Movement-and-Twentieth-Century-Liberalism-in-American-Cities,Civil Rights Movement,Montgomery,connected_to,arc:apex,kcl,movement,place,False,False,discovered_discovered,0.85,second_pass,1; 2,second_pass_doc_02_chunk_0001; second_pass_doc_02_chunk_0002,"well-known southern cities, such as Birmingham, Montgomery, Jackson, and Memphis as important sites for civil rights movement history",1.0,Civil Rights Movement | connected_to | Montgomery,1,arc_apex,1
arc_apex,Brian-Purnell_Freedom-North-Studies-the-Long-Civil-Rights-Movement-and-Twentieth-Century-Liberalism-in-American-Cities,Civil Rights Movement,Seattle,connected_to,arc:apex,kcl,movement,place,False,False,discovered_discovered,0.825,second_pass,1; 2,second_pass_doc_02_chunk_0001; second_pass_doc_02_chunk_0002,"Louis, Oakland, and Seattle have joined well-known southern cities, such as Birmingham, Montgomery, Jackson, and Memphis as important sites for civil rights movement history || Places such as New York, Detroit, Saint Louis, Oakland, and Seattle have joined well-known southern cities, such as Birmingham, Montgomery, Jackson, and Memphis as important sites for civil rights movement history",1.0,Civil Rights Movement | connected_to | Seattle,1,arc_apex,1
arc_apex,Hughes,Federal Bureau of Investigation,Martin Luther King Jr.,connected_to,arc:apex,kcl,organisation,person,False,True,seed_discovered,0.6,second_pass,16,second_pass_doc_03_chunk_0016,the FBI letter to King,1.0,Federal Bureau of Investigation | connected_to | Martin Luther King Jr.,1,arc_apex,1
arc_apex,Hughes,John Lewis,March,connected_to,arc:apex,kcl,person,publication,True,False,seed_discovered,0.85,second_pass,27,second_pass_doc_03_chunk_0027,"Lewis,J; Aydin,A; Powell,N. (2013). March: Book one.",1.0,John Lewis | connected_to | March,1,arc_apex,1
arc_apex,Hughes,March,Selma,connected_to,arc:apex,kcl,event,place,False,False,discovered_discovered,0.7,second_pass,14,second_pass_doc_03_chunk_0014,"March on Selma, 1965",1.0,March | connected_to | Selma,1,arc_apex,1
arc_apex,Intergenerational movement memoirs and the emotional costs of activist commitment,Atlanta,John Lewis,connected_to,arc:apex,kcl,place,person,False,True,seed_discovered,0.7,second_pass,24,second_pass_doc_04_chunk_0024,Atlanta's mayor eulogized John Lewis in July 2020,1.0,Atlanta | connected_to | John Lewis,1,arc_apex,1
arc_apex,Intergenerational movement memoirs and the emotional costs of activist commitment,Dave Dennis,James Chaney,connected_to,arc:apex,kcl,person,person,False,False,discovered_discovered,0.85,second_pass,14,second_pass_doc_04_chunk_0014,"Asked to speak at Chaney's funeral to give mourners peace and succour, Dennis could see causes but no cure and delivered a visceral eulogy",1.0,Dave Dennis | connected_to | James Chaney,1,arc_apex,1
arc_apex,JAS - MLK teaching UK schools,Malcolm X,University of Oxford,connected_to,arc:apex,kcl,person,place,True,False,seed_discovered,0.8833333333333333,second_pass,4; 40; 41,second_pass_doc_05_chunk_0004; second_pass_doc_05_chunk_0040; second_pass_doc_05_chunk_0041,Malcolm X's 1964 speech at the University of Oxford || Malcolm X's Visit to Oxford University || The Night Malcolm X Spoke at the Oxford Union,0.6666666666666666,Malcolm X | connected_to | University of Oxford,1,arc_apex,1
arc_apex,M12_Frost,Civil Rights Movement,Montgomery Bus Boycott,connected_to,arc:apex,kcl,movement,campaign,False,True,seed_discovered,0.9,second_pass,3,second_pass_doc_06_chunk_0003,using either Brown v. Board of Education or the Montgomery bus boycott as the starting point,1.0,Civil Rights Movement | connected_to | Montgomery Bus Boycott,1,arc_apex,1
arc_apex,Modjeska Monteith Simkins and black female leadership  propriety  politics  place and periodization in the African American freedom struggle,Ella Baker,Modjeska Monteith Simkins,connected_to,arc:apex,kcl,person,person,True,False,seed_discovered,0.6,second_pass,27,second_pass_doc_07_chunk_0027,"There were also parallels with Ella Baker, another leader, who 'lived outside categories and labels'",0.0,Ella Baker | connected_to | Modjeska Monteith Simkins,1,arc_apex,1
arc_apex,MorrisAnnRev1999CRM,Bayard Rustin,Solidarity movement,connected_to,arc:apex,kcl,person,movement,True,False,seed_discovered,0.9,second_pass,18,second_pass_doc_08_chunk_0018,was summoned to Poland to give a series of colloquia and speeches,1.0,Bayard Rustin | connected_to | Solidarity movement,1,arc_apex,1
arc_apex,MorrisAnnRev1999CRM,Montgomery,Selma,connected_to,arc:apex,kcl,place,place,False,False,discovered_discovered,0.85,second_pass,13,second_pass_doc_08_chunk_0013,thousands of people from across the nation initiated a highly visible march from Selma to Montgomery,1.0,Montgomery | connected_to | Selma,1,arc_apex,1
arc_apex,s41599-024-03182-3,Sojourner Truth,Sojourner Truth Motor Fleet,connected_to,arc:apex,kcl,person,organisation,False,False,discovered_discovered,0.9,second_pass,21,second_pass_prompt_fix_doc_09_chunk_0021,the naming of the Motor Fleet,1.0,Sojourner Truth | connected_to | Sojourner Truth Motor Fleet,1,arc_apex,1
arc_apex,s41599-024-03182-3,Sojourner Truth Motor Fleet,Student Nonviolent Coordinating Committee,connected_to,arc:apex,kcl,organisation,organisation,False,True,seed_discovered,0.7,second_pass,35,second_pass_doc_09_chunk_0035,Sojourner Motor Fleet. In: SNCC Digital Gateway. https://snccdigital.org/inside-sncc/sncc-national-office/,0.0,Sojourner Truth Motor Fleet | connected_to | Student Nonviolent Coordinating Committee,1,arc_apex,1
arc_apex,A fight for racial equality in Florida,Civil Rights Movement,Brown v. Board of Education,influenced_by,arc:apex,kcl,movement,law,False,False,discovered_discovered,0.9,second_pass,2,second_pass_doc_01_chunk_0002,the movement that had gained momentum in the wake of Brown v. Board of Education (1954),1.0,Civil Rights Movement | influenced_by | Brown v. Board of Education,1,arc_apex,4
arc_apex,JAS - MLK teaching UK schools,Civil Rights Movement,Brown v. Board of Education,influenced_by,arc:apex,kcl,movement,law,False,False,discovered_discovered,0.85,second_pass,9,second_pass_doc_05_chunk_0009,"Brown as the origin of the movement's ""'classic' phase""",0.0,Civil Rights Movement | influenced_by | Brown v. Board of Education,1,arc_apex,4
arc_apex,M12_Frost,Civil Rights Movement,Brown v. Board of Education,influenced_by,arc:apex,kcl,movement,law,False,False,discovered_discovered,0.9,second_pass,4,second_pass_doc_06_chunk_0004,"the Movement was ""inspired"" by Brown v. Board of Education",1.0,Civil Rights Movement | influenced_by | Brown v. Board of Education,1,arc_apex,4
arc_apex,MorrisAnnRev1999CRM,Civil Rights Movement,Brown v. Board of Education,influenced_by,arc:apex,kcl,movement,law,False,False,discovered_discovered,0.9,second_pass,7,second_pass_doc_08_chunk_0007,"The hope generated by the Brown Ruling and the outrage caused by Till's lynching, helped set the stage for the emergence of the modern civil rights movement.",0.0,Civil Rights Movement | influenced_by | Brown v. Board of Education,1,arc_apex,4
arc_apex,Intergenerational movement memoirs and the emotional costs of activist commitment,Dave Dennis,Medgar Evers,influenced_by,arc:apex,kcl,person,person,False,True,seed_discovered,0.9,second_pass,14,second_pass_doc_04_chunk_0014,the murder of his friend and mentor Medgar Evers,1.0,Dave Dennis | influenced_by | Medgar Evers,1,arc_apex,1
arc_apex,Intergenerational movement memoirs and the emotional costs of activist commitment,Jeanne Theoharis,Julian Bond,influenced_by,arc:apex,kcl,person,person,False,False,discovered_discovered,0.9,second_pass,6,second_pass_doc_04_chunk_0006,"Theoharis credits her mentor, SNCC’s Julian Bond, for encouraging her",1.0,Jeanne Theoharis | influenced_by | Julian Bond,1,arc_apex,1
arc_apex,JAS - MLK teaching UK schools,Black Power Movement,Civil Rights Movement,influenced_by,arc:apex,kcl,movement,movement,False,False,discovered_discovered,0.7,second_pass,25,second_pass_doc_05_chunk_0025,"Consistently presented as the heroic early movement's more militant, more violent, less temperate descendent",1.0,Black Power Movement | influenced_by | Civil Rights Movement,1,arc_apex,1
arc_apex,JAS - MLK teaching UK schools,Bristol Bus Boycott,Martin Luther King Jr.,influenced_by,arc:apex,kcl,campaign,person,False,True,seed_discovered,0.85,second_pass,33,second_pass_doc_05_chunk_0033,"concurrent but largely forgotten events in the UK that echoed King's rhetoric and tactics, such as the 1963 Bristol Bus Boycott",0.0,Bristol Bus Boycott | influenced_by | Martin Luther King Jr.,1,arc_apex,1
arc_apex,JAS - MLK teaching UK schools,Martin Luther King Jr.,Civil Rights Movement,influenced_by,arc:apex,kcl,person,movement,True,False,seed_discovered,0.9,second_pass,27,second_pass_doc_05_chunk_0027,King had been radicalized by the movement itself,1.0,Martin Luther King Jr. | influenced_by | Civil Rights Movement,1,arc_apex,1
arc_apex,JAS - MLK teaching UK schools,Martin Luther King Jr.,Watts,influenced_by,arc:apex,kcl,person,place,True,False,seed_discovered,0.6,second_pass,24,second_pass_doc_05_chunk_0024,What was the impact of Watts upon Martin Luther King?,1.0,Martin Luther King Jr. | influenced_by | Watts,1,arc_apex,1
arc_apex,JAS - MLK teaching UK schools,Stokely Carmichael,Malcolm X,influenced_by,arc:apex,kcl,person,person,True,True,seed_seed,0.95,second_pass,31,second_pass_doc_05_chunk_0031,Malcolm's influence on Carmichael and other black power radicals is undisputed,0.0,Stokely Carmichael | influenced_by | Malcolm X,1,arc_apex,1
arc_apex,MorrisAnnRev1999CRM,Intifadah Movement,Martin Luther King Jr.,influenced_by,arc:apex,kcl,movement,person,False,True,seed_discovered,0.85,second_pass,18,second_pass_doc_08_chunk_0018,acquiring films on the Black movement and Martin Luther King,1.0,Intifadah Movement | influenced_by | Martin Luther King Jr.,1,arc_apex,1
arc_apex,MorrisAnnRev1999CRM,Solidarity movement,Civil Rights Movement,influenced_by,arc:apex,kcl,movement,movement,False,False,discovered_discovered,0.8,second_pass,18,second_pass_doc_08_chunk_0018,was summoned to Poland to give a series of colloquia and speeches on how nonviolent direct action worked in the civil rights movement,0.0,Solidarity movement | influenced_by | Civil Rights Movement,1,arc_apex,1
arc_apex,s41599-024-03182-3,Ruby Doris Smith Robinson,Ella Baker,influenced_by,arc:apex,kcl,person,person,False,True,seed_discovered,0.9,second_pass,21,second_pass_doc_09_chunk_0021,"Mentored by civil rights icon Ella Baker, Robinson",1.0,Ruby Doris Smith Robinson | influenced_by | Ella Baker,1,arc_apex,1
arc_apex,s41599-024-03182-3,Sojourner Truth Motor Fleet,Sojourner Truth,influenced_by,arc:apex,kcl,organisation,person,False,False,discovered_discovered,0.85,second_pass,19,second_pass_doc_09_chunk_0019,was named after the prominent 19th century African American freedom ﬁghter Sojourner Truth,1.0,Sojourner Truth Motor Fleet | influenced_by | Sojourner Truth,1,arc_apex,1
arc_apex,Brian-Purnell_Freedom-North-Studies-the-Long-Civil-Rights-Movement-and-Twentieth-Century-Liberalism-in-American-Cities,James Groppi,National Association for the Advancement of Colored People,leader_of,arc:apex,kcl,person,organisation,False,True,seed_discovered,0.7,second_pass,6,second_pass_doc_02_chunk_0006,Groppi mentored the local NAACP (National Association for the Advancement of Colored People) Youth Council's (YC) and its Commandos,1.0,James Groppi | leader_of | National Association for the Advancement of Colored People,1,arc_apex,1
arc_apex,JAS - MLK teaching UK schools,Martin Luther King Jr.,Poor People's Campaign,leader_of,arc:apex,kcl,person,campaign,True,False,seed_discovered,0.9,second_pass,10,second_pass_doc_05_chunk_0010,"King's work on the Poor People's Campaign, which occupied the last eighteen months of his life",0.0,Martin Luther King Jr. | leader_of | Poor People's Campaign,1,arc_apex,1
arc_apex,M12_Frost,Lyndon Johnson,Civil Rights Movement,leader_of,arc:apex,kcl,person,movement,False,False,discovered_discovered,0.8,second_pass,4,second_pass_doc_06_chunk_0004,"""led"" by King, the Kennedy brothers, and Lyndon Johnson",1.0,Lyndon Johnson | leader_of | Civil Rights Movement,1,arc_apex,1
arc_apex,Modjeska Monteith Simkins and black female leadership  propriety  politics  place and periodization in the African American freedom struggle,Modjeska Monteith Simkins,National Association for the Advancement of Colored People,leader_of,arc:apex,kcl,person,organisation,False,True,seed_discovered,0.9,second_pass,9; 23,second_pass_doc_07_chunk_0009; second_pass_doc_07_chunk_0023,in 1941 she became the Association's state secretary || who succeeded her as the NAACP Secretary of the State Conference of Branches,1.0,Modjeska Monteith Simkins | leader_of | National Association for the Advancement of Colored People,1,arc_apex,1
arc_apex,Modjeska Monteith Simkins and black female leadership  propriety  politics  place and periodization in the African American freedom struggle,Rev. I. De Quincy Newman,National Association for the Advancement of Colored People,leader_of,arc:apex,kcl,person,organisation,False,True,seed_discovered,0.9,second_pass,23,second_pass_doc_07_chunk_0023,"Rev. I. De Quincy Newman, who succeeded her as the NAACP Secretary of the State Conference of Branches",1.0,Rev. I. De Quincy Newman | leader_of | National Association for the Advancement of Colored People,1,arc_apex,1
arc_apex,MorrisAnnRev1999CRM,Martin Luther King Jr.,Montgomery Bus Boycott,leader_of,arc:apex,kcl,person,campaign,True,True,seed_seed,0.85,second_pass,11,second_pass_doc_08_chunk_0011,"A young Black minister, Martin Luther King, Jr., who came to personify the role of charismatic leader, was chosen to lead the movement.",1.0,Martin Luther King Jr. | leader_of | Montgomery Bus Boycott,1,arc_apex,1
arc_apex,The Black Power Movement  A historiographical understanding of how scholarship has shaped the legacy of the Black Power Movement,Malcolm X,Black Power Movement,leader_of,arc:apex,kcl,person,movement,True,False,seed_discovered,0.7749999999999999,second_pass,9; 10,second_pass_doc_10_chunk_0009; second_pass_doc_10_chunk_0010,Black Power Organizations and leaders such as Malcolm X || Black Power Organizations and leaders such as Malcolm X did not coddle their followers,1.0,Malcolm X | leader_of | Black Power Movement,1,arc_apex,1
arc_apex,s41599-024-03182-3,Fannie Lou Hamer,Student Nonviolent Coordinating Committee,leader_of,arc:apex,kcl,person,organisation,True,True,seed_seed,0.85,second_pass,22,second_pass_doc_09_chunk_0022,some of SNCC’s most noted women leaders... honoring Fannie Lou Hamer,0.0,Fannie Lou Hamer | leader_of | Student Nonviolent Coordinating Committee,1,arc_apex,1
arc_apex,s41599-024-03182-3,Julian Bond,Student Nonviolent Coordinating Committee,leader_of,arc:apex,kcl,person,organisation,False,True,seed_discovered,0.9,second_pass,17,second_pass_doc_09_chunk_0017,Julian Bond and Mary King—who headed up SNCC’s telephone network,1.0,Julian Bond | leader_of | Student Nonviolent Coordinating Committee,1,arc_apex,1
arc_apex,s41599-024-03182-3,Mary King,Student Nonviolent Coordinating Committee,leader_of,arc:apex,kcl,person,organisation,False,True,seed_discovered,0.9,second_pass,17,second_pass_doc_09_chunk_0017,Julian Bond and Mary King—who headed up SNCC’s telephone network,1.0,Mary King | leader_of | Student Nonviolent Coordinating Committee,1,arc_apex,1
arc_apex,s41599-024-03182-3,Ruby Doris Smith Robinson,Student Nonviolent Coordinating Committee,leader_of,arc:apex,kcl,person,organisation,False,True,seed_discovered,0.95,second_pass,21; 22,second_pass_doc_09_chunk_0021; second_pass_doc_09_chunk_0022,SNCC members elected Robinson to replace him as executive secretary || The decision of SNCC leaders such as Robinson to rename their subversive transportation system,1.0,Ruby Doris Smith Robinson | leader_of | Student Nonviolent Coordinating Committee,1,arc_apex,1
arc_apex,A fight for racial equality in Florida,Birmingham,Alabama,located_in,arc:apex,kcl,place,place,False,False,discovered_discovered,0.9,second_pass,13,second_pass_doc_01_chunk_0013,protests in Alabama communities like Birmingham (1963),1.0,Birmingham | located_in | Alabama,1,arc_apex,3
arc_apex,MorrisAnnRev1999CRM,Birmingham,Alabama,located_in,arc:apex,kcl,place,place,False,False,discovered_discovered,0.95,second_pass,13,second_pass_doc_08_chunk_0013,"The Birmingham, Alabama, confrontation in 1963",1.0,Birmingham | located_in | Alabama,1,arc_apex,3
arc_apex,the-dark-and-sad-days-of-reconstruction-the-politics-of-memory-in-the-civil-rights-era,Birmingham,Alabama,located_in,arc:apex,kcl,place,place,False,False,discovered_discovered,0.95,second_pass,10,second_pass_doc_11_chunk_0010,"a church in Birmingham, Alabama",1.0,Birmingham | located_in | Alabama,1,arc_apex,3
arc_apex,A fight for racial equality in Florida,Selma,Alabama,located_in,arc:apex,kcl,place,place,False,False,discovered_discovered,0.9,second_pass,13,second_pass_doc_01_chunk_0013,protests in Alabama communities like Birmingham (1963) and Selma (1965),1.0,Selma | located_in | Alabama,1,arc_apex,2
arc_apex,MorrisAnnRev1999CRM,Selma,Alabama,located_in,arc:apex,kcl,place,place,False,False,discovered_discovered,0.95,second_pass,13,second_pass_doc_08_chunk_0013,"the Selma, Alabama, confrontation in 1965",0.0,Selma | located_in | Alabama,1,arc_apex,2
arc_apex,A fight for racial equality in Florida,Israel S. (Sy) Dresner,St Augustine,located_in,arc:apex,kcl,person,place,False,False,discovered_discovered,0.85,second_pass,14,second_pass_doc_01_chunk_0014,"On 18 June, Dresner and fifteen other rabbis arrived",1.0,Israel S. (Sy) Dresner | located_in | St Augustine,1,arc_apex,1
arc_apex,A fight for racial equality in Florida,Martin Luther King Jr.,Florida,located_in,arc:apex,kcl,person,place,True,False,seed_discovered,0.9,second_pass,14,second_pass_doc_01_chunk_0014,leave Florida,1.0,Martin Luther King Jr. | located_in | Florida,1,arc_apex,1
arc_apex,A fight for racial equality in Florida,Miami,Florida,located_in,arc:apex,kcl,place,place,False,False,discovered_discovered,0.95,second_pass,5,second_pass_doc_01_chunk_0005,post-war Florida (especially its southeastern corner) differentiated the state from the rest of the region... cities like Miami,0.0,Miami | located_in | Florida,1,arc_apex,1
arc_apex,A fight for racial equality in Florida,lunch counter sit-ins,Miami,located_in,arc:apex,kcl,movement,place,False,False,discovered_discovered,0.9,second_pass,6,second_pass_doc_01_chunk_0006,sat down at a Woolworth's lunch counter in downtown Miami,1.0,lunch counter sit-ins | located_in | Miami,1,arc_apex,1
arc_apex,A fight for racial equality in Florida,night marches,St Augustine,located_in,arc:apex,kcl,campaign,place,False,False,discovered_discovered,0.85,second_pass,19; 20,second_pass_prompt_fix_doc_01_chunk_0019; second_pass_prompt_fix_doc_01_chunk_0020,significant demonstrations were planned for St Augustine... banned night marches || the SCLC sought to sustain the momentum by organizing night marches,0.5,night marches | located_in | St Augustine,1,arc_apex,1
arc_apex,MorrisAnnRev1999CRM,Montgomery Improvement Association,"Montgomery, Alabama",located_in,arc:apex,kcl,organisation,place,False,False,discovered_discovered,0.9,second_pass,11,second_pass_doc_08_chunk_0011,Out of Montgomery came the Montgomery Improvement Association (MIA),1.0,"Montgomery Improvement Association | located_in | Montgomery, Alabama",1,arc_apex,1
arc_apex,s41599-024-03182-3,Student Nonviolent Coordinating Committee,Atlanta,located_in,arc:apex,kcl,organisation,place,True,False,seed_discovered,0.9,second_pass,16; 17; 21,second_pass_doc_09_chunk_0016; second_pass_doc_09_chunk_0017; second_pass_doc_09_chunk_0021,Atlanta [SNCC head- quarters] || headquarters would use the phone to reach out to the field || the Atlanta headquarters,0.6666666666666666,Student Nonviolent Coordinating Committee | located_in | Atlanta,1,arc_apex,1
arc_apex,Intergenerational movement memoirs and the emotional costs of activist commitment,Dennis,Congress of Racial Equality,member_of,arc:apex,kcl,person,organisation,False,True,seed_discovered,0.9,second_pass,10; 15,second_pass_doc_04_chunk_0010; second_pass_doc_04_chunk_0015,After leaving CORE || He quit CORE,1.0,Dennis | member_of | Congress of Racial Equality,1,arc_apex,1
arc_apex,A fight for racial equality in Florida,Alabama,Brown v. Board of Education,opposed_to,arc:apex,kcl,place,law,False,False,discovered_discovered,0.7,second_pass,4,second_pass_doc_01_chunk_0004,"In 1956, two years after Brown v. Board of Education, four southern states prevented even a single black pupil from attending a public school with Whites: Mississippi, Alabama, Georgia and Florida.",0.0,Alabama | opposed_to | Brown v. Board of Education,1,arc_apex,1
arc_apex,A fight for racial equality in Florida,Federal Bureau of Investigation,National Association for the Advancement of Colored People,opposed_to,arc:apex,kcl,organisation,organisation,False,True,seed_discovered,0.85,second_pass,17,second_pass_doc_01_chunk_0017,NAACP checked 25 years by the F.B.I.,1.0,Federal Bureau of Investigation | opposed_to | National Association for the Advancement of Colored People,1,arc_apex,1
arc_apex,A fight for racial equality in Florida,Florida,Brown v. Board of Education,opposed_to,arc:apex,kcl,place,law,False,False,discovered_discovered,0.7,second_pass,4,second_pass_doc_01_chunk_0004,"In 1956, two years after Brown v. Board of Education, four southern states prevented even a single black pupil from attending a public school with Whites: Mississippi, Alabama, Georgia and Florida.",0.0,Florida | opposed_to | Brown v. Board of Education,1,arc_apex,1
arc_apex,A fight for racial equality in Florida,Simpson,Ku Klux Klan,opposed_to,arc:apex,kcl,person,organisation,False,False,discovered_discovered,0.85,second_pass,22,second_pass_doc_01_chunk_0022,The judge even encouraged Bronstein to sue both the Klan and the National States Rights Party in order to stymie their members from trying to violate the new law.,1.0,Simpson | opposed_to | Ku Klux Klan,1,arc_apex,1
arc_apex,A fight for racial equality in Florida,Simpson,Southern Christian Leadership Conference,opposed_to,arc:apex,kcl,person,organisation,False,True,seed_discovered,0.8,second_pass,18,second_pass_doc_01_chunk_0018,Simpson nevertheless ruled against the SCLC appeal,1.0,Simpson | opposed_to | Southern Christian Leadership Conference,1,arc_apex,1
arc_apex,Intergenerational movement memoirs and the emotional costs of activist commitment,Charles Billups,Ku Klux Klan,opposed_to,arc:apex,kcl,person,organisation,False,False,discovered_discovered,0.9,second_pass,16,second_pass_doc_04_chunk_0016,the vicious attack that her father suffered at the hands of Klansmen,1.0,Charles Billups | opposed_to | Ku Klux Klan,1,arc_apex,1
arc_apex,Intergenerational movement memoirs and the emotional costs of activist commitment,Ku Klux Klan,James Chaney,opposed_to,arc:apex,kcl,organisation,person,False,False,discovered_discovered,0.9,second_pass,20,second_pass_doc_04_chunk_0020,"abduction by a cabal of Klansmen alerted by the Deputy Sheriff who arrested them, and murder",1.0,Ku Klux Klan | opposed_to | James Chaney,1,arc_apex,1
arc_apex,Intergenerational movement memoirs and the emotional costs of activist commitment,Ku Klux Klan,Schwerner,opposed_to,arc:apex,kcl,organisation,person,False,False,discovered_discovered,0.9,second_pass,20,second_pass_doc_04_chunk_0020,"abduction by a cabal of Klansmen alerted by the Deputy Sheriff who arrested them, and murder",1.0,Ku Klux Klan | opposed_to | Schwerner,1,arc_apex,1
arc_apex,JAS - MLK teaching UK schools,Roy Wilkins,Martin Luther King Jr.,opposed_to,arc:apex,kcl,person,person,False,True,seed_discovered,0.9,second_pass,23,second_pass_doc_05_chunk_0023,began to question King’s patriotism and lambasted him,0.0,Roy Wilkins | opposed_to | Martin Luther King Jr.,1,arc_apex,1
arc_apex,JAS - MLK teaching UK schools,Whitney Young,Martin Luther King Jr.,opposed_to,arc:apex,kcl,person,person,False,True,seed_discovered,0.9,second_pass,23,second_pass_doc_05_chunk_0023,began to question King’s patriotism and lambasted him,0.0,Whitney Young | opposed_to | Martin Luther King Jr.,1,arc_apex,1
arc_apex,MorrisAnnRev1999CRM,Ku Klux Klan,Civil Rights Movement,opposed_to,arc:apex,kcl,organisation,movement,False,False,discovered_discovered,0.5,second_pass,3,second_pass_doc_08_chunk_0003,"white supremacist groups, including the Ku Klux Klan...used intimidation, force, ostracism in business and society, bribery at the polls, arson, and even murder",0.0,Ku Klux Klan | opposed_to | Civil Rights Movement,1,arc_apex,1
arc_apex,the-dark-and-sad-days-of-reconstruction-the-politics-of-memory-in-the-civil-rights-era,Jim Crow regime,Reconstruction,opposed_to,arc:apex,kcl,law,movement,False,False,discovered_discovered,0.85,second_pass,30,second_pass_doc_11_chunk_0030,"the counter-revolution against Reconstruction policies, a result of white Southern reaction and Northern connivance, produced the Jim Crow system",1.0,Jim Crow regime | opposed_to | Reconstruction,1,arc_apex,1
arc_apex,the-dark-and-sad-days-of-reconstruction-the-politics-of-memory-in-the-civil-rights-era,Ku Klux Klan,Reconstruction,opposed_to,arc:apex,kcl,organisation,movement,False,False,discovered_discovered,0.7,second_pass,40,second_pass_doc_11_chunk_0040,the counter-revolution against Reconstruction uttered by an American president since Ulysses S. Grant presided over the federal destruction of the first Ku Klux Klan,1.0,Ku Klux Klan | opposed_to | Reconstruction,1,arc_apex,1
arc_apex,A fight for racial equality in Florida,Southern Christian Leadership Conference,Birmingham,organised,arc:apex,kcl,organisation,place,True,False,seed_discovered,0.75,second_pass,1,second_pass_doc_01_chunk_0001,"As in Birmingham, as in Selma, the SCLC chose wisely",1.0,Southern Christian Leadership Conference | organised | Birmingham,1,arc_apex,1
arc_apex,A fight for racial equality in Florida,Southern Christian Leadership Conference,Selma,organised,arc:apex,kcl,organisation,place,True,False,seed_discovered,0.75,second_pass,1,second_pass_doc_01_chunk_0001,"As in Birmingham, as in Selma, the SCLC chose wisely",1.0,Southern Christian Leadership Conference | organised | Selma,1,arc_apex,1
arc_apex,Intergenerational movement memoirs and the emotional costs of activist commitment,Dave Dennis,Freedom Summer,organised,arc:apex,kcl,person,campaign,False,False,discovered_discovered,0.8,second_pass,20,second_pass_doc_04_chunk_0020,Dennis ostensibly accepted the responsibility of sending his peers to their doom,1.0,Dave Dennis | organised | Freedom Summer,1,arc_apex,1
arc_apex,Modjeska Monteith Simkins and black female leadership  propriety  politics  place and periodization in the African American freedom struggle,Rachel,National Association for the Advancement of Colored People,organised,arc:apex,kcl,person,organisation,False,True,seed_discovered,0.9,second_pass,6,second_pass_doc_07_chunk_0006,Her mother Rachel was an elementary school teacher who helped found the Columbia branch of the National Association for the Advancement of Colored People (NAACP),1.0,Rachel | organised | National Association for the Advancement of Colored People,1,arc_apex,1
arc_apex,s41599-024-03182-3,Student Nonviolent Coordinating Committee,WATS Reports,organised,arc:apex,kcl,organisation,publication,True,False,seed_discovered,0.9,second_pass,18,second_pass_doc_09_chunk_0018,"WATS Reports, which summarized racist incidents and antiracist protests reported by SNCC",1.0,Student Nonviolent Coordinating Committee | organised | WATS Reports,1,arc_apex,1
arc_apex,A fight for racial equality in Florida,Congress of Racial Equality,Freedom Rides,participated_in,arc:apex,kcl,organisation,event,True,True,seed_seed,0.85,second_pass,23,second_pass_doc_01_chunk_0023,when some of the Brooklyn members were arrested as Freedom Riders,1.0,Congress of Racial Equality | participated_in | Freedom Rides,1,arc_apex,1
arc_apex,A fight for racial equality in Florida,Congress of Racial Equality,lunch counter sit-ins,participated_in,arc:apex,kcl,organisation,movement,True,False,seed_discovered,0.9,second_pass,5; 6,second_pass_doc_01_chunk_0005; second_pass_doc_01_chunk_0006,four activists from the Congress of Racial Equality (CORE) sat down at a Woolworth's lunch counter in downtown Miami || four activists from the Congress of Racial Equality (CORE) sat down at a Woolworth's lunch counter in downtown Miami and asked to be served,1.0,Congress of Racial Equality | participated_in | lunch counter sit-ins,1,arc_apex,1
arc_apex,Brian-Purnell_Freedom-North-Studies-the-Long-Civil-Rights-Movement-and-Twentieth-Century-Liberalism-in-American-Cities,James Groppi,open housing movement,participated_in,arc:apex,kcl,person,movement,False,False,discovered_discovered,0.8,second_pass,6,second_pass_doc_02_chunk_0006,Groppi participated in protests with tens of thousands of Black Milwaukeeans.,1.0,James Groppi | participated_in | open housing movement,1,arc_apex,1
arc_apex,Hughes,John Lewis,Civil Rights Movement,participated_in,arc:apex,kcl,person,movement,True,False,seed_discovered,0.95,second_pass,3,second_pass_doc_03_chunk_0003,his memoir of being an activist in the civil rights movement,1.0,John Lewis | participated_in | Civil Rights Movement,1,arc_apex,1
arc_apex,Intergenerational movement memoirs and the emotional costs of activist commitment,Charles Billups,Civil Rights Movement,participated_in,arc:apex,kcl,person,movement,False,False,discovered_discovered,0.7,second_pass,16,second_pass_doc_04_chunk_0016,the heroic fighters of the Civil Rights Movement,1.0,Charles Billups | participated_in | Civil Rights Movement,1,arc_apex,1
arc_apex,Intergenerational movement memoirs and the emotional costs of activist commitment,James Chaney,Freedom Summer,participated_in,arc:apex,kcl,person,campaign,False,False,discovered_discovered,0.8,second_pass,20,second_pass_doc_04_chunk_0020,debating the efficacy of having white students descend on Mississippi in the summer of 1964,1.0,James Chaney | participated_in | Freedom Summer,1,arc_apex,1
arc_apex,Intergenerational movement memoirs and the emotional costs of activist commitment,Patricia Stephens Due,Civil Rights Movement,participated_in,arc:apex,kcl,person,movement,False,False,discovered_discovered,0.75,second_pass,17,second_pass_doc_04_chunk_0017,she demonstrated peace- fully in Tallahassee as a twenty-one-year-old student,1.0,Patricia Stephens Due | participated_in | Civil Rights Movement,1,arc_apex,1
arc_apex,JAS - MLK teaching UK schools,Martin Luther King Jr.,Selma,participated_in,arc:apex,kcl,person,campaign,True,False,seed_discovered,0.8,second_pass,43,second_pass_doc_05_chunk_0043,"how King is presented, not simply in terms of characterization, dialogue and plotline",1.0,Martin Luther King Jr. | participated_in | Selma,1,arc_apex,1
arc_apex,Modjeska Monteith Simkins and black female leadership  propriety  politics  place and periodization in the African American freedom struggle,Modjeska Monteith Simkins,Civil Rights Movement,participated_in,arc:apex,kcl,person,movement,False,False,discovered_discovered,0.9,second_pass,9,second_pass_doc_07_chunk_0009,Simkins's most important contribution to the nascent Civil Rights Movement in the Palmetto State came through her work with the NAACP,0.0,Modjeska Monteith Simkins | participated_in | Civil Rights Movement,1,arc_apex,1
arc_apex,MorrisAnnRev1999CRM,Congress of Racial Equality,Civil Rights Movement,participated_in,arc:apex,kcl,organisation,movement,True,False,seed_discovered,0.95,second_pass,16,second_pass_doc_08_chunk_0016,"Organizations like SCLC, NAACP, CORE and SNCC were very visible in the civil rights movement",0.0,Congress of Racial Equality | participated_in | Civil Rights Movement,1,arc_apex,1
arc_apex,s41599-024-03182-3,Freedom Singers,Civil Rights Movement,participated_in,arc:apex,kcl,organisation,movement,False,False,discovered_discovered,0.6,second_pass,24,second_pass_doc_09_chunk_0024,to combat the fear and uncertainty of what lay ahead in the Movement,1.0,Freedom Singers | participated_in | Civil Rights Movement,1,arc_apex,1
arc_apex,s41599-024-03182-3,Student Nonviolent Coordinating Committee,sit-in movement,participated_in,arc:apex,kcl,organisation,movement,True,False,seed_discovered,0.9,second_pass,13,second_pass_doc_09_chunk_0013,its early involvement in student sit-ins,1.0,Student Nonviolent Coordinating Committee | participated_in | sit-in movement,1,arc_apex,1
arc_lite,Hughes,Montgomery Bus Boycott,Rosa Parks,associated_with,arc:lite,kcl,event,person,True,True,seed_seed,0.8,second_pass,14,second_pass_doc_03_chunk_0014,10 of the narratives included various images of Rosa Parks,1.0,Montgomery Bus Boycott | associated_with | Rosa Parks,1,arc_lite,2
arc_lite,Intergenerational movement memoirs and the emotional costs of activist commitment,Montgomery Bus Boycott,Rosa Parks,associated_with,arc:lite,kcl,event,person,True,True,seed_seed,0.9,second_pass,6,second_pass_doc_04_chunk_0006,the symbol of the Montgomery Bus Boycott,1.0,Montgomery Bus Boycott | associated_with | Rosa Parks,1,arc_lite,2
arc_lite,A fight for racial equality in Florida,Alabama,Brown v. Board of Education,associated_with,arc:lite,kcl,place,law,False,False,discovered_discovered,0.8,second_pass,4,second_pass_doc_01_chunk_0004,"In 1956, two years after Brown v. Board of Education, four southern states prevented even a single black pupil from attending a public school with Whites: Mississippi, Alabama, Georgia and Florida.",0.0,Alabama | associated_with | Brown v. Board of Education,1,arc_lite,1
arc_lite,A fight for racial equality in Florida,Alvin J. Bronstein,Civil Rights Act 1964,associated_with,arc:lite,kcl,person,law,False,False,discovered_discovered,0.7,second_pass,22,second_pass_doc_01_chunk_0022,The Civil Rights Act promised a breakout from confinement within the black community and offered the vision of equality. But would the city of St Augustine comply with the law? Simpson was wary. He met privately with Bronstein and told him that he would ‘allow attorneys’ fees in any case brought under the Civil Rights Act’,1.0,Alvin J. Bronstein | associated_with | Civil Rights Act 1964,1,arc_lite,1
arc_lite,A fight for racial equality in Florida,Brown v. Board of Education,Florida,associated_with,arc:lite,kcl,law,place,False,False,discovered_discovered,0.8,second_pass,4,second_pass_doc_01_chunk_0004,"In 1956, two years after Brown v. Board of Education, four southern states prevented even a single black pupil from attending a public school with Whites: Mississippi, Alabama, Georgia and Florida.",0.0,Brown v. Board of Education | associated_with | Florida,1,arc_lite,1
arc_lite,A fight for racial equality in Florida,Civil Rights Act 1964,St Augustine,associated_with,arc:lite,kcl,law,place,False,False,discovered_discovered,0.8,second_pass,24,second_pass_doc_01_chunk_0024,compliance with the Civil Rights Act was at first begrudging. Some restaurateurs in St Augustine placed signs,1.0,Civil Rights Act 1964 | associated_with | St Augustine,1,arc_lite,1
arc_lite,A fight for racial equality in Florida,Florida,National Association for the Advancement of Colored People,associated_with,arc:lite,kcl,place,organisation,False,True,seed_discovered,0.75,second_pass,3; 4,second_pass_doc_01_chunk_0003; second_pass_doc_01_chunk_0004,"The NAACP won, barely (5–4). ... In delaying desegregation, Florida was very much a southern state. || The state’s transparent purpose was to weaken, if not destroy, a civil rights organization that the legislature deemed ‘subversive’.",0.5,Florida | associated_with | National Association for the Advancement of Colored People,1,arc_lite,1
arc_lite,Brian-Purnell_Freedom-North-Studies-the-Long-Civil-Rights-Movement-and-Twentieth-Century-Liberalism-in-American-Cities,James Groppi,National Association for the Advancement of Colored People,associated_with,arc:lite,kcl,person,organisation,False,True,seed_discovered,0.8,second_pass,6,second_pass_doc_02_chunk_0006,Groppi mentored the local NAACP (National Association for the Advancement of Colored People) Youth Council’s (YC),1.0,James Groppi | associated_with | National Association for the Advancement of Colored People,1,arc_lite,1
arc_lite,Brian-Purnell_Freedom-North-Studies-the-Long-Civil-Rights-Movement-and-Twentieth-Century-Liberalism-in-American-Cities,March on Washington for Jobs and Freedom,Martin Luther King Jr.,associated_with,arc:lite,kcl,event,person,True,True,seed_seed,0.9,second_pass,11,second_pass_doc_02_chunk_0011,"The March on Washington: Jobs, Freedom, and the Forgotten History of Civil Rights",1.0,March on Washington for Jobs and Freedom | associated_with | Martin Luther King Jr.,1,arc_lite,1
arc_lite,Brian-Purnell_Freedom-North-Studies-the-Long-Civil-Rights-Movement-and-Twentieth-Century-Liberalism-in-American-Cities,New York City school strikes,United Federation of Teachers,associated_with,arc:lite,kcl,event,organisation,False,False,discovered_discovered,0.8,second_pass,10,second_pass_doc_02_chunk_0010,"During the New York City school strikes of the late 1960s, Rustin’s steadfast belief in strong labor unions put him on the side of the mostly white United Federation of Teachers",1.0,New York City school strikes | associated_with | United Federation of Teachers,1,arc_lite,1
arc_lite,Hughes,Black Panther Party,Malcolm X,associated_with,arc:lite,kcl,organisation,person,False,True,seed_discovered,0.5,second_pass,16,second_pass_doc_03_chunk_0016,"Images of Malcolm X, the Black Panthers and segregated Southern facilities",1.0,Black Panther Party | associated_with | Malcolm X,1,arc_lite,1
arc_lite,Hughes,Brown v. Board of Education,Martin Luther King Jr.,associated_with,arc:lite,kcl,law,person,False,True,seed_discovered,0.5,second_pass,16,second_pass_doc_03_chunk_0016,"The Brown v. Board of Education US Supreme Court case was depicted in 11 images, with multiple students also selecting images of King",1.0,Brown v. Board of Education | associated_with | Martin Luther King Jr.,1,arc_lite,1
arc_lite,Hughes,Brown v. Board of Education,Rosa Parks,associated_with,arc:lite,kcl,law,person,False,True,seed_discovered,0.5,second_pass,16,second_pass_doc_03_chunk_0016,"The Brown v. Board of Education US Supreme Court case was depicted in 11 images, with multiple students also selecting images of... Rosa Parks",0.0,Brown v. Board of Education | associated_with | Rosa Parks,1,arc_lite,1
arc_lite,Hughes,Civil Rights Act 1964,Martin Luther King Jr.,associated_with,arc:lite,kcl,law,person,False,True,seed_discovered,0.5,second_pass,16,second_pass_doc_03_chunk_0016,"The Brown v. Board of Education US Supreme Court case was depicted in 11 images, with multiple students also selecting images of King... the Civil Rights Act 1964",0.0,Civil Rights Act 1964 | associated_with | Martin Luther King Jr.,1,arc_lite,1
arc_lite,Hughes,Civil Rights Act 1964,Rosa Parks,associated_with,arc:lite,kcl,law,person,False,True,seed_discovered,0.5,second_pass,16,second_pass_doc_03_chunk_0016,"The Brown v. Board of Education US Supreme Court case was depicted in 11 images, with multiple students also selecting images of... Rosa Parks... the Civil Rights Act 1964",0.0,Civil Rights Act 1964 | associated_with | Rosa Parks,1,arc_lite,1
arc_lite,Hughes,Freedom Rides,Martin Luther King Jr.,associated_with,arc:lite,kcl,event,person,True,True,seed_seed,0.5,second_pass,16,second_pass_doc_03_chunk_0016,"The Brown v. Board of Education US Supreme Court case was depicted in 11 images, with multiple students also selecting images of King... the Freedom Rides",0.0,Freedom Rides | associated_with | Martin Luther King Jr.,1,arc_lite,1
arc_lite,Hughes,Freedom Rides,Rosa Parks,associated_with,arc:lite,kcl,event,person,True,True,seed_seed,0.5,second_pass,16,second_pass_doc_03_chunk_0016,"The Brown v. Board of Education US Supreme Court case was depicted in 11 images, with multiple students also selecting images of... Rosa Parks... the Freedom Rides",0.0,Freedom Rides | associated_with | Rosa Parks,1,arc_lite,1
arc_lite,Intergenerational movement memoirs and the emotional costs of activist commitment,Atlanta,John Lewis,associated_with,arc:lite,kcl,place,person,False,True,seed_discovered,0.8,second_pass,24,second_pass_doc_04_chunk_0024,as Atlanta’s mayor eulogized John Lewis in July 2020,1.0,Atlanta | associated_with | John Lewis,1,arc_lite,1
arc_lite,JAS - MLK teaching UK schools,Martin Luther King Jr.,Stokely Carmichael,associated_with,arc:lite,kcl,person,person,True,True,seed_seed,0.8,second_pass,8,second_pass_doc_05_chunk_0008,from King to ... Stokely Carmichael,0.0,Martin Luther King Jr. | associated_with | Stokely Carmichael,1,arc_lite,1
arc_lite,Modjeska Monteith Simkins and black female leadership  propriety  politics  place and periodization in the African American freedom struggle,National Association for the Advancement of Colored People,Rachel,associated_with,arc:lite,kcl,organisation,person,True,False,seed_discovered,0.8,second_pass,6,second_pass_doc_07_chunk_0006,Her mother Rachel was an elementary school teacher who helped found the Columbia branch of the National Association for the Advancement of Colored People (NAACP),1.0,National Association for the Advancement of Colored People | associated_with | Rachel,1,arc_lite,1
arc_lite,MorrisAnnRev1999CRM,Bayard Rustin,Solidarity movement,associated_with,arc:lite,kcl,person,movement,True,False,seed_discovered,0.9,second_pass,18,second_pass_doc_08_chunk_0018,"in the early days of the Solidarity movement in Poland, Bayard Rustin... was summoned to Poland to give a series of colloquia",0.0,Bayard Rustin | associated_with | Solidarity movement,1,arc_lite,1
arc_lite,MorrisAnnRev1999CRM,Jim Crow regime,Selma,associated_with,arc:lite,kcl,movement,place,False,False,discovered_discovered,0.8,second_pass,14,second_pass_doc_08_chunk_0014,"Similarly, to resolve the crisis created by Selma, the Congress passed national legislation that enfranchised Southern Blacks.",1.0,Jim Crow regime | associated_with | Selma,1,arc_lite,1
arc_lite,The Black Power Movement  A historiographical understanding of how scholarship has shaped the legacy of the Black Power Movement,Black Power Movement,Malcolm X,associated_with,arc:lite,kcl,movement,person,False,True,seed_discovered,0.8,second_pass,9,second_pass_doc_10_chunk_0009,Black Power Organizations and leaders such as Malcolm X,1.0,Black Power Movement | associated_with | Malcolm X,1,arc_lite,1
arc_lite,s41599-024-03182-3,Atlanta,Student Nonviolent Coordinating Committee,associated_with,arc:lite,kcl,place,organisation,False,True,seed_discovered,0.5,second_pass,31,second_pass_doc_09_chunk_0031,"Constructing African American urban space in Atlanta, Georgia.",1.0,Atlanta | associated_with | Student Nonviolent Coordinating Committee,1,arc_lite,1
arc_lite,Intergenerational movement memoirs and the emotional costs of activist commitment,James Chaney,Schwerner,collaborated_with,arc:lite,kcl,person,person,False,False,discovered_discovered,0.8,second_pass,20,second_pass_doc_04_chunk_0020,"I remember my last words with Chaney, Goodman, and Schwerner, the day before they were killed",1.0,James Chaney | collaborated_with | Schwerner,1,arc_lite,1
arc_lite,JAS - MLK teaching UK schools,A. Philip Randolph,Martin Luther King Jr.,collaborated_with,arc:lite,kcl,person,person,True,True,seed_seed,0.8,second_pass,41,second_pass_doc_05_chunk_0041,"King attended independence celebrations in Ghana, along with Vice President Richard Nixon, Adam Clayton Powell, and A. Philip Randolph.",1.0,A. Philip Randolph | collaborated_with | Martin Luther King Jr.,1,arc_lite,1
arc_lite,JAS - MLK teaching UK schools,Malcolm X,Martin Luther King Jr.,collaborated_with,arc:lite,kcl,person,person,True,True,seed_seed,0.7,second_pass,31,second_pass_doc_05_chunk_0031,The refusal to view King and Malcolm as individuals whose ideas and activism evolved and occasionally overlapped obscures their shared understanding,1.0,Malcolm X | collaborated_with | Martin Luther King Jr.,1,arc_lite,1
arc_lite,Intergenerational movement memoirs and the emotional costs of activist commitment,Dave Dennis,Medgar Evers,connected_to,arc:lite,kcl,person,person,False,True,seed_discovered,0.8,second_pass,19,second_pass_doc_04_chunk_0019,"Returning Evers’s car just hours before he was assassinated, Dennis teased him: ‘Someone’s gonna get killed riding around with you.’",1.0,Dave Dennis | connected_to | Medgar Evers,1,arc_lite,1
arc_lite,Intergenerational movement memoirs and the emotional costs of activist commitment,Harry Belafonte,Student Nonviolent Coordinating Committee,connected_to,arc:lite,kcl,person,organisation,False,True,seed_discovered,0.8,second_pass,2,second_pass_doc_04_chunk_0002,"In an open letter designed to drive funding, Harry Belafonte wrote of activist members of the Student Nonviolent Coordinating Committee (SNCC)",1.0,Harry Belafonte | connected_to | Student Nonviolent Coordinating Committee,1,arc_lite,1
arc_lite,JAS - MLK teaching UK schools,Martin Luther King Jr.,Watts,connected_to,arc:lite,kcl,person,place,True,False,seed_discovered,0.6,second_pass,24,second_pass_doc_05_chunk_0024,What was the impact of Watts upon Martin Luther King?,1.0,Martin Luther King Jr. | connected_to | Watts,1,arc_lite,1
arc_lite,Modjeska Monteith Simkins and black female leadership  propriety  politics  place and periodization in the African American freedom struggle,Modjeska Monteith Simkins,Roy Wilkins,connected_to,arc:lite,kcl,person,person,False,False,discovered_discovered,1.0,second_pass,11,second_pass_doc_07_chunk_0011,Letter from Modjeska Simkins to Roy Wilkins,1.0,Modjeska Monteith Simkins | connected_to | Roy Wilkins,1,arc_lite,1
arc_lite,MorrisAnnRev1999CRM,sit-in movement,Student Nonviolent Coordinating Committee,connected_to,arc:lite,kcl,movement,organisation,False,True,seed_discovered,0.8,second_pass,12,second_pass_doc_08_chunk_0012,The sit-in movement was also critical because it led to the formation of the Student Nonviolent Coordination Committee (SNCC),1.0,sit-in movement | connected_to | Student Nonviolent Coordinating Committee,1,arc_lite,1
arc_lite,Intergenerational movement memoirs and the emotional costs of activist commitment,Julian Bond,Jeanne Theoharis,influenced_by,arc:lite,kcl,person,person,False,False,discovered_discovered,0.9,second_pass,6,second_pass_doc_04_chunk_0006,"Theoharis credits her mentor, SNCC’s Julian Bond, for encouraging her",1.0,Julian Bond | influenced_by | Jeanne Theoharis,1,arc_lite,1
arc_lite,JAS - MLK teaching UK schools,Malcolm X,Stokely Carmichael,influenced_by,arc:lite,kcl,person,person,True,True,seed_seed,0.9,second_pass,31,second_pass_doc_05_chunk_0031,Malcolm’s inﬂuence on Carmichael and other black power radicals is undisputed.,1.0,Malcolm X | influenced_by | Stokely Carmichael,1,arc_lite,1
arc_lite,MorrisAnnRev1999CRM,Mahatma Gandhi,Civil Rights Movement,influenced_by,arc:lite,kcl,person,movement,False,False,discovered_discovered,1.0,second_pass,17,second_pass_doc_08_chunk_0017,Ghandi(cid:146)s use of nonviolence was im- portant to the civil rights movement,1.0,Mahatma Gandhi | influenced_by | Civil Rights Movement,1,arc_lite,1
arc_lite,A fight for racial equality in Florida,Southern Christian Leadership Conference,Martin Luther King Jr.,leader_of,arc:lite,kcl,organisation,person,True,True,seed_seed,1.0,second_pass,1,second_pass_doc_01_chunk_0001,"the Southern Christian Leadership Conference under Martin Luther King, Jr",1.0,Southern Christian Leadership Conference | leader_of | Martin Luther King Jr.,1,arc_lite,1
arc_lite,Brian-Purnell_Freedom-North-Studies-the-Long-Civil-Rights-Movement-and-Twentieth-Century-Liberalism-in-American-Cities,Bayard Rustin,Freedom Budget for All Americans,leader_of,arc:lite,kcl,person,campaign,True,False,seed_discovered,0.9,second_pass,10,second_pass_doc_02_chunk_0010,He championed a Freedom Budget for All Americans,1.0,Bayard Rustin | leader_of | Freedom Budget for All Americans,1,arc_lite,1
arc_lite,Brian-Purnell_Freedom-North-Studies-the-Long-Civil-Rights-Movement-and-Twentieth-Century-Liberalism-in-American-Cities,Martin Luther King Jr.,open housing movement,leader_of,arc:lite,kcl,person,movement,True,False,seed_discovered,0.8,second_pass,9; 10,second_pass_doc_02_chunk_0009; second_pass_doc_02_chunk_0010,"Martin Luther King, Jr., tried to launch an open housing movement in Chicago and failed.",1.0,Martin Luther King Jr. | leader_of | open housing movement,1,arc_lite,1
arc_lite,JAS - MLK teaching UK schools,Stokely Carmichael,Black Power,leader_of,arc:lite,kcl,person,movement,True,False,seed_discovered,0.8,second_pass,31,second_pass_doc_05_chunk_0031,his assassination in 1965 prevented his engagement with the formal adoption of black power that Stokely Carmichael ﬁrst popularized in 1966.,0.0,Stokely Carmichael | leader_of | Black Power,1,arc_lite,1
arc_lite,MorrisAnnRev1999CRM,A. Philip Randolph,Civil Rights Movement,leader_of,arc:lite,kcl,person,movement,True,False,seed_discovered,0.9,second_pass,27,second_pass_doc_08_chunk_0027,The expertise of leaders such as... A Philip Randolph... supplied the movement with vision and technical knowledge,0.0,A. Philip Randolph | leader_of | Civil Rights Movement,1,arc_lite,1
arc_lite,MorrisAnnRev1999CRM,Bayard Rustin,Civil Rights Movement,leader_of,arc:lite,kcl,person,movement,True,False,seed_discovered,0.9,second_pass,27,second_pass_doc_08_chunk_0027,The expertise of leaders such as... Bayard Rustin... supplied the movement with vision and technical knowledge,0.0,Bayard Rustin | leader_of | Civil Rights Movement,1,arc_lite,1
arc_lite,MorrisAnnRev1999CRM,Ella Baker,Civil Rights Movement,leader_of,arc:lite,kcl,person,movement,True,False,seed_discovered,0.9,second_pass,27,second_pass_doc_08_chunk_0027,The expertise of leaders such as Ella Baker... supplied the movement with vision and technical knowledge,0.0,Ella Baker | leader_of | Civil Rights Movement,1,arc_lite,1
arc_lite,MorrisAnnRev1999CRM,Septima Clark,Civil Rights Movement,leader_of,arc:lite,kcl,person,movement,False,False,discovered_discovered,0.9,second_pass,27,second_pass_doc_08_chunk_0027,The expertise of leaders such as... Septima Clark supplied the movement with vision and technical knowledge,0.0,Septima Clark | leader_of | Civil Rights Movement,1,arc_lite,1
arc_lite,s41599-024-03182-3,Ella Baker,Ruby Doris Smith Robinson,leader_of,arc:lite,kcl,person,person,True,False,seed_discovered,0.9,second_pass,21,second_pass_doc_09_chunk_0021,"Mentored by civil rights icon Ella Baker, Robinson served as the administrative secretary",1.0,Ella Baker | leader_of | Ruby Doris Smith Robinson,1,arc_lite,1
arc_lite,A fight for racial equality in Florida,Congress of Racial Equality,Miami,located_in,arc:lite,kcl,organisation,place,True,False,seed_discovered,1.0,second_pass,5,second_pass_doc_01_chunk_0005,four activists from the Congress of Racial Equality (CORE) sat down at a Woolworth’s lunch counter in downtown Miami,1.0,Congress of Racial Equality | located_in | Miami,1,arc_lite,1
arc_lite,A fight for racial equality in Florida,Florida,St Augustine,located_in,arc:lite,kcl,place,place,False,False,discovered_discovered,1.0,second_pass,1,second_pass_doc_01_chunk_0001,A fight for racial equality in Florida... picked St Augustine,0.0,Florida | located_in | St Augustine,1,arc_lite,1
arc_lite,A fight for racial equality in Florida,Tobias Simon,Florida,located_in,arc:lite,kcl,person,place,False,False,discovered_discovered,1.0,second_pass,9,second_pass_doc_01_chunk_0009,Tobias Simon (1929–1982) was ‘synonymous with civil rights’... Florida made such efforts easier,0.0,Tobias Simon | located_in | Florida,1,arc_lite,1
arc_lite,Brian-Purnell_Freedom-North-Studies-the-Long-Civil-Rights-Movement-and-Twentieth-Century-Liberalism-in-American-Cities,Congress of Racial Equality,Brooklyn,located_in,arc:lite,kcl,organisation,place,True,False,seed_discovered,1.0,second_pass,14,second_pass_doc_02_chunk_0014,The Congress of Racial Equality in Brooklyn,1.0,Congress of Racial Equality | located_in | Brooklyn,1,arc_lite,1
arc_lite,MorrisAnnRev1999CRM,Montgomery Bus Boycott,Alabama,located_in,arc:lite,kcl,event,place,True,False,seed_discovered,1.0,second_pass,11,second_pass_doc_08_chunk_0011,"A ruling by the Supreme Court, that declared bus segregation in Alabama unconstitutional, sealed the victory for the movement.",1.0,Montgomery Bus Boycott | located_in | Alabama,1,arc_lite,1
arc_lite,s41599-024-03182-3,Atlanta,Student Nonviolent Coordinating Committee,located_in,arc:lite,kcl,place,organisation,False,True,seed_discovered,1.0,second_pass,17,second_pass_doc_09_chunk_0017,Atlanta [SNCC head- quarters],1.0,Atlanta | located_in | Student Nonviolent Coordinating Committee,1,arc_lite,1
arc_lite,s41599-024-03182-3,Montgomery Bus Boycott,Atlanta,located_in,arc:lite,kcl,event,place,True,False,seed_discovered,0.8,second_pass,34,second_pass_doc_09_chunk_0034,how 1960s civil rights activists built a motor ﬂeet out of their Atlanta headquarters,1.0,Montgomery Bus Boycott | located_in | Atlanta,1,arc_lite,1
arc_lite,s41599-024-03182-3,Student Nonviolent Coordinating Committee,Alabama,located_in,arc:lite,kcl,organisation,place,True,False,seed_discovered,0.8,second_pass,13,second_pass_doc_09_chunk_0013,"SNCC articulated and con- ducted a youth-driven, bottom-up approach to mobilizing poor, rural Black communities in the Deep South (e.g., Alabama, Georgia, Mississippi)",1.0,Student Nonviolent Coordinating Committee | located_in | Alabama,1,arc_lite,1
arc_lite,A fight for racial equality in Florida,Martin Luther King Jr.,Southern Christian Leadership Conference,member_of,arc:lite,kcl,person,organisation,True,True,seed_seed,0.8,second_pass,14,second_pass_doc_01_chunk_0014,"Senator George Smathers (D-FL) phoned President Lyndon Johnson and suspected that the SCLC faked the attack. After all, Smathers remarked, King had not been injured",0.0,Martin Luther King Jr. | member_of | Southern Christian Leadership Conference,1,arc_lite,2
arc_lite,A fight for racial equality in Florida,Roy Wilkins,National Association for the Advancement of Colored People,member_of,arc:lite,kcl,person,organisation,False,True,seed_discovered,0.9,second_pass,3,second_pass_doc_01_chunk_0003,Executive secretary Roy Wilkins feared that ‘the civil rights movement in Florida and the entire Southeast’ would be imperilled if the NAACP lost.,1.0,Roy Wilkins | member_of | National Association for the Advancement of Colored People,1,arc_lite,2
arc_lite,Hughes,Martin Luther King Jr.,Southern Christian Leadership Conference,member_of,arc:lite,kcl,person,organisation,True,True,seed_seed,1.0,second_pass,14,second_pass_doc_03_chunk_0014,Rosa Parks 5. Martin Luther King and the Southern Christian Leadership Conference,1.0,Martin Luther King Jr. | member_of | Southern Christian Leadership Conference,1,arc_lite,2
arc_lite,JAS - MLK teaching UK schools,Roy Wilkins,National Association for the Advancement of Colored People,member_of,arc:lite,kcl,person,organisation,False,True,seed_discovered,0.9,second_pass,23,second_pass_doc_05_chunk_0023,Roy Wilkins of the NAACP,1.0,Roy Wilkins | member_of | National Association for the Advancement of Colored People,1,arc_lite,2
arc_lite,MorrisAnnRev1999CRM,Congress of Racial Equality,Civil Rights Movement,member_of,arc:lite,kcl,organisation,movement,True,False,seed_discovered,0.9,second_pass,12,second_pass_doc_08_chunk_0012,"This organization increased the formal organizational base of the movement, which already included... the Congress of Racial Equality (CORE)",0.0,Congress of Racial Equality | member_of | Civil Rights Movement,1,arc_lite,1
arc_lite,MorrisAnnRev1999CRM,National Association for the Advancement of Colored People,Civil Rights Movement,member_of,arc:lite,kcl,organisation,movement,True,False,seed_discovered,0.9,second_pass,12,second_pass_doc_08_chunk_0012,"This organization increased the formal organizational base of the movement, which already included... the NAACP",0.0,National Association for the Advancement of Colored People | member_of | Civil Rights Movement,1,arc_lite,1
arc_lite,MorrisAnnRev1999CRM,Southern Christian Leadership Conference,Civil Rights Movement,member_of,arc:lite,kcl,organisation,movement,True,False,seed_discovered,0.9,second_pass,12,second_pass_doc_08_chunk_0012,"This organization increased the formal organizational base of the movement, which already included the Southern Christian Leadership Conference (SCLC)",0.0,Southern Christian Leadership Conference | member_of | Civil Rights Movement,1,arc_lite,1
arc_lite,Brian-Purnell_Freedom-North-Studies-the-Long-Civil-Rights-Movement-and-Twentieth-Century-Liberalism-in-American-Cities,Bayard Rustin,United Federation of Teachers,opposed_to,arc:lite,kcl,person,organisation,True,False,seed_discovered,0.8,second_pass,11,second_pass_doc_02_chunk_0011,bor unions put him on the side of the mostly white United Federation of Teachers and against the mostly black opponents of the union.,1.0,Bayard Rustin | opposed_to | United Federation of Teachers,1,arc_lite,1
arc_lite,JAS - MLK teaching UK schools,Black Power Movement,Civil Rights Movement,opposed_to,arc:lite,kcl,movement,movement,False,False,discovered_discovered,0.7,second_pass,25,second_pass_doc_05_chunk_0025,the BPM [black power movement] can be conveniently blamed for the demise of the Civil Rights Movement,1.0,Black Power Movement | opposed_to | Civil Rights Movement,1,arc_lite,1
arc_lite,s41599-024-03182-3,Student Nonviolent Coordinating Committee,Freedom Schools,organised,arc:lite,kcl,organisation,organisation,True,False,seed_discovered,0.8,second_pass,23,second_pass_prompt_fix_doc_09_chunk_0023,"SNCC’s onomastic tactics focuses on one of the most common practices of name changing during the Civil Rights Movement—applying the word “Freedom” to a wide range of places, institutions, organizations, and practices. These included Freedom schools",1.0,Student Nonviolent Coordinating Committee | organised | Freedom Schools,1,arc_lite,1
arc_lite,s41599-024-03182-3,Student Nonviolent Coordinating Committee,Sojourner Truth Garage,organised,arc:lite,kcl,organisation,organisation,True,False,seed_discovered,1.0,second_pass,20,second_pass_prompt_fix_doc_09_chunk_0020,Establishing a ﬂeet of cars for activists in 1964 and a mechanic shop by 1965 (called Sojourner Truth Garage),1.0,Student Nonviolent Coordinating Committee | organised | Sojourner Truth Garage,1,arc_lite,1
arc_lite,A fight for racial equality in Florida,Congress of Racial Equality,Miami,participated_in,arc:lite,kcl,organisation,place,True,False,seed_discovered,1.0,second_pass,6,second_pass_doc_01_chunk_0006,four activists from the Congress of Racial Equality (CORE) sat down at a Woolworth’s lunch counter in downtown Miami,1.0,Congress of Racial Equality | participated_in | Miami,1,arc_lite,1
arc_lite,Hughes,Bayard Rustin,March on Washington for Jobs and Freedom,participated_in,arc:lite,kcl,person,event,True,True,seed_seed,0.8,second_pass,17,second_pass_doc_03_chunk_0017,These images included photographs of such figures as... Bayard Rustin... and the March on Washington for Jobs and Freedom,0.0,Bayard Rustin | participated_in | March on Washington for Jobs and Freedom,1,arc_lite,1
arc_lite,Intergenerational movement memoirs and the emotional costs of activist commitment,Charles Billups,Birmingham,participated_in,arc:lite,kcl,person,place,False,False,discovered_discovered,0.9,second_pass,6,second_pass_doc_04_chunk_0006,leading a ‘Miracle March’ in Birmingham on 5 May 1963,1.0,Charles Billups | participated_in | Birmingham,1,arc_lite,1
arc_lite,Intergenerational movement memoirs and the emotional costs of activist commitment,Dave Dennis,Mississippi Freedom Summer,participated_in,arc:lite,kcl,person,event,False,False,discovered_discovered,0.9,second_pass,4,second_pass_doc_04_chunk_0004,"the Council of Federation Organizations’ (COFO) Mississippi Freedom Summer campaign, which he co-led",1.0,Dave Dennis | participated_in | Mississippi Freedom Summer,1,arc_lite,1
qwen_plus,Intergenerational movement memoirs and the emotional costs of activist commitment,Congress of Racial Equality,Student Nonviolent Coordinating Committee,associated_with,qwen-plus,qwen,organisation,organisation,True,True,seed_seed,0.9,second_pass,1,second_pass_doc_04_chunk_0001,"Congress of Racial Equality (CORE), Student Nonviolent Coordinating Committee (SNCC)",0.0,Congress of Racial Equality | associated_with | Student Nonviolent Coordinating Committee,1,qwen_plus,2
qwen_plus,Intergenerational movement memoirs and the emotional costs of activist commitment,National Association for the Advancement of Colored People,Student Nonviolent Coordinating Committee,associated_with,qwen-plus,qwen,organisation,organisation,True,True,seed_seed,0.9,second_pass,1,second_pass_doc_04_chunk_0001,"National Association for the Advancement of Colored People (NAACP), Student Nonviolent Coordinating Committee (SNCC)",0.0,National Association for the Advancement of Colored People | associated_with | Student Nonviolent Coordinating Committee,1,qwen_plus,2
qwen_plus,Intergenerational movement memoirs and the emotional costs of activist commitment,Southern Christian Leadership Conference,Student Nonviolent Coordinating Committee,associated_with,qwen-plus,qwen,organisation,organisation,True,True,seed_seed,0.9,second_pass,1,second_pass_doc_04_chunk_0001,"Southern Christian Leadership Conference (SCLC), Student Nonviolent Coordinating Committee (SNCC)",1.0,Southern Christian Leadership Conference | associated_with | Student Nonviolent Coordinating Committee,1,qwen_plus,2
qwen_plus,MorrisAnnRev1999CRM,Congress of Racial Equality,Student Nonviolent Coordinating Committee,associated_with,qwen-plus,qwen,organisation,organisation,True,True,seed_seed,0.9,second_pass,12,second_pass_doc_08_chunk_0012,"This organization increased the formal organizational base of the movement, which already included the Southern Christian Leadership Conference (SCLC), the Congress of Racial Equality (CORE), the NAACP, and numerous local movement organizations",0.0,Congress of Racial Equality | associated_with | Student Nonviolent Coordinating Committee,1,qwen_plus,2
qwen_plus,MorrisAnnRev1999CRM,National Association for the Advancement of Colored People,Student Nonviolent Coordinating Committee,associated_with,qwen-plus,qwen,organisation,organisation,True,True,seed_seed,0.9,second_pass,12,second_pass_doc_08_chunk_0012,"This organization increased the formal organizational base of the movement, which already included the Southern Christian Leadership Conference (SCLC), the Congress of Racial Equality (CORE), the NAACP, and numerous local movement organizations",0.0,National Association for the Advancement of Colored People | associated_with | Student Nonviolent Coordinating Committee,1,qwen_plus,2
qwen_plus,MorrisAnnRev1999CRM,Southern Christian Leadership Conference,Student Nonviolent Coordinating Committee,associated_with,qwen-plus,qwen,organisation,organisation,True,True,seed_seed,0.9,second_pass,12,second_pass_doc_08_chunk_0012,"This organization increased the formal organizational base of the movement, which already included the Southern Christian Leadership Conference (SCLC), the Congress of Racial Equality (CORE), the NAACP, and numerous local movement organizations",0.0,Southern Christian Leadership Conference | associated_with | Student Nonviolent Coordinating Committee,1,qwen_plus,2
qwen_plus,A fight for racial equality in Florida,Alvin J. Bronstein,Civil Rights Movement,associated_with,qwen-plus,qwen,person,movement,False,False,discovered_discovered,0.95,second_pass,25,second_pass_doc_01_chunk_0025,"By helping to make the law applicable to St Augustine, Bronstein earned the gratitude of the movement there.",1.0,Alvin J. Bronstein | associated_with | Civil Rights Movement,1,qwen_plus,1
qwen_plus,A fight for racial equality in Florida,Alvin J. Bronstein,Tobias Simon,associated_with,qwen-plus,qwen,person,person,False,False,discovered_discovered,0.7,second_pass,23,second_pass_doc_01_chunk_0023,Tobias Simon (aliases: Tobias Simon) is listed in the entity list alongside Alvin Bronstein but no direct relationship is stated in the text,0.0,Alvin J. Bronstein | associated_with | Tobias Simon,1,qwen_plus,1
qwen_plus,A fight for racial equality in Florida,Florida,Jim Crow regime,associated_with,qwen-plus,qwen,place,campaign,False,False,discovered_discovered,0.9,second_pass,3,second_pass_doc_01_chunk_0003,Entrenched rural resistance to modern urban life meant a commitment to Jim Crow.,1.0,Florida | associated_with | Jim Crow regime,1,qwen_plus,1
qwen_plus,Brian-Purnell_Freedom-North-Studies-the-Long-Civil-Rights-Movement-and-Twentieth-Century-Liberalism-in-American-Cities,Bayard Rustin,Student Nonviolent Coordinating Committee,associated_with,qwen-plus,qwen,person,organisation,True,True,seed_seed,0.85,second_pass,10,second_pass_doc_02_chunk_0010,Rustin’s life did intersect with them,0.0,Bayard Rustin | associated_with | Student Nonviolent Coordinating Committee,1,qwen_plus,1
qwen_plus,Hughes,Civil Rights Act 1964,March on Washington for Jobs and Freedom,associated_with,qwen-plus,qwen,law,event,False,True,seed_discovered,0.85,second_pass,17,second_pass_doc_03_chunk_0017,"Three of the four teacher candidates who used the 1964 Civil Rights Act failed to mention its later importance in terms of gender equality (even though the included excerpt made a specific reference to sex), and only three of the seven teacher candidates who referenced the March on Washington for Jobs and Freedom discussed the emphasis that the event placed on jobs and economic justice.",1.0,Civil Rights Act 1964 | associated_with | March on Washington for Jobs and Freedom,1,qwen_plus,1
qwen_plus,Intergenerational movement memoirs and the emotional costs of activist commitment,Congress of Racial Equality,Council of Federated Organizations,associated_with,qwen-plus,qwen,organisation,organisation,True,False,seed_discovered,0.9,second_pass,1,second_pass_doc_04_chunk_0001,"Congress of Racial Equality (CORE), Council of Federated Organizations (COFO)",1.0,Congress of Racial Equality | associated_with | Council of Federated Organizations,1,qwen_plus,1
qwen_plus,Intergenerational movement memoirs and the emotional costs of activist commitment,Congress of Racial Equality,National Association for the Advancement of Colored People,associated_with,qwen-plus,qwen,organisation,organisation,True,True,seed_seed,0.9,second_pass,1,second_pass_doc_04_chunk_0001,"Congress of Racial Equality (CORE), National Association for the Advancement of Colored People (NAACP)",0.0,Congress of Racial Equality | associated_with | National Association for the Advancement of Colored People,1,qwen_plus,1
qwen_plus,Intergenerational movement memoirs and the emotional costs of activist commitment,Congress of Racial Equality,Southern Christian Leadership Conference,associated_with,qwen-plus,qwen,organisation,organisation,True,True,seed_seed,0.9,second_pass,1,second_pass_doc_04_chunk_0001,"Congress of Racial Equality (CORE), Southern Christian Leadership Conference (SCLC)",0.0,Congress of Racial Equality | associated_with | Southern Christian Leadership Conference,1,qwen_plus,1
qwen_plus,Intergenerational movement memoirs and the emotional costs of activist commitment,Council of Federated Organizations,National Association for the Advancement of Colored People,associated_with,qwen-plus,qwen,organisation,organisation,False,True,seed_discovered,0.9,second_pass,1,second_pass_doc_04_chunk_0001,"Council of Federated Organizations (COFO), National Association for the Advancement of Colored People (NAACP)",0.0,Council of Federated Organizations | associated_with | National Association for the Advancement of Colored People,1,qwen_plus,1
qwen_plus,Intergenerational movement memoirs and the emotional costs of activist commitment,Council of Federated Organizations,Southern Christian Leadership Conference,associated_with,qwen-plus,qwen,organisation,organisation,False,True,seed_discovered,0.9,second_pass,1,second_pass_doc_04_chunk_0001,"Council of Federated Organizations (COFO), Southern Christian Leadership Conference (SCLC)",0.0,Council of Federated Organizations | associated_with | Southern Christian Leadership Conference,1,qwen_plus,1
qwen_plus,Intergenerational movement memoirs and the emotional costs of activist commitment,Council of Federated Organizations,Student Nonviolent Coordinating Committee,associated_with,qwen-plus,qwen,organisation,organisation,False,True,seed_discovered,0.9,second_pass,1,second_pass_doc_04_chunk_0001,"Council of Federated Organizations (COFO), Student Nonviolent Coordinating Committee (SNCC)",0.0,Council of Federated Organizations | associated_with | Student Nonviolent Coordinating Committee,1,qwen_plus,1
qwen_plus,Intergenerational movement memoirs and the emotional costs of activist commitment,Jeanne Theoharis,Student Nonviolent Coordinating Committee,associated_with,qwen-plus,qwen,person,organisation,False,True,seed_discovered,0.85,second_pass,5,second_pass_doc_04_chunk_0005,"Theoharis credits her mentor, SNCC’s Jul",1.0,Jeanne Theoharis | associated_with | Student Nonviolent Coordinating Committee,1,qwen_plus,1
qwen_plus,JAS - MLK teaching UK schools,Martin Luther King Jr.,Roy Wilkins,associated_with,qwen-plus,qwen,person,person,True,False,seed_discovered,0.9,second_pass,23,second_pass_doc_05_chunk_0023,"Erstwhile civil rights allies, such as Roy Wilkins of the NAACP",1.0,Martin Luther King Jr. | associated_with | Roy Wilkins,1,qwen_plus,1
qwen_plus,JAS - MLK teaching UK schools,Martin Luther King Jr.,Whitney Young,associated_with,qwen-plus,qwen,person,person,True,False,seed_discovered,0.9,second_pass,23,second_pass_doc_05_chunk_0023,"Erstwhile civil rights allies, such as Roy Wilkins of the NAACP and Whitney Young of the National Urban League",1.0,Martin Luther King Jr. | associated_with | Whitney Young,1,qwen_plus,1
qwen_plus,Modjeska Monteith Simkins and black female leadership  propriety  politics  place and periodization in the African American freedom struggle,Modjeska Monteith Simkins,Rachel,associated_with,qwen-plus,qwen,person,person,False,False,discovered_discovered,0.9,second_pass,6,second_pass_doc_07_chunk_0006,Her mother Rachel was an elementary school teacher who helped found the Columbia branch of the National Association for the Advancement of Colored People (NAACP),1.0,Modjeska Monteith Simkins | associated_with | Rachel,1,qwen_plus,1
qwen_plus,Modjeska Monteith Simkins and black female leadership  propriety  politics  place and periodization in the African American freedom struggle,NAACP Richland County Citizens Committee,Richland County Citizens Committee,associated_with,qwen-plus,qwen,organisation,organisation,False,False,discovered_discovered,0.9,second_pass,10,second_pass_doc_07_chunk_0010,NAACP Richland County Citizens Committee,0.0,NAACP Richland County Citizens Committee | associated_with | Richland County Citizens Committee,1,qwen_plus,1
qwen_plus,MorrisAnnRev1999CRM,A. Philip Randolph,National Association for the Advancement of Colored People,associated_with,qwen-plus,qwen,person,organisation,True,True,seed_seed,0.85,second_pass,6,second_pass_doc_08_chunk_0006,"Randolph, Black leaders, and organizers across America worked to build a Black nonviolent direct action movement... In the Brown case the NAACP won a major Supreme Court ruling...",0.0,A. Philip Randolph | associated_with | National Association for the Advancement of Colored People,1,qwen_plus,1
qwen_plus,MorrisAnnRev1999CRM,Diane Nash,Rosa Parks,associated_with,qwen-plus,qwen,person,person,True,True,seed_seed,0.85,second_pass,26,second_pass_doc_08_chunk_0026,"Parks' resistance and civil rights activity were not unlike those of countless Black women such as Ella Baker, Septima Clark, Fannie Lou Hamer, and Diane Nash",0.0,Diane Nash | associated_with | Rosa Parks,1,qwen_plus,1
qwen_plus,MorrisAnnRev1999CRM,Ella Baker,Rosa Parks,associated_with,qwen-plus,qwen,person,person,True,True,seed_seed,0.85,second_pass,26,second_pass_doc_08_chunk_0026,"Parks' resistance and civil rights activity were not unlike those of countless Black women such as Ella Baker, Septima Clark, Fannie Lou Hamer, and Diane Nash",0.0,Ella Baker | associated_with | Rosa Parks,1,qwen_plus,1
qwen_plus,MorrisAnnRev1999CRM,Fannie Lou Hamer,Rosa Parks,associated_with,qwen-plus,qwen,person,person,True,True,seed_seed,0.85,second_pass,26,second_pass_doc_08_chunk_0026,"Parks' resistance and civil rights activity were not unlike those of countless Black women such as Ella Baker, Septima Clark, Fannie Lou Hamer, and Diane Nash",0.0,Fannie Lou Hamer | associated_with | Rosa Parks,1,qwen_plus,1
qwen_plus,MorrisAnnRev1999CRM,Rosa Parks,Septima Clark,associated_with,qwen-plus,qwen,person,person,True,False,seed_discovered,0.85,second_pass,26,second_pass_doc_08_chunk_0026,"Parks' resistance and civil rights activity were not unlike those of countless Black women such as Ella Baker, Septima Clark, Fannie Lou Hamer, and Diane Nash",0.0,Rosa Parks | associated_with | Septima Clark,1,qwen_plus,1
qwen_plus,s41599-024-03182-3,Council of Federated Organizations,Freedom houses,associated_with,qwen-plus,qwen,organisation,campaign,False,False,discovered_discovered,0.85,second_pass,25,second_pass_doc_09_chunk_0025,These houses populated the Deep South communities in which SNCC and allied organizations such as COFO (Council of Federated Organizations) organized and worked,1.0,Council of Federated Organizations | associated_with | Freedom houses,1,qwen_plus,1
qwen_plus,s41599-024-03182-3,Freedom Rides,Student Nonviolent Coordinating Committee,associated_with,qwen-plus,qwen,event,organisation,True,True,seed_seed,0.8,second_pass,23,second_pass_doc_09_chunk_0023,"Freedom rides (Arsenault, 2006)",0.0,Freedom Rides | associated_with | Student Nonviolent Coordinating Committee,1,qwen_plus,1
qwen_plus,s41599-024-03182-3,Montgomery Bus Boycott,Student Nonviolent Coordinating Committee,associated_with,qwen-plus,qwen,event,organisation,True,True,seed_seed,0.7,second_pass,18,second_pass_doc_09_chunk_0018,WATS Reports [...] were the basis for news stories distributed to the press and Movement supporters around the country,0.0,Montgomery Bus Boycott | associated_with | Student Nonviolent Coordinating Committee,1,qwen_plus,1
qwen_plus,s41599-024-03182-3,Sojourner Truth,Sojourner Truth Motor Fleet,associated_with,qwen-plus,qwen,person,organisation,False,False,discovered_discovered,0.94,second_pass,21,second_pass_prompt_fix_doc_09_chunk_0021,SNCC invoked the name of Sojourner Truth when one notes that Black female activist Ruby Doris Smith Robinson established and shrewdly managed the car system,1.0,Sojourner Truth | associated_with | Sojourner Truth Motor Fleet,1,qwen_plus,1
qwen_plus,the-dark-and-sad-days-of-reconstruction-the-politics-of-memory-in-the-civil-rights-era,A. Philip Randolph,Brown v. Board of Education,associated_with,qwen-plus,qwen,person,law,True,False,seed_discovered,0.8,second_pass,12,second_pass_doc_11_chunk_0012,"For him, one relevant comparison was the view that the present-day attitude to civil rights, “like the one which set in during Reconstruction,” could result in the nullification of the Brown decision.",1.0,A. Philip Randolph | associated_with | Brown v. Board of Education,1,qwen_plus,1
qwen_plus,the-dark-and-sad-days-of-reconstruction-the-politics-of-memory-in-the-civil-rights-era,A. Philip Randolph,Reconstruction,associated_with,qwen-plus,qwen,person,event,True,False,seed_discovered,0.9,second_pass,13,second_pass_doc_11_chunk_0013,"A. Philip Randolph, “Freedom Is Not Free,” New York Age, May 24, 1958, 17, 30",1.0,A. Philip Randolph | associated_with | Reconstruction,1,qwen_plus,1
qwen_plus,A fight for racial equality in Florida,Southern Christian Leadership Conference,Tobias Simon,collaborated_with,qwen-plus,qwen,organisation,person,True,False,seed_discovered,0.8833333333333333,second_pass,17; 19; 20,second_pass_doc_01_chunk_0017; second_pass_doc_01_chunk_0019; second_pass_doc_01_chunk_0020,"In attracting lawyers like Kunstler and Alvin J. Bronstein to assist Simon, the SCLC campaign contributed noticeably to the education of a judge named Bryan Simpson || Simon told the judge that King himself graciously preferred Harris to simply recant his perjured testimony || Simpson called such conditions nothing less than ‘raw ugliness, studied and cynical brutality’. Accepting the pleas of Kunstler and Simon, the judge ordered bonds for the defendants.",0.6666666666666666,Southern Christian Leadership Conference | collaborated_with | Tobias Simon,1,qwen_plus,1
qwen_plus,Intergenerational movement memoirs and the emotional costs of activist commitment,Dave Dennis,Schwerner,collaborated_with,qwen-plus,qwen,person,person,False,False,discovered_discovered,0.95,second_pass,20,second_pass_doc_04_chunk_0020,"I remember my last words with Chaney, Goodman, and Schwerner, the day before they were killed in Neshoba County",1.0,Dave Dennis | collaborated_with | Schwerner,1,qwen_plus,1
qwen_plus,Intergenerational movement memoirs and the emotional costs of activist commitment,Jeanne Theoharis,Julian Bond,collaborated_with,qwen-plus,qwen,person,person,False,False,discovered_discovered,0.95,second_pass,6,second_pass_doc_04_chunk_0006,"Theoharis credits her mentor, SNCC’s Julian Bond, for encouraging her not to omit the emotional harm that Parks suffered",1.0,Jeanne Theoharis | collaborated_with | Julian Bond,1,qwen_plus,1
qwen_plus,M12_Frost,Ella Baker,Martin Luther King Jr.,collaborated_with,qwen-plus,qwen,person,person,True,True,seed_seed,0.95,second_pass,5,second_pass_doc_06_chunk_0005,"Martin didn’t make the movement, the movement made Martin.",1.0,Ella Baker | collaborated_with | Martin Luther King Jr.,1,qwen_plus,1
qwen_plus,MorrisAnnRev1999CRM,Bayard Rustin,Solidarity movement,collaborated_with,qwen-plus,qwen,person,movement,True,False,seed_discovered,0.9,second_pass,18,second_pass_doc_08_chunk_0018,"in the early days of the Solidarity movement in Poland, Bayard Rustin, a major tactician of the civil rights movement, was summoned to Poland to give a series of colloquia and speeches on how nonviolent direct action worked in the civil rights movement",0.0,Bayard Rustin | collaborated_with | Solidarity movement,1,qwen_plus,1
qwen_plus,MorrisAnnRev1999CRM,James Lawson,Martin Luther King Jr.,collaborated_with,qwen-plus,qwen,person,person,True,True,seed_seed,0.95,second_pass,12,second_pass_doc_08_chunk_0012,"As James Lawson put it, 'Any time King went to a movement, immediately the focus of the nation was on that community'",0.0,James Lawson | collaborated_with | Martin Luther King Jr.,1,qwen_plus,1
qwen_plus,s41599-024-03182-3,Ella Baker,Ruby Doris Smith Robinson,collaborated_with,qwen-plus,qwen,person,person,True,False,seed_discovered,0.9,second_pass,21,second_pass_doc_09_chunk_0021,Mentored by civil rights icon Ella Baker,1.0,Ella Baker | collaborated_with | Ruby Doris Smith Robinson,1,qwen_plus,1
qwen_plus,s41599-024-03182-3,National Association for the Advancement of Colored People,Southern Christian Leadership Conference,collaborated_with,qwen-plus,qwen,organisation,organisation,True,True,seed_seed,0.9,second_pass,10,second_pass_doc_09_chunk_0010,street naming proposals—most coming from local chapters of the NAACP (National Association for Advancement of Colored People) and SCLC (Southern Christian Leadership Conference) and various other Black-led community initiatives—have placed immense value in memorializing King as a metonym of the successes and sacriﬁces of the Movement.,1.0,National Association for the Advancement of Colored People | collaborated_with | Southern Christian Leadership Conference,1,qwen_plus,1
qwen_plus,A fight for racial equality in Florida,Reconstruction,St Augustine,connected_to,qwen-plus,qwen,movement,place,False,False,discovered_discovered,0.6,second_pass,18,second_pass_doc_01_chunk_0018,The justification for removal would be based on an 1866 law that the Radical Republicans had passed during Reconstruction.,0.0,Reconstruction | connected_to | St Augustine,1,qwen_plus,1
qwen_plus,A fight for racial equality in Florida,St Augustine,Civil Rights Act 1964,influenced_by,qwen-plus,qwen,place,law,False,False,discovered_discovered,0.9,second_pass,24,second_pass_doc_01_chunk_0024,"A key feature of the new law was its public accommodations section (Title II), which Congress debated in the shadow of the 'troubles' in St Augustine",0.0,St Augustine | influenced_by | Civil Rights Act 1964,1,qwen_plus,1
qwen_plus,JAS - MLK teaching UK schools,Martin Luther King Jr.,Bristol Bus Boycott,influenced_by,qwen-plus,qwen,person,event,True,False,seed_discovered,0.85,second_pass,33,second_pass_doc_05_chunk_0033,"she draws attention to concurrent but largely forgotten events in the UK that echoed King’s rhetoric and tactics, such as the 1963 Bristol Bus Boycott",0.0,Martin Luther King Jr. | influenced_by | Bristol Bus Boycott,1,qwen_plus,1
qwen_plus,MorrisAnnRev1999CRM,Civil Rights Movement,Intifadah Movement,influenced_by,qwen-plus,qwen,movement,movement,False,False,discovered_discovered,0.9,second_pass,18,second_pass_doc_08_chunk_0018,"Mubarak Awad, one of the central leaders of the Intifadah Movement on the West Bank, conveyed that they absorbed the lessons of America's nonviolent direct action civil rights movement",0.0,Civil Rights Movement | influenced_by | Intifadah Movement,1,qwen_plus,1
qwen_plus,MorrisAnnRev1999CRM,Civil Rights Movement,Solidarity movement,influenced_by,qwen-plus,qwen,movement,movement,False,False,discovered_discovered,0.9,second_pass,18,second_pass_doc_08_chunk_0018,"in the early days of the Solidarity movement in Poland, Bayard Rustin, a major tactician of the civil rights movement, was summoned to Poland to give a series of colloquia and speeches on how nonviolent direct action worked in the civil rights movement",0.0,Civil Rights Movement | influenced_by | Solidarity movement,1,qwen_plus,1
qwen_plus,MorrisAnnRev1999CRM,Mahatma Gandhi,Bayard Rustin,influenced_by,qwen-plus,qwen,person,person,False,True,seed_discovered,0.95,second_pass,17,second_pass_doc_08_chunk_0017,"some key leaders of the civil rights movement—James Farmer, Bayard Rustin, James Lawson and Glenn Smiley—had studied Gandhi's movement and became convinced that nonviolence could be used by African Americans.",0.0,Mahatma Gandhi | influenced_by | Bayard Rustin,1,qwen_plus,1
qwen_plus,MorrisAnnRev1999CRM,Mahatma Gandhi,James Lawson,influenced_by,qwen-plus,qwen,person,person,False,True,seed_discovered,0.95,second_pass,17,second_pass_doc_08_chunk_0017,"some key leaders of the civil rights movement—James Farmer, Bayard Rustin, James Lawson and Glenn Smiley—had studied Gandhi's movement and became convinced that nonviolence could be used by African Americans.",0.0,Mahatma Gandhi | influenced_by | James Lawson,1,qwen_plus,1
qwen_plus,MorrisAnnRev1999CRM,Mahatma Gandhi,Martin Luther King Jr.,influenced_by,qwen-plus,qwen,person,person,False,True,seed_discovered,0.95,second_pass,17; 18,second_pass_doc_08_chunk_0017; second_pass_doc_08_chunk_0018,Gandhi became a hero and a source of inspiration for Martin Luther King Jr. || my first encounter with the concept of nonviolence was in high school when I read about Martin Luther King Jr. and Mahatma Gandhi,1.0,Mahatma Gandhi | influenced_by | Martin Luther King Jr.,1,qwen_plus,1
qwen_plus,MorrisAnnRev1999CRM,Martin Luther King Jr.,Intifadah Movement,influenced_by,qwen-plus,qwen,person,movement,True,False,seed_discovered,0.95,second_pass,18,second_pass_doc_08_chunk_0018,"Mubarak Awad, one of the central leaders of the Intifadah Movement on the West Bank, conveyed that they absorbed the lessons of America's nonviolent direct action civil rights movement by acquiring films on the Black movement and Martin Luther King, and showing them on Jordanian television",0.0,Martin Luther King Jr. | influenced_by | Intifadah Movement,1,qwen_plus,1
qwen_plus,s41599-024-03182-3,Ruby Doris Smith Robinson,Sojourner Truth,influenced_by,qwen-plus,qwen,person,person,False,False,discovered_discovered,0.85,second_pass,21,second_pass_doc_09_chunk_0021,the naming of the Motor Fleet reflected the kinship that Ruby Doris Smith Robinson and other women activists in SNCC felt with the early feminist praxis of Sojourner Truth,0.0,Ruby Doris Smith Robinson | influenced_by | Sojourner Truth,1,qwen_plus,1
qwen_plus,s41599-024-03182-3,Sojourner Truth,Student Nonviolent Coordinating Committee,influenced_by,qwen-plus,qwen,person,organisation,False,True,seed_discovered,0.9,second_pass,19,second_pass_doc_09_chunk_0019,"SNCC’s transport company, the Sojourner Motor Fleet, was named after the prominent 19th century African American freedom fighter Sojourner Truth",0.0,Sojourner Truth | influenced_by | Student Nonviolent Coordinating Committee,1,qwen_plus,1
qwen_plus,the-dark-and-sad-days-of-reconstruction-the-politics-of-memory-in-the-civil-rights-era,A. Philip Randolph,Reconstruction,influenced_by,qwen-plus,qwen,person,movement,True,False,seed_discovered,0.85,second_pass,12,second_pass_doc_11_chunk_0012,"For him, one relevant comparison was the view that the present-day attitude to civil rights, “like the one which set in during Reconstruction,” could result in the nullification of the Brown decision.",1.0,A. Philip Randolph | influenced_by | Reconstruction,1,qwen_plus,1
qwen_plus,the-dark-and-sad-days-of-reconstruction-the-politics-of-memory-in-the-civil-rights-era,Martin Luther King Jr.,Reconstruction,influenced_by,qwen-plus,qwen,person,event,True,False,seed_discovered,0.85,second_pass,13,second_pass_doc_11_chunk_0013,"Martin Luther King Jr., the pre-eminent leader of the civil rights movement, “rarely discussed Reconstruction,” although King did note in a 1957 article that when “Reconstruction ruled,” Black people “had a brief period of eminence and political power.”",1.0,Martin Luther King Jr. | influenced_by | Reconstruction,1,qwen_plus,1
qwen_plus,A fight for racial equality in Florida,Tobias Simon,St Augustine,located_in,qwen-plus,qwen,person,place,False,False,discovered_discovered,0.9,second_pass,25,second_pass_doc_01_chunk_0025,"Congress debated in the shadow of the ‘troubles’ in St Augustine. ... By helping to make the law applicable to St Augustine, Bronstein earned the gratitude of the movement there.",0.0,Tobias Simon | located_in | St Augustine,1,qwen_plus,1
qwen_plus,Brian-Purnell_Freedom-North-Studies-the-Long-Civil-Rights-Movement-and-Twentieth-Century-Liberalism-in-American-Cities,Martin Luther King Jr.,Chicago,located_in,qwen-plus,qwen,person,place,True,False,seed_discovered,0.9,second_pass,9,second_pass_doc_02_chunk_0009,"Martin Luther King, Jr., tried to launch an open housing movement in Chicago and failed.",1.0,Martin Luther King Jr. | located_in | Chicago,1,qwen_plus,1
qwen_plus,Intergenerational movement memoirs and the emotional costs of activist commitment,Fannie Lou Hamer,Mennonite House,located_in,qwen-plus,qwen,person,organisation,True,False,seed_discovered,0.9,second_pass,8,second_pass_doc_04_chunk_0008,she spent time in the Mennonite House,1.0,Fannie Lou Hamer | located_in | Mennonite House,1,qwen_plus,1
qwen_plus,JAS - MLK teaching UK schools,Martin Luther King Jr.,Montgomery,located_in,qwen-plus,qwen,person,place,True,False,seed_discovered,0.9,second_pass,28,second_pass_doc_05_chunk_0028,"In Montgomery, as in many campaigns during the late 1950s and early 1960s, King’s image of respectability was consciously crafted",0.0,Martin Luther King Jr. | located_in | Montgomery,1,qwen_plus,1
qwen_plus,MorrisAnnRev1999CRM,Rosa Parks,"Montgomery, Alabama",located_in,qwen-plus,qwen,person,place,True,False,seed_discovered,0.9,second_pass,25,second_pass_doc_08_chunk_0025,"her refusal to give a white man her seat on a segregated bus sparked the Montgomery, Alabama bus boycott",0.0,"Rosa Parks | located_in | Montgomery, Alabama",1,qwen_plus,1
qwen_plus,s41599-024-03182-3,Student Nonviolent Coordinating Committee,"Albany, Georgia",located_in,qwen-plus,qwen,organisation,place,True,False,seed_discovered,0.85,second_pass,23,second_pass_doc_09_chunk_0023,"Freedom Alley in Albany, Georgia. Christened in 1961... where hundreds of arrested civil rights workers awaited booking",0.0,"Student Nonviolent Coordinating Committee | located_in | Albany, Georgia",1,qwen_plus,1
qwen_plus,A fight for racial equality in Florida,Southern Christian Leadership Conference,Martin Luther King Jr.,member_of,qwen-plus,qwen,organisation,person,True,True,seed_seed,0.95,second_pass,19,second_pass_doc_01_chunk_0019,Martin Luther King and 17 others jailed trying to integrate St Augustine restaurant (May 1964),0.0,Southern Christian Leadership Conference | member_of | Martin Luther King Jr.,1,qwen_plus,1
qwen_plus,Intergenerational movement memoirs and the emotional costs of activist commitment,Student Nonviolent Coordinating Committee,John Lewis,member_of,qwen-plus,qwen,organisation,person,True,True,seed_seed,0.95,second_pass,3,second_pass_doc_04_chunk_0003,SNCC's John Lewis,1.0,Student Nonviolent Coordinating Committee | member_of | John Lewis,1,qwen_plus,1
qwen_plus,s41599-024-03182-3,Ella Baker,Student Nonviolent Coordinating Committee,member_of,qwen-plus,qwen,person,organisation,True,True,seed_seed,0.95,second_pass,22,second_pass_doc_09_chunk_0022,"unlike other more male-dominated civil rights organizations at the time, women played a key role in SNCC’s founding and operation",0.0,Ella Baker | member_of | Student Nonviolent Coordinating Committee,1,qwen_plus,1
qwen_plus,s41599-024-03182-3,Freedom houses,Student Nonviolent Coordinating Committee,member_of,qwen-plus,qwen,campaign,organisation,False,True,seed_discovered,0.85,second_pass,27,second_pass_doc_09_chunk_0027,Freedom houses were indicative of the new kind of place that SNCC wished to create,1.0,Freedom houses | member_of | Student Nonviolent Coordinating Committee,1,qwen_plus,1
qwen_plus,A fight for racial equality in Florida,Florida,National Association for the Advancement of Colored People,opposed_to,qwen-plus,qwen,place,organisation,False,True,seed_discovered,0.95,second_pass,3,second_pass_doc_01_chunk_0003,"Tallahassee yearned to acquire the membership lists of the National Association for the Advancement of Colored People (NAACP). The state’s transparent purpose was to weaken, if not destroy, a civil rights organization that the legislature deemed ‘subversive’.",1.0,Florida | opposed_to | National Association for the Advancement of Colored People,1,qwen_plus,1
qwen_plus,Brian-Purnell_Freedom-North-Studies-the-Long-Civil-Rights-Movement-and-Twentieth-Century-Liberalism-in-American-Cities,Bayard Rustin,Black Power Movement,opposed_to,qwen-plus,qwen,person,movement,True,False,seed_discovered,0.95,second_pass,10,second_pass_doc_02_chunk_0010,a fierce critic of Black Power and Black Nationalism,1.0,Bayard Rustin | opposed_to | Black Power Movement,1,qwen_plus,1
qwen_plus,JAS - MLK teaching UK schools,Martin Luther King Jr.,Black Panther Party,opposed_to,qwen-plus,qwen,person,organisation,True,False,seed_discovered,0.9,second_pass,23,second_pass_doc_05_chunk_0023,"some, including the Black Panther Party, doubted the effectiveness of King’s nonviolent philosophy",0.0,Martin Luther King Jr. | opposed_to | Black Panther Party,1,qwen_plus,1
qwen_plus,JAS - MLK teaching UK schools,Martin Luther King Jr.,Black Power,opposed_to,qwen-plus,qwen,person,movement,True,False,seed_discovered,0.85,second_pass,24,second_pass_doc_05_chunk_0024,often works to cast King as the “moderate” voice – simultaneously downplaying his radicalism and relegating black power to a reactionary and damaging deterioration of the “true” movement,0.0,Martin Luther King Jr. | opposed_to | Black Power,1,qwen_plus,1
qwen_plus,JAS - MLK teaching UK schools,Martin Luther King Jr.,Malcolm X,opposed_to,qwen-plus,qwen,person,person,True,True,seed_seed,0.8,second_pass,29,second_pass_doc_05_chunk_0029,"Nowhere is this more evident than in the representation of Malcolm X, whose major role in the development of African American political thought and protest usually serves only to highlight King’s putative moderation",1.0,Martin Luther King Jr. | opposed_to | Malcolm X,1,qwen_plus,1
qwen_plus,MorrisAnnRev1999CRM,A. Philip Randolph,Jim Crow regime,opposed_to,qwen-plus,qwen,person,campaign,True,False,seed_discovered,0.9,second_pass,5,second_pass_doc_08_chunk_0005,anization organized specifically to attack the Jim Crow regime and racial inequality.,1.0,A. Philip Randolph | opposed_to | Jim Crow regime,1,qwen_plus,1
qwen_plus,s41599-024-03182-3,Freedom houses,Jim Crow regime,opposed_to,qwen-plus,qwen,campaign,campaign,False,False,discovered_discovered,0.97,second_pass,26,second_pass_doc_09_chunk_0026,owners of Freedom houses practiced the long-standing tradition of Black self-defense in the face of Jim Crow,1.0,Freedom houses | opposed_to | Jim Crow regime,1,qwen_plus,1
qwen_plus,s41599-024-03182-3,Student Nonviolent Coordinating Committee,Jim Crow regime,opposed_to,qwen-plus,qwen,organisation,campaign,True,False,seed_discovered,0.96,second_pass,20,second_pass_doc_09_chunk_0020,it was also a source of anxiety and inequality given the violence and discrimination encountered on Jim Crow roads,1.0,Student Nonviolent Coordinating Committee | opposed_to | Jim Crow regime,1,qwen_plus,1
qwen_plus,s41599-024-03182-3,WATS Reports,Ku Klux Klan,opposed_to,qwen-plus,qwen,publication,organisation,False,False,discovered_discovered,0.9,second_pass,18,second_pass_doc_09_chunk_0018,quickly receiving and getting word out about mobilization centers under attack by Klan nightriders,1.0,WATS Reports | opposed_to | Ku Klux Klan,1,qwen_plus,1
qwen_plus,Brian-Purnell_Freedom-North-Studies-the-Long-Civil-Rights-Movement-and-Twentieth-Century-Liberalism-in-American-Cities,Bayard Rustin,Freedom Budget for All Americans,organised,qwen-plus,qwen,person,campaign,True,False,seed_discovered,0.95,second_pass,10,second_pass_doc_02_chunk_0010,Rustin championed a Freedom Budget for All Americans in October 1966,0.0,Bayard Rustin | organised | Freedom Budget for All Americans,1,qwen_plus,1
qwen_plus,Hughes,Martin Luther King Jr.,Beyond Vietnam,organised,qwen-plus,qwen,person,publication,True,False,seed_discovered,0.85,second_pass,16,second_pass_doc_03_chunk_0016,"King’s speech about Vietnam (Box 3, Source 2)",1.0,Martin Luther King Jr. | organised | Beyond Vietnam,1,qwen_plus,1
qwen_plus,Hughes,Student Nonviolent Coordinating Committee,lunch counter sit-ins,organised,qwen-plus,qwen,organisation,campaign,True,False,seed_discovered,0.95,second_pass,14,second_pass_doc_03_chunk_0014,Student Nonviolent Coordinating Committee and lunch counter sit-ins,1.0,Student Nonviolent Coordinating Committee | organised | lunch counter sit-ins,1,qwen_plus,1
qwen_plus,Intergenerational movement memoirs and the emotional costs of activist commitment,Congress of Racial Equality,Freedom Rides,organised,qwen-plus,qwen,organisation,event,True,True,seed_seed,0.95,second_pass,3,second_pass_doc_04_chunk_0003,Congress of Racial Equality's (CORE) David Dennis,0.0,Congress of Racial Equality | organised | Freedom Rides,1,qwen_plus,1
qwen_plus,Intergenerational movement memoirs and the emotional costs of activist commitment,Len Holt,Freedom Rides,organised,qwen-plus,qwen,person,event,False,True,seed_discovered,0.9,second_pass,9,second_pass_doc_04_chunk_0009,"Preparing groups intent on challenging the patchy desegregation of interstate travel, movement lawyer Len Holt warned",0.0,Len Holt | organised | Freedom Rides,1,qwen_plus,1
qwen_plus,JAS - MLK teaching UK schools,Martin Luther King Jr.,Poor People's Campaign,organised,qwen-plus,qwen,person,campaign,True,False,seed_discovered,0.95,second_pass,24,second_pass_doc_05_chunk_0024,"Sylvie Laurent, King and the Other America: The Poor People’s Campaign and the Quest for Economic Equality",1.0,Martin Luther King Jr. | organised | Poor People's Campaign,1,qwen_plus,1
qwen_plus,MorrisAnnRev1999CRM,Brown v. Board of Education,National Association for the Advancement of Colored People,organised,qwen-plus,qwen,law,organisation,False,True,seed_discovered,0.95,second_pass,6,second_pass_doc_08_chunk_0006,In the Brown case the NAACP won a major Supreme Court ruling that declared racially segregated schools unconstitutional.,0.0,Brown v. Board of Education | organised | National Association for the Advancement of Colored People,1,qwen_plus,1
qwen_plus,MorrisAnnRev1999CRM,Civil Rights Movement,sit-in movement,organised,qwen-plus,qwen,movement,campaign,False,False,discovered_discovered,0.95,second_pass,22,second_pass_doc_08_chunk_0022,"the widespread use and development of nonviolent direct action tactics is one of the crowning achievements of the civil rights movement... especially the sit-in, which the civil rights movement utilized and made famous",0.0,Civil Rights Movement | organised | sit-in movement,1,qwen_plus,1
qwen_plus,MorrisAnnRev1999CRM,Montgomery Bus Boycott,Montgomery Improvement Association,organised,qwen-plus,qwen,event,organisation,True,False,seed_discovered,0.95,second_pass,11,second_pass_doc_08_chunk_0011,"Out of Montgomery came the Montgomery Improvement Association (MIA), the first highly visible social movement organization (SMO) of direct action protests.",0.0,Montgomery Bus Boycott | organised | Montgomery Improvement Association,1,qwen_plus,1
qwen_plus,MorrisAnnRev1999CRM,sit-in movement,Student Nonviolent Coordinating Committee,organised,qwen-plus,qwen,movement,organisation,False,True,seed_discovered,0.95,second_pass,12,second_pass_doc_08_chunk_0012,The sit-in tactic was innovative because other tactics spun off of it... The sit-in movement was also critical because it led to the formation of the Student Nonviolent Coordination Committee (SNCC),0.0,sit-in movement | organised | Student Nonviolent Coordinating Committee,1,qwen_plus,1
qwen_plus,s41599-024-03182-3,Freedom houses,Student Nonviolent Coordinating Committee,organised,qwen-plus,qwen,campaign,organisation,False,True,seed_discovered,0.95,second_pass,27,second_pass_doc_09_chunk_0027,Freedom houses were indicative of the new kind of place that SNCC wished to create,1.0,Freedom houses | organised | Student Nonviolent Coordinating Committee,1,qwen_plus,1
qwen_plus,s41599-024-03182-3,Sojourner Truth Motor Fleet,Student Nonviolent Coordinating Committee,organised,qwen-plus,qwen,organisation,organisation,False,True,seed_discovered,0.95,second_pass,21,second_pass_prompt_fix_doc_09_chunk_0021,SNCC staff carried out highly meaningful and sometimes violently contested movements for the sake of causes such as voter education and registration. The motor fleet’s name is part the wider assemblage of people and movements it marked and empowered.,0.0,Sojourner Truth Motor Fleet | organised | Student Nonviolent Coordinating Committee,1,qwen_plus,1
qwen_plus,s41599-024-03182-3,Student Nonviolent Coordinating Committee,Mississippi Freedom Summer,organised,qwen-plus,qwen,organisation,campaign,True,False,seed_discovered,0.9,second_pass,16; 17,second_pass_doc_09_chunk_0016; second_pass_doc_09_chunk_0017,Forman set up and staffed a WATS line in 1963 as part of the lead up to the 1964 Mississippi Freedom Summer || Mississippi Freedom Summer. Wide Area Telephone Service (WATS) lines allowed organizations to make unlimited long-distance calls for a flat monthly fee. Civil rights workers in the field used the WATS line...,0.5,Student Nonviolent Coordinating Committee | organised | Mississippi Freedom Summer,1,qwen_plus,1
qwen_plus,s41599-024-03182-3,WATS Reports,Student Nonviolent Coordinating Committee,organised,qwen-plus,qwen,publication,organisation,False,True,seed_discovered,0.95,second_pass,18,second_pass_doc_09_chunk_0018,"WATS Reports, which summarized racist incidents and antiracist protests reported by SNCC at all hours of the day",1.0,WATS Reports | organised | Student Nonviolent Coordinating Committee,1,qwen_plus,1
qwen_plus,M12_Frost,Montgomery Bus Boycott,Civil Rights Movement,participated_in,qwen-plus,qwen,event,movement,True,False,seed_discovered,0.95,second_pass,2,second_pass_doc_06_chunk_0002,"in form of sit-ins, bus boycotts, and freedom rides",1.0,Montgomery Bus Boycott | participated_in | Civil Rights Movement,1,qwen_plus,2
qwen_plus,s41599-024-03182-3,Montgomery Bus Boycott,Civil Rights Movement,participated_in,qwen-plus,qwen,event,movement,True,False,seed_discovered,0.95,second_pass,19,second_pass_doc_09_chunk_0019,marks for a larger portion of the public the formal beginning of the Civil Rights Movement,1.0,Montgomery Bus Boycott | participated_in | Civil Rights Movement,1,qwen_plus,2
qwen_plus,A fight for racial equality in Florida,Alvin J. Bronstein,Civil Rights Act 1964,participated_in,qwen-plus,qwen,person,law,False,False,discovered_discovered,0.9,second_pass,22,second_pass_doc_01_chunk_0022,The Civil Rights Act promised a breakout from confinement within the black community and offered the vision of equality.,1.0,Alvin J. Bronstein | participated_in | Civil Rights Act 1964,1,qwen_plus,1
qwen_plus,A fight for racial equality in Florida,Alvin J. Bronstein,Freedom Rides,participated_in,qwen-plus,qwen,person,event,False,True,seed_discovered,0.95,second_pass,23,second_pass_doc_01_chunk_0023,"In 1961, when some of the Brooklyn members were arrested as Freedom Riders, Bronstein went to Mississippi to defend them",1.0,Alvin J. Bronstein | participated_in | Freedom Rides,1,qwen_plus,1
qwen_plus,A fight for racial equality in Florida,Andrew Young,St Augustine,participated_in,qwen-plus,qwen,person,place,True,False,seed_discovered,0.95,second_pass,24,second_pass_doc_01_chunk_0024,a waitress had poured hot coffee on a biracial group that included Reverend Andrew Young of the SCLC,1.0,Andrew Young | participated_in | St Augustine,1,qwen_plus,1
qwen_plus,A fight for racial equality in Florida,St Augustine,Civil Rights Movement,participated_in,qwen-plus,qwen,place,movement,False,False,discovered_discovered,0.95,second_pass,24,second_pass_doc_01_chunk_0024,the 'troubles' in St Augustine,0.0,St Augustine | participated_in | Civil Rights Movement,1,qwen_plus,1
qwen_plus,A fight for racial equality in Florida,St Augustine,Southern Christian Leadership Conference,participated_in,qwen-plus,qwen,place,organisation,False,True,seed_discovered,0.7,second_pass,18,second_pass_doc_01_chunk_0018,"The transformation of Simpson’s sympathies did not occur immediately, however. Judge Charles Mathis, Jr of St Augustine enforced local ordinances by imposing high bail and heavy fines on the demonstrators, and thus backed up Sheriff Davis’s harassment.",1.0,St Augustine | participated_in | Southern Christian Leadership Conference,1,qwen_plus,1
qwen_plus,A fight for racial equality in Florida,Tobias Simon,Freedom Rides,participated_in,qwen-plus,qwen,person,event,False,True,seed_discovered,0.85,second_pass,12,second_pass_doc_01_chunk_0012,Simon and two other Miami attorneys assisted Rachlin.,1.0,Tobias Simon | participated_in | Freedom Rides,1,qwen_plus,1
qwen_plus,Brian-Purnell_Freedom-North-Studies-the-Long-Civil-Rights-Movement-and-Twentieth-Century-Liberalism-in-American-Cities,Bayard Rustin,New York City school strikes,participated_in,qwen-plus,qwen,person,event,True,False,seed_discovered,0.9,second_pass,10,second_pass_doc_02_chunk_0010,"During the New York City school strikes of the late 1960s, Rustin’s steadfast belief in strong labor unions put him on the side of the mostly white United Federation of Teachers",1.0,Bayard Rustin | participated_in | New York City school strikes,1,qwen_plus,1
qwen_plus,Hughes,Brown v. Board of Education,Civil Rights Movement,participated_in,qwen-plus,qwen,law,movement,False,False,discovered_discovered,0.95,second_pass,16,second_pass_doc_03_chunk_0016,"The Brown v. Board of Education US Supreme Court case was depicted in 11 images, with multiple students also selecting images of King, Rosa Parks, the Little Rock Nine, the Freedom Rides and the Civil Rights Act 1964.",1.0,Brown v. Board of Education | participated_in | Civil Rights Movement,1,qwen_plus,1
qwen_plus,Hughes,Civil Rights Act 1964,Civil Rights Movement,participated_in,qwen-plus,qwen,law,movement,False,False,discovered_discovered,0.95,second_pass,16,second_pass_doc_03_chunk_0016,"The Brown v. Board of Education US Supreme Court case was depicted in 11 images, with multiple students also selecting images of King, Rosa Parks, the Little Rock Nine, the Freedom Rides and the Civil Rights Act 1964.",1.0,Civil Rights Act 1964 | participated_in | Civil Rights Movement,1,qwen_plus,1
qwen_plus,Hughes,Rosa Parks,Civil Rights Movement,participated_in,qwen-plus,qwen,person,movement,True,False,seed_discovered,0.95,second_pass,14; 16,second_pass_doc_03_chunk_0014; second_pass_doc_03_chunk_0016,"10 of the narratives included various images of Rosa Parks || The Brown v. Board of Education US Supreme Court case was depicted in 11 images, with multiple students also selecting images of King, Rosa Parks, the Little Rock Nine, the Freedom Rides and the Civil Rights Act 1964.",1.0,Rosa Parks | participated_in | Civil Rights Movement,1,qwen_plus,1
qwen_plus,Intergenerational movement memoirs and the emotional costs of activist commitment,Dave Dennis,James Chaney,participated_in,qwen-plus,qwen,person,person,False,False,discovered_discovered,0.95,second_pass,21,second_pass_doc_04_chunk_0021,I hadn’t even considered if Medgar or James screamed for their mommas.,1.0,Dave Dennis | participated_in | James Chaney,1,qwen_plus,1
qwen_plus,Intergenerational movement memoirs and the emotional costs of activist commitment,Dave Dennis,Medgar Evers,participated_in,qwen-plus,qwen,person,person,False,True,seed_discovered,0.95,second_pass,21,second_pass_doc_04_chunk_0021,I hadn’t even considered if Medgar or James screamed for their mommas.,1.0,Dave Dennis | participated_in | Medgar Evers,1,qwen_plus,1
qwen_plus,Intergenerational movement memoirs and the emotional costs of activist commitment,James Chaney,Freedom Rides,participated_in,qwen-plus,qwen,person,event,False,True,seed_discovered,0.9,second_pass,10,second_pass_doc_04_chunk_0010,"Seth Cagin and Philip Dray, We Are Not Afraid: The Story of Goodman, Schwerner and Chaney",1.0,James Chaney | participated_in | Freedom Rides,1,qwen_plus,1
qwen_plus,Intergenerational movement memoirs and the emotional costs of activist commitment,Schwerner,Freedom Rides,participated_in,qwen-plus,qwen,person,event,False,True,seed_discovered,0.9,second_pass,10,second_pass_doc_04_chunk_0010,"Seth Cagin and Philip Dray, We Are Not Afraid: The Story of Goodman, Schwerner and Chaney",1.0,Schwerner | participated_in | Freedom Rides,1,qwen_plus,1
qwen_plus,JAS - MLK teaching UK schools,Martin Luther King Jr.,Montgomery Bus Boycott,participated_in,qwen-plus,qwen,person,event,True,True,seed_seed,0.95,second_pass,41,second_pass_doc_05_chunk_0041,"connections between the Montgomery bus boycott, the March on Washington and the Bristol bus boycott",1.0,Martin Luther King Jr. | participated_in | Montgomery Bus Boycott,1,qwen_plus,1
qwen_plus,JAS - MLK teaching UK schools,Martin Luther King Jr.,Watts,participated_in,qwen-plus,qwen,person,place,True,False,seed_discovered,0.8,second_pass,24,second_pass_doc_05_chunk_0024,What was the impact of Watts upon Martin Luther King?,1.0,Martin Luther King Jr. | participated_in | Watts,1,qwen_plus,1
qwen_plus,M12_Frost,sit-in movement,Civil Rights Movement,participated_in,qwen-plus,qwen,campaign,movement,False,False,discovered_discovered,0.95,second_pass,2,second_pass_doc_06_chunk_0002,"in form of sit-ins, bus boycotts, and freedom rides",1.0,sit-in movement | participated_in | Civil Rights Movement,1,qwen_plus,1
qwen_plus,MorrisAnnRev1999CRM,"Albany, Georgia",Southern Christian Leadership Conference,participated_in,qwen-plus,qwen,place,organisation,False,True,seed_discovered,0.9,second_pass,22,second_pass_doc_08_chunk_0022,"Albany, Georgia in 1962 when the movement failed to reach its goals because of the conflict between SCLC and SNCC",1.0,"Albany, Georgia | participated_in | Southern Christian Leadership Conference",1,qwen_plus,1
qwen_plus,MorrisAnnRev1999CRM,"Albany, Georgia",Student Nonviolent Coordinating Committee,participated_in,qwen-plus,qwen,place,organisation,False,True,seed_discovered,0.9,second_pass,22,second_pass_doc_08_chunk_0022,"Albany, Georgia in 1962 when the movement failed to reach its goals because of the conflict between SCLC and SNCC",1.0,"Albany, Georgia | participated_in | Student Nonviolent Coordinating Committee",1,qwen_plus,1
qwen_plus,MorrisAnnRev1999CRM,Diane Nash,Montgomery Bus Boycott,participated_in,qwen-plus,qwen,person,event,True,True,seed_seed,0.8,second_pass,26,second_pass_doc_08_chunk_0026,"Parks' resistance and civil rights activity were not unlike those of countless Black women such as Ella Baker, Septima Clark, Fannie Lou Hamer, and Diane Nash",0.0,Diane Nash | participated_in | Montgomery Bus Boycott,1,qwen_plus,1
qwen_plus,MorrisAnnRev1999CRM,Ella Baker,Montgomery Bus Boycott,participated_in,qwen-plus,qwen,person,event,True,True,seed_seed,0.8,second_pass,26,second_pass_doc_08_chunk_0026,"Parks' resistance and civil rights activity were not unlike those of countless Black women such as Ella Baker, Septima Clark, Fannie Lou Hamer, and Diane Nash",0.0,Ella Baker | participated_in | Montgomery Bus Boycott,1,qwen_plus,1
qwen_plus,MorrisAnnRev1999CRM,Fannie Lou Hamer,Civil Rights Movement,participated_in,qwen-plus,qwen,person,movement,True,False,seed_discovered,0.85,second_pass,25,second_pass_doc_08_chunk_0025,"Parks' resistance and civil rights activity were not unlike those of countless Black women such as Ella Baker, Septima Clark, Fannie Lou Hamer",0.0,Fannie Lou Hamer | participated_in | Civil Rights Movement,1,qwen_plus,1
qwen_plus,MorrisAnnRev1999CRM,Fannie Lou Hamer,Montgomery Bus Boycott,participated_in,qwen-plus,qwen,person,event,True,True,seed_seed,0.8,second_pass,26,second_pass_doc_08_chunk_0026,"Parks' resistance and civil rights activity were not unlike those of countless Black women such as Ella Baker, Septima Clark, Fannie Lou Hamer, and Diane Nash",0.0,Fannie Lou Hamer | participated_in | Montgomery Bus Boycott,1,qwen_plus,1
qwen_plus,MorrisAnnRev1999CRM,James Lawson,Civil Rights Movement,participated_in,qwen-plus,qwen,person,movement,True,False,seed_discovered,0.9,second_pass,14,second_pass_doc_08_chunk_0014,"James Lawson captured it best when he concluded, 'Many people, when they are suffering and they see their people suffering, they want direct participation...'",0.0,James Lawson | participated_in | Civil Rights Movement,1,qwen_plus,1
qwen_plus,MorrisAnnRev1999CRM,Montgomery Bus Boycott,Martin Luther King Jr.,participated_in,qwen-plus,qwen,event,person,True,True,seed_seed,0.97,second_pass,11,second_pass_doc_08_chunk_0011,"A young Black minister, Martin Luther King, Jr., who came to personify the role of charismatic leader, was chosen to lead the movement.",1.0,Montgomery Bus Boycott | participated_in | Martin Luther King Jr.,1,qwen_plus,1
qwen_plus,MorrisAnnRev1999CRM,Septima Clark,Montgomery Bus Boycott,participated_in,qwen-plus,qwen,person,event,False,True,seed_discovered,0.8,second_pass,26,second_pass_doc_08_chunk_0026,"Parks' resistance and civil rights activity were not unlike those of countless Black women such as Ella Baker, Septima Clark, Fannie Lou Hamer, and Diane Nash",0.0,Septima Clark | participated_in | Montgomery Bus Boycott,1,qwen_plus,1
qwen_plus,MorrisAnnRev1999CRM,sit-in movement,lunch counter sit-ins,participated_in,qwen-plus,qwen,movement,event,False,False,discovered_discovered,0.97,second_pass,12,second_pass_doc_08_chunk_0012,The 1960 student sit-ins at segregated lunch counters were especially important because within a month these protests had become a mass movement,0.0,sit-in movement | participated_in | lunch counter sit-ins,1,qwen_plus,1
qwen_plus,s41599-024-03182-3,Freedom houses,Freedom Summer,participated_in,qwen-plus,qwen,campaign,event,False,False,discovered_discovered,0.9,second_pass,25,second_pass_doc_09_chunk_0025,"over the span of 10 weeks during the Freedom Summer of 1964, approximately seventy homes and community centers were bombed—including some Freedom houses—",1.0,Freedom houses | participated_in | Freedom Summer,1,qwen_plus,1
qwen_plus,s41599-024-03182-3,Student Nonviolent Coordinating Committee,lunch counter sit-ins,participated_in,qwen-plus,qwen,organisation,campaign,True,False,seed_discovered,0.95,second_pass,13,second_pass_doc_09_chunk_0013,its early involvement in student sit-ins and freedom rides,1.0,Student Nonviolent Coordinating Committee | participated_in | lunch counter sit-ins,1,qwen_plus,1
